Analysis & Synthesis report for cpu
Wed Jul  8 09:17:00 2026
Quartus Prime Version 25.1std.0 Build 1129 10/21/2025 SC Lite Edition


---------------------
; Table of Contents ;
---------------------
  1. Legal Notice
  2. Analysis & Synthesis Summary
  3. Analysis & Synthesis Settings
  4. Parallel Compilation
  5. Analysis & Synthesis Source Files Read
  6. Analysis & Synthesis Resource Usage Summary
  7. Analysis & Synthesis Resource Utilization by Entity
  8. Analysis & Synthesis RAM Summary
  9. Analysis & Synthesis IP Cores Summary
 10. Registers Removed During Synthesis
 11. General Register Statistics
 12. Inverted Register Statistics
 13. Multiplexer Restructuring Statistics (Restructuring Performed)
 14. Source assignments for sld_signaltap:auto_signaltap_0
 15. Parameter Settings for Inferred Entity Instance: sld_signaltap:auto_signaltap_0
 16. Port Connectivity Checks: "DataMemory:DM"
 17. Signal Tap Logic Analyzer Settings
 18. Post-Synthesis Netlist Statistics for Top Partition
 19. Elapsed Time Per Partition
 20. Connections to In-System Debugging Instance "auto_signaltap_0"
 21. Analysis & Synthesis Messages



----------------
; Legal Notice ;
----------------
Copyright (C) 2025  Altera Corporation. All rights reserved.
Your use of Altera Corporation's design tools, logic functions 
and other software and tools, and any partner logic 
functions, and any output files from any of the foregoing 
(including device programming or simulation files), and any 
associated documentation or information are expressly subject 
to the terms and conditions of the Altera Program License 
Subscription Agreement, the Altera Quartus Prime License Agreement,
the Altera IP License Agreement, or other applicable license
agreement, including, without limitation, that your use is for
the sole purpose of programming logic devices manufactured by
Altera and sold by Altera or its authorized distributors.  Please
refer to the Altera Software License Subscription Agreements 
on the Quartus Prime software download page.



+-----------------------------------------------------------------------------------+
; Analysis & Synthesis Summary                                                      ;
+---------------------------------+-------------------------------------------------+
; Analysis & Synthesis Status     ; Successful - Wed Jul  8 09:17:00 2026           ;
; Quartus Prime Version           ; 25.1std.0 Build 1129 10/21/2025 SC Lite Edition ;
; Revision Name                   ; cpu                                             ;
; Top-level Entity Name           ; CPU                                             ;
; Family                          ; Cyclone V                                       ;
; Logic utilization (in ALMs)     ; N/A                                             ;
; Total registers                 ; 6283                                            ;
; Total pins                      ; 45                                              ;
; Total virtual pins              ; 0                                               ;
; Total block memory bits         ; 4,736                                           ;
; Total DSP Blocks                ; 0                                               ;
; Total HSSI RX PCSs              ; 0                                               ;
; Total HSSI PMA RX Deserializers ; 0                                               ;
; Total HSSI TX PCSs              ; 0                                               ;
; Total HSSI PMA TX Serializers   ; 0                                               ;
; Total PLLs                      ; 0                                               ;
; Total DLLs                      ; 0                                               ;
+---------------------------------+-------------------------------------------------+


+---------------------------------------------------------------------------------------------------------------------------+
; Analysis & Synthesis Settings                                                                                             ;
+---------------------------------------------------------------------------------+--------------------+--------------------+
; Option                                                                          ; Setting            ; Default Value      ;
+---------------------------------------------------------------------------------+--------------------+--------------------+
; Device                                                                          ; 5CSEMA5F31C6       ;                    ;
; Top-level entity name                                                           ; cpu                ; cpu                ;
; Family name                                                                     ; Cyclone V          ; Cyclone V          ;
; VHDL Show LMF Mapping Messages                                                  ; Off                ;                    ;
; VHDL Version                                                                    ; VHDL_2008          ; VHDL_1993          ;
; Use smart compilation                                                           ; Off                ; Off                ;
; Enable parallel Assembler and Timing Analyzer during compilation                ; On                 ; On                 ;
; Enable compact report table                                                     ; Off                ; Off                ;
; Restructure Multiplexers                                                        ; Auto               ; Auto               ;
; MLAB Add Timing Constraints For Mixed-Port Feed-Through Mode Setting Don't Care ; Off                ; Off                ;
; Create Debugging Nodes for IP Cores                                             ; Off                ; Off                ;
; Preserve fewer node names                                                       ; On                 ; On                 ;
; Intel FPGA IP Evaluation Mode                                                   ; Enable             ; Enable             ;
; Verilog Version                                                                 ; Verilog_2001       ; Verilog_2001       ;
; State Machine Processing                                                        ; Auto               ; Auto               ;
; Safe State Machine                                                              ; Off                ; Off                ;
; Extract Verilog State Machines                                                  ; On                 ; On                 ;
; Extract VHDL State Machines                                                     ; On                 ; On                 ;
; Ignore Verilog initial constructs                                               ; Off                ; Off                ;
; Iteration limit for constant Verilog loops                                      ; 5000               ; 5000               ;
; Iteration limit for non-constant Verilog loops                                  ; 250                ; 250                ;
; Add Pass-Through Logic to Inferred RAMs                                         ; On                 ; On                 ;
; Infer RAMs from Raw Logic                                                       ; On                 ; On                 ;
; Parallel Synthesis                                                              ; On                 ; On                 ;
; DSP Block Balancing                                                             ; Auto               ; Auto               ;
; NOT Gate Push-Back                                                              ; On                 ; On                 ;
; Power-Up Don't Care                                                             ; On                 ; On                 ;
; Remove Redundant Logic Cells                                                    ; Off                ; Off                ;
; Remove Duplicate Registers                                                      ; On                 ; On                 ;
; Ignore CARRY Buffers                                                            ; Off                ; Off                ;
; Ignore CASCADE Buffers                                                          ; Off                ; Off                ;
; Ignore GLOBAL Buffers                                                           ; Off                ; Off                ;
; Ignore ROW GLOBAL Buffers                                                       ; Off                ; Off                ;
; Ignore LCELL Buffers                                                            ; Off                ; Off                ;
; Ignore SOFT Buffers                                                             ; On                 ; On                 ;
; Limit AHDL Integers to 32 Bits                                                  ; Off                ; Off                ;
; Optimization Technique                                                          ; Balanced           ; Balanced           ;
; Carry Chain Length                                                              ; 70                 ; 70                 ;
; Auto Carry Chains                                                               ; On                 ; On                 ;
; Auto Open-Drain Pins                                                            ; On                 ; On                 ;
; Perform WYSIWYG Primitive Resynthesis                                           ; Off                ; Off                ;
; Auto ROM Replacement                                                            ; On                 ; On                 ;
; Auto RAM Replacement                                                            ; On                 ; On                 ;
; Auto DSP Block Replacement                                                      ; On                 ; On                 ;
; Auto Shift Register Replacement                                                 ; Auto               ; Auto               ;
; Allow Shift Register Merging across Hierarchies                                 ; Auto               ; Auto               ;
; Auto Clock Enable Replacement                                                   ; On                 ; On                 ;
; Strict RAM Replacement                                                          ; Off                ; Off                ;
; Allow Synchronous Control Signals                                               ; On                 ; On                 ;
; Force Use of Synchronous Clear Signals                                          ; Off                ; Off                ;
; Auto Resource Sharing                                                           ; Off                ; Off                ;
; Allow Any RAM Size For Recognition                                              ; Off                ; Off                ;
; Allow Any ROM Size For Recognition                                              ; Off                ; Off                ;
; Allow Any Shift Register Size For Recognition                                   ; Off                ; Off                ;
; Use LogicLock Constraints during Resource Balancing                             ; On                 ; On                 ;
; Ignore translate_off and synthesis_off directives                               ; Off                ; Off                ;
; Timing-Driven Synthesis                                                         ; On                 ; On                 ;
; Report Parameter Settings                                                       ; On                 ; On                 ;
; Report Source Assignments                                                       ; On                 ; On                 ;
; Report Connectivity Checks                                                      ; On                 ; On                 ;
; Ignore Maximum Fan-Out Assignments                                              ; Off                ; Off                ;
; Synchronization Register Chain Length                                           ; 3                  ; 3                  ;
; Power Optimization During Synthesis                                             ; Normal compilation ; Normal compilation ;
; HDL message level                                                               ; Level2             ; Level2             ;
; Suppress Register Optimization Related Messages                                 ; Off                ; Off                ;
; Number of Removed Registers Reported in Synthesis Report                        ; 5000               ; 5000               ;
; Number of Swept Nodes Reported in Synthesis Report                              ; 5000               ; 5000               ;
; Number of Inverted Registers Reported in Synthesis Report                       ; 100                ; 100                ;
; Clock MUX Protection                                                            ; On                 ; On                 ;
; Auto Gated Clock Conversion                                                     ; Off                ; Off                ;
; Block Design Naming                                                             ; Auto               ; Auto               ;
; SDC constraint protection                                                       ; Off                ; Off                ;
; Synthesis Effort                                                                ; Auto               ; Auto               ;
; Shift Register Replacement - Allow Asynchronous Clear Signal                    ; On                 ; On                 ;
; Pre-Mapping Resynthesis Optimization                                            ; Off                ; Off                ;
; Analysis & Synthesis Message Level                                              ; Medium             ; Medium             ;
; Disable Register Merging Across Hierarchies                                     ; Auto               ; Auto               ;
; Resource Aware Inference For Block RAM                                          ; On                 ; On                 ;
; Automatic Parallel Synthesis                                                    ; On                 ; On                 ;
; Partial Reconfiguration Bitstream ID                                            ; Off                ; Off                ;
+---------------------------------------------------------------------------------+--------------------+--------------------+


+------------------------------------------+
; Parallel Compilation                     ;
+----------------------------+-------------+
; Processors                 ; Number      ;
+----------------------------+-------------+
; Number detected on machine ; 12          ;
; Maximum allowed            ; 10          ;
;                            ;             ;
; Average used               ; 1.64        ;
; Maximum used               ; 10          ;
;                            ;             ;
; Usage by Processor         ; % Time Used ;
;     Processor 1            ; 100.0%      ;
;     Processor 2            ;  17.5%      ;
;     Processor 3            ;  16.8%      ;
;     Processor 4            ;  16.8%      ;
;     Processor 5            ;  12.9%      ;
;     Processor 6            ;   0.0%      ;
;     Processor 7            ;   0.0%      ;
;     Processor 8            ;   0.0%      ;
;     Processors 9-10        ;   0.0%      ;
+----------------------------+-------------+


+----------------------------------------------------------------------------------------------------------------------------------------------------------------------------------------------------------------------------------------------------------------------------+
; Analysis & Synthesis Source Files Read                                                                                                                                                                                                                                     ;
+--------------------------------------------------------------------+-----------------+----------------------------------------------+------------------------------------------------------------------------------------------------------------------------+-------------+
; File Name with User-Entered Path                                   ; Used in Netlist ; File Type                                    ; File Name with Absolute Path                                                                                           ; Library     ;
+--------------------------------------------------------------------+-----------------+----------------------------------------------+------------------------------------------------------------------------------------------------------------------------+-------------+
; cpu.vhd                                                            ; yes             ; User VHDL File                               ; C:/Users/adria/OneDrive/Desktop/progettiQuartus/cpu/cpu.vhd                                                            ;             ;
; sld_signaltap.vhd                                                  ; yes             ; Megafunction                                 ; c:/altera_lite/25.1std/quartus/libraries/megafunctions/sld_signaltap.vhd                                               ;             ;
; sld_signaltap_impl.vhd                                             ; yes             ; Encrypted Megafunction                       ; c:/altera_lite/25.1std/quartus/libraries/megafunctions/sld_signaltap_impl.vhd                                          ;             ;
; sld_ela_control.vhd                                                ; yes             ; Encrypted Megafunction                       ; c:/altera_lite/25.1std/quartus/libraries/megafunctions/sld_ela_control.vhd                                             ;             ;
; lpm_shiftreg.tdf                                                   ; yes             ; Megafunction                                 ; c:/altera_lite/25.1std/quartus/libraries/megafunctions/lpm_shiftreg.tdf                                                ;             ;
; lpm_constant.inc                                                   ; yes             ; Megafunction                                 ; c:/altera_lite/25.1std/quartus/libraries/megafunctions/lpm_constant.inc                                                ;             ;
; dffeea.inc                                                         ; yes             ; Megafunction                                 ; c:/altera_lite/25.1std/quartus/libraries/megafunctions/dffeea.inc                                                      ;             ;
; aglobal251.inc                                                     ; yes             ; Megafunction                                 ; c:/altera_lite/25.1std/quartus/libraries/megafunctions/aglobal251.inc                                                  ;             ;
; sld_ela_trigger.tdf                                                ; yes             ; Encrypted Megafunction                       ; c:/altera_lite/25.1std/quartus/libraries/megafunctions/sld_ela_trigger.tdf                                             ;             ;
; db/sld_ela_trigger_tdo.tdf                                         ; yes             ; Auto-Generated Megafunction                  ; C:/Users/adria/OneDrive/Desktop/progettiQuartus/cpu/db/sld_ela_trigger_tdo.tdf                                         ;             ;
; db/sld_reserved_cpu_auto_signaltap_0_1_bfcb.v                      ; yes             ; Encrypted Auto-Generated Megafunction        ; C:/Users/adria/OneDrive/Desktop/progettiQuartus/cpu/db/sld_reserved_cpu_auto_signaltap_0_1_bfcb.v                      ;             ;
; sld_ela_trigger_flow_mgr.vhd                                       ; yes             ; Encrypted Megafunction                       ; c:/altera_lite/25.1std/quartus/libraries/megafunctions/sld_ela_trigger_flow_mgr.vhd                                    ;             ;
; sld_buffer_manager.vhd                                             ; yes             ; Encrypted Megafunction                       ; c:/altera_lite/25.1std/quartus/libraries/megafunctions/sld_buffer_manager.vhd                                          ;             ;
; altsyncram.tdf                                                     ; yes             ; Megafunction                                 ; c:/altera_lite/25.1std/quartus/libraries/megafunctions/altsyncram.tdf                                                  ;             ;
; stratix_ram_block.inc                                              ; yes             ; Megafunction                                 ; c:/altera_lite/25.1std/quartus/libraries/megafunctions/stratix_ram_block.inc                                           ;             ;
; lpm_mux.inc                                                        ; yes             ; Megafunction                                 ; c:/altera_lite/25.1std/quartus/libraries/megafunctions/lpm_mux.inc                                                     ;             ;
; lpm_decode.inc                                                     ; yes             ; Megafunction                                 ; c:/altera_lite/25.1std/quartus/libraries/megafunctions/lpm_decode.inc                                                  ;             ;
; a_rdenreg.inc                                                      ; yes             ; Megafunction                                 ; c:/altera_lite/25.1std/quartus/libraries/megafunctions/a_rdenreg.inc                                                   ;             ;
; altrom.inc                                                         ; yes             ; Megafunction                                 ; c:/altera_lite/25.1std/quartus/libraries/megafunctions/altrom.inc                                                      ;             ;
; altram.inc                                                         ; yes             ; Megafunction                                 ; c:/altera_lite/25.1std/quartus/libraries/megafunctions/altram.inc                                                      ;             ;
; altdpram.inc                                                       ; yes             ; Megafunction                                 ; c:/altera_lite/25.1std/quartus/libraries/megafunctions/altdpram.inc                                                    ;             ;
; db/altsyncram_qb84.tdf                                             ; yes             ; Auto-Generated Megafunction                  ; C:/Users/adria/OneDrive/Desktop/progettiQuartus/cpu/db/altsyncram_qb84.tdf                                             ;             ;
; altdpram.tdf                                                       ; yes             ; Megafunction                                 ; c:/altera_lite/25.1std/quartus/libraries/megafunctions/altdpram.tdf                                                    ;             ;
; memmodes.inc                                                       ; yes             ; Megafunction                                 ; c:/altera_lite/25.1std/quartus/libraries/others/maxplus2/memmodes.inc                                                  ;             ;
; a_hdffe.inc                                                        ; yes             ; Megafunction                                 ; c:/altera_lite/25.1std/quartus/libraries/megafunctions/a_hdffe.inc                                                     ;             ;
; alt_le_rden_reg.inc                                                ; yes             ; Megafunction                                 ; c:/altera_lite/25.1std/quartus/libraries/megafunctions/alt_le_rden_reg.inc                                             ;             ;
; altsyncram.inc                                                     ; yes             ; Megafunction                                 ; c:/altera_lite/25.1std/quartus/libraries/megafunctions/altsyncram.inc                                                  ;             ;
; lpm_mux.tdf                                                        ; yes             ; Megafunction                                 ; c:/altera_lite/25.1std/quartus/libraries/megafunctions/lpm_mux.tdf                                                     ;             ;
; muxlut.inc                                                         ; yes             ; Megafunction                                 ; c:/altera_lite/25.1std/quartus/libraries/megafunctions/muxlut.inc                                                      ;             ;
; bypassff.inc                                                       ; yes             ; Megafunction                                 ; c:/altera_lite/25.1std/quartus/libraries/megafunctions/bypassff.inc                                                    ;             ;
; altshift.inc                                                       ; yes             ; Megafunction                                 ; c:/altera_lite/25.1std/quartus/libraries/megafunctions/altshift.inc                                                    ;             ;
; db/mux_elc.tdf                                                     ; yes             ; Auto-Generated Megafunction                  ; C:/Users/adria/OneDrive/Desktop/progettiQuartus/cpu/db/mux_elc.tdf                                                     ;             ;
; lpm_decode.tdf                                                     ; yes             ; Megafunction                                 ; c:/altera_lite/25.1std/quartus/libraries/megafunctions/lpm_decode.tdf                                                  ;             ;
; declut.inc                                                         ; yes             ; Megafunction                                 ; c:/altera_lite/25.1std/quartus/libraries/megafunctions/declut.inc                                                      ;             ;
; lpm_compare.inc                                                    ; yes             ; Megafunction                                 ; c:/altera_lite/25.1std/quartus/libraries/megafunctions/lpm_compare.inc                                                 ;             ;
; db/decode_vnf.tdf                                                  ; yes             ; Auto-Generated Megafunction                  ; C:/Users/adria/OneDrive/Desktop/progettiQuartus/cpu/db/decode_vnf.tdf                                                  ;             ;
; lpm_counter.tdf                                                    ; yes             ; Megafunction                                 ; c:/altera_lite/25.1std/quartus/libraries/megafunctions/lpm_counter.tdf                                                 ;             ;
; lpm_add_sub.inc                                                    ; yes             ; Megafunction                                 ; c:/altera_lite/25.1std/quartus/libraries/megafunctions/lpm_add_sub.inc                                                 ;             ;
; cmpconst.inc                                                       ; yes             ; Megafunction                                 ; c:/altera_lite/25.1std/quartus/libraries/megafunctions/cmpconst.inc                                                    ;             ;
; lpm_counter.inc                                                    ; yes             ; Megafunction                                 ; c:/altera_lite/25.1std/quartus/libraries/megafunctions/lpm_counter.inc                                                 ;             ;
; alt_counter_stratix.inc                                            ; yes             ; Megafunction                                 ; c:/altera_lite/25.1std/quartus/libraries/megafunctions/alt_counter_stratix.inc                                         ;             ;
; db/cntr_69i.tdf                                                    ; yes             ; Auto-Generated Megafunction                  ; C:/Users/adria/OneDrive/Desktop/progettiQuartus/cpu/db/cntr_69i.tdf                                                    ;             ;
; db/cmpr_e9c.tdf                                                    ; yes             ; Auto-Generated Megafunction                  ; C:/Users/adria/OneDrive/Desktop/progettiQuartus/cpu/db/cmpr_e9c.tdf                                                    ;             ;
; db/cntr_4vi.tdf                                                    ; yes             ; Auto-Generated Megafunction                  ; C:/Users/adria/OneDrive/Desktop/progettiQuartus/cpu/db/cntr_4vi.tdf                                                    ;             ;
; db/cntr_09i.tdf                                                    ; yes             ; Auto-Generated Megafunction                  ; C:/Users/adria/OneDrive/Desktop/progettiQuartus/cpu/db/cntr_09i.tdf                                                    ;             ;
; db/cmpr_c9c.tdf                                                    ; yes             ; Auto-Generated Megafunction                  ; C:/Users/adria/OneDrive/Desktop/progettiQuartus/cpu/db/cmpr_c9c.tdf                                                    ;             ;
; db/cntr_kri.tdf                                                    ; yes             ; Auto-Generated Megafunction                  ; C:/Users/adria/OneDrive/Desktop/progettiQuartus/cpu/db/cntr_kri.tdf                                                    ;             ;
; db/cmpr_99c.tdf                                                    ; yes             ; Auto-Generated Megafunction                  ; C:/Users/adria/OneDrive/Desktop/progettiQuartus/cpu/db/cmpr_99c.tdf                                                    ;             ;
; sld_rom_sr.vhd                                                     ; yes             ; Encrypted Megafunction                       ; c:/altera_lite/25.1std/quartus/libraries/megafunctions/sld_rom_sr.vhd                                                  ;             ;
; sld_jtag_endpoint_adapter.vhd                                      ; yes             ; Encrypted Megafunction                       ; c:/altera_lite/25.1std/quartus/libraries/megafunctions/sld_jtag_endpoint_adapter.vhd                                   ;             ;
; sld_jtag_endpoint_adapter_impl.sv                                  ; yes             ; Encrypted Megafunction                       ; c:/altera_lite/25.1std/quartus/libraries/megafunctions/sld_jtag_endpoint_adapter_impl.sv                               ;             ;
; sld_hub.vhd                                                        ; yes             ; Encrypted Megafunction                       ; c:/altera_lite/25.1std/quartus/libraries/megafunctions/sld_hub.vhd                                                     ; altera_sld  ;
; db/ip/sld1d5d1f0c/alt_sld_fab.v                                    ; yes             ; Encrypted Auto-Found Verilog HDL File        ; C:/Users/adria/OneDrive/Desktop/progettiQuartus/cpu/db/ip/sld1d5d1f0c/alt_sld_fab.v                                    ; alt_sld_fab ;
; db/ip/sld1d5d1f0c/submodules/alt_sld_fab_alt_sld_fab.v             ; yes             ; Encrypted Auto-Found Verilog HDL File        ; C:/Users/adria/OneDrive/Desktop/progettiQuartus/cpu/db/ip/sld1d5d1f0c/submodules/alt_sld_fab_alt_sld_fab.v             ; alt_sld_fab ;
; db/ip/sld1d5d1f0c/submodules/alt_sld_fab_alt_sld_fab_ident.sv      ; yes             ; Auto-Found SystemVerilog HDL File            ; C:/Users/adria/OneDrive/Desktop/progettiQuartus/cpu/db/ip/sld1d5d1f0c/submodules/alt_sld_fab_alt_sld_fab_ident.sv      ; alt_sld_fab ;
; db/ip/sld1d5d1f0c/submodules/alt_sld_fab_alt_sld_fab_presplit.sv   ; yes             ; Encrypted Auto-Found SystemVerilog HDL File  ; C:/Users/adria/OneDrive/Desktop/progettiQuartus/cpu/db/ip/sld1d5d1f0c/submodules/alt_sld_fab_alt_sld_fab_presplit.sv   ; alt_sld_fab ;
; db/ip/sld1d5d1f0c/submodules/alt_sld_fab_alt_sld_fab_sldfabric.vhd ; yes             ; Encrypted Auto-Found VHDL File               ; C:/Users/adria/OneDrive/Desktop/progettiQuartus/cpu/db/ip/sld1d5d1f0c/submodules/alt_sld_fab_alt_sld_fab_sldfabric.vhd ; alt_sld_fab ;
; db/ip/sld1d5d1f0c/submodules/alt_sld_fab_alt_sld_fab_splitter.sv   ; yes             ; Encrypted Auto-Found SystemVerilog HDL File  ; C:/Users/adria/OneDrive/Desktop/progettiQuartus/cpu/db/ip/sld1d5d1f0c/submodules/alt_sld_fab_alt_sld_fab_splitter.sv   ; alt_sld_fab ;
; sld_jtag_hub.vhd                                                   ; yes             ; Encrypted Megafunction                       ; c:/altera_lite/25.1std/quartus/libraries/megafunctions/sld_jtag_hub.vhd                                                ;             ;
+--------------------------------------------------------------------+-----------------+----------------------------------------------+------------------------------------------------------------------------------------------------------------------------+-------------+


+---------------------------------------------------------+
; Analysis & Synthesis Resource Usage Summary             ;
+---------------------------------------------+-----------+
; Resource                                    ; Usage     ;
+---------------------------------------------+-----------+
; Estimate of Logic utilization (ALMs needed) ; 4708      ;
;                                             ;           ;
; Combinational ALUT usage for logic          ; 6131      ;
;     -- 7 input functions                    ; 31        ;
;     -- 6 input functions                    ; 2421      ;
;     -- 5 input functions                    ; 680       ;
;     -- 4 input functions                    ; 2328      ;
;     -- <=3 input functions                  ; 671       ;
;                                             ;           ;
; Dedicated logic registers                   ; 6283      ;
;                                             ;           ;
; I/O pins                                    ; 45        ;
; Total MLAB memory bits                      ; 0         ;
; Total block memory bits                     ; 4736      ;
;                                             ;           ;
; Total DSP Blocks                            ; 0         ;
;                                             ;           ;
; Maximum fan-out node                        ; clk~input ;
; Maximum fan-out                             ; 6017      ;
; Total fan-out                               ; 52265     ;
; Average fan-out                             ; 4.16      ;
+---------------------------------------------+-----------+


+--------------------------------------------------------------------------------------------------------------------------------------------------------------------------------------------------------------------------------------------------------------------------------------------------------------------------------------------------------------------------------------------------------------------------------------------------------------------------------------------------------------------------------------------------------------------------------------------------------------------------------------------------------------+
; Analysis & Synthesis Resource Utilization by Entity                                                                                                                                                                                                                                                                                                                                                                                                                                                                                                                                                                                                          ;
+-----------------------------------------------------------------------------------------------------------------------------------------+---------------------+---------------------------+-------------------+------------+------+--------------+-------------------------------------------------------------------------------------------------------------------------------------------------------------------------------------------------------------------------------------------------------------------------------------------------------------------------------------------------+------------------------------------------+--------------+
; Compilation Hierarchy Node                                                                                                              ; Combinational ALUTs ; Dedicated Logic Registers ; Block Memory Bits ; DSP Blocks ; Pins ; Virtual Pins ; Full Hierarchy Name                                                                                                                                                                                                                                                                                                                             ; Entity Name                              ; Library Name ;
+-----------------------------------------------------------------------------------------------------------------------------------------+---------------------+---------------------------+-------------------+------------+------+--------------+-------------------------------------------------------------------------------------------------------------------------------------------------------------------------------------------------------------------------------------------------------------------------------------------------------------------------------------------------+------------------------------------------+--------------+
; |CPU                                                                                                                                    ; 6131 (400)          ; 6283 (45)                 ; 4736              ; 0          ; 45   ; 0            ; |CPU                                                                                                                                                                                                                                                                                                                                            ;                                          ;              ;
;    |ALU:AU|                                                                                                                             ; 511 (511)           ; 0 (0)                     ; 0                 ; 0          ; 0    ; 0            ; |CPU|ALU:AU                                                                                                                                                                                                                                                                                                                                     ; ALU                                      ; work         ;
;    |Brancher:BR|                                                                                                                        ; 6 (6)               ; 0 (0)                     ; 0                 ; 0          ; 0    ; 0            ; |CPU|Brancher:BR                                                                                                                                                                                                                                                                                                                                ; Brancher                                 ; work         ;
;    |ControlUnit:CU|                                                                                                                     ; 26 (26)             ; 0 (0)                     ; 0                 ; 0          ; 0    ; 0            ; |CPU|ControlUnit:CU                                                                                                                                                                                                                                                                                                                             ; ControlUnit                              ; work         ;
;    |DERegister:DE|                                                                                                                      ; 741 (741)           ; 190 (190)                 ; 0                 ; 0          ; 0    ; 0            ; |CPU|DERegister:DE                                                                                                                                                                                                                                                                                                                              ; DERegister                               ; work         ;
;    |DataMemory:DM|                                                                                                                      ; 2461 (2461)         ; 4096 (4096)               ; 0                 ; 0          ; 0    ; 0            ; |CPU|DataMemory:DM                                                                                                                                                                                                                                                                                                                              ; DataMemory                               ; work         ;
;    |EMRegister:EM|                                                                                                                      ; 0 (0)               ; 108 (108)                 ; 0                 ; 0          ; 0    ; 0            ; |CPU|EMRegister:EM                                                                                                                                                                                                                                                                                                                              ; EMRegister                               ; work         ;
;    |FDRegister:FD|                                                                                                                      ; 175 (175)           ; 93 (93)                   ; 0                 ; 0          ; 0    ; 0            ; |CPU|FDRegister:FD                                                                                                                                                                                                                                                                                                                              ; FDRegister                               ; work         ;
;    |HazardUnit:HU|                                                                                                                      ; 26 (26)             ; 0 (0)                     ; 0                 ; 0          ; 0    ; 0            ; |CPU|HazardUnit:HU                                                                                                                                                                                                                                                                                                                              ; HazardUnit                               ; work         ;
;    |ImmExt:IE|                                                                                                                          ; 3 (3)               ; 0 (0)                     ; 0                 ; 0          ; 0    ; 0            ; |CPU|ImmExt:IE                                                                                                                                                                                                                                                                                                                                  ; ImmExt                                   ; work         ;
;    |InstructionMemory:IM|                                                                                                               ; 80 (80)             ; 0 (0)                     ; 0                 ; 0          ; 0    ; 0            ; |CPU|InstructionMemory:IM                                                                                                                                                                                                                                                                                                                       ; InstructionMemory                        ; work         ;
;    |MWRegister:MW|                                                                                                                      ; 1297 (1297)         ; 104 (104)                 ; 0                 ; 0          ; 0    ; 0            ; |CPU|MWRegister:MW                                                                                                                                                                                                                                                                                                                              ; MWRegister                               ; work         ;
;    |PcReg:PR|                                                                                                                           ; 64 (64)             ; 32 (32)                   ; 0                 ; 0          ; 0    ; 0            ; |CPU|PcReg:PR                                                                                                                                                                                                                                                                                                                                   ; PcReg                                    ; work         ;
;    |RDext:RE|                                                                                                                           ; 3 (3)               ; 0 (0)                     ; 0                 ; 0          ; 0    ; 0            ; |CPU|RDext:RE                                                                                                                                                                                                                                                                                                                                   ; RDext                                    ; work         ;
;    |RegisterFile:RF|                                                                                                                    ; 39 (39)             ; 992 (992)                 ; 0                 ; 0          ; 0    ; 0            ; |CPU|RegisterFile:RF                                                                                                                                                                                                                                                                                                                            ; RegisterFile                             ; work         ;
;    |sld_hub:auto_hub|                                                                                                                   ; 90 (1)              ; 90 (0)                    ; 0                 ; 0          ; 0    ; 0            ; |CPU|sld_hub:auto_hub                                                                                                                                                                                                                                                                                                                           ; sld_hub                                  ; altera_sld   ;
;       |alt_sld_fab_with_jtag_input:\instrumentation_fabric_with_node_gen:fabric_gen_new_way:with_jtag_input_gen:instrumentation_fabric| ; 89 (0)              ; 90 (0)                    ; 0                 ; 0          ; 0    ; 0            ; |CPU|sld_hub:auto_hub|alt_sld_fab_with_jtag_input:\instrumentation_fabric_with_node_gen:fabric_gen_new_way:with_jtag_input_gen:instrumentation_fabric                                                                                                                                                                                           ; alt_sld_fab_with_jtag_input              ; altera_sld   ;
;          |alt_sld_fab:instrumentation_fabric|                                                                                           ; 89 (0)              ; 90 (0)                    ; 0                 ; 0          ; 0    ; 0            ; |CPU|sld_hub:auto_hub|alt_sld_fab_with_jtag_input:\instrumentation_fabric_with_node_gen:fabric_gen_new_way:with_jtag_input_gen:instrumentation_fabric|alt_sld_fab:instrumentation_fabric                                                                                                                                                        ; alt_sld_fab                              ; alt_sld_fab  ;
;             |alt_sld_fab_alt_sld_fab:alt_sld_fab|                                                                                       ; 89 (1)              ; 90 (5)                    ; 0                 ; 0          ; 0    ; 0            ; |CPU|sld_hub:auto_hub|alt_sld_fab_with_jtag_input:\instrumentation_fabric_with_node_gen:fabric_gen_new_way:with_jtag_input_gen:instrumentation_fabric|alt_sld_fab:instrumentation_fabric|alt_sld_fab_alt_sld_fab:alt_sld_fab                                                                                                                    ; alt_sld_fab_alt_sld_fab                  ; alt_sld_fab  ;
;                |alt_sld_fab_alt_sld_fab_sldfabric:sldfabric|                                                                            ; 88 (0)              ; 85 (0)                    ; 0                 ; 0          ; 0    ; 0            ; |CPU|sld_hub:auto_hub|alt_sld_fab_with_jtag_input:\instrumentation_fabric_with_node_gen:fabric_gen_new_way:with_jtag_input_gen:instrumentation_fabric|alt_sld_fab:instrumentation_fabric|alt_sld_fab_alt_sld_fab:alt_sld_fab|alt_sld_fab_alt_sld_fab_sldfabric:sldfabric                                                                        ; alt_sld_fab_alt_sld_fab_sldfabric        ; alt_sld_fab  ;
;                   |sld_jtag_hub:\jtag_hub_gen:real_sld_jtag_hub|                                                                        ; 88 (55)             ; 85 (57)                   ; 0                 ; 0          ; 0    ; 0            ; |CPU|sld_hub:auto_hub|alt_sld_fab_with_jtag_input:\instrumentation_fabric_with_node_gen:fabric_gen_new_way:with_jtag_input_gen:instrumentation_fabric|alt_sld_fab:instrumentation_fabric|alt_sld_fab_alt_sld_fab:alt_sld_fab|alt_sld_fab_alt_sld_fab_sldfabric:sldfabric|sld_jtag_hub:\jtag_hub_gen:real_sld_jtag_hub                           ; sld_jtag_hub                             ; work         ;
;                      |sld_rom_sr:hub_info_reg|                                                                                          ; 15 (15)             ; 9 (9)                     ; 0                 ; 0          ; 0    ; 0            ; |CPU|sld_hub:auto_hub|alt_sld_fab_with_jtag_input:\instrumentation_fabric_with_node_gen:fabric_gen_new_way:with_jtag_input_gen:instrumentation_fabric|alt_sld_fab:instrumentation_fabric|alt_sld_fab_alt_sld_fab:alt_sld_fab|alt_sld_fab_alt_sld_fab_sldfabric:sldfabric|sld_jtag_hub:\jtag_hub_gen:real_sld_jtag_hub|sld_rom_sr:hub_info_reg   ; sld_rom_sr                               ; work         ;
;                      |sld_shadow_jsm:shadow_jsm|                                                                                        ; 18 (18)             ; 19 (19)                   ; 0                 ; 0          ; 0    ; 0            ; |CPU|sld_hub:auto_hub|alt_sld_fab_with_jtag_input:\instrumentation_fabric_with_node_gen:fabric_gen_new_way:with_jtag_input_gen:instrumentation_fabric|alt_sld_fab:instrumentation_fabric|alt_sld_fab_alt_sld_fab:alt_sld_fab|alt_sld_fab_alt_sld_fab_sldfabric:sldfabric|sld_jtag_hub:\jtag_hub_gen:real_sld_jtag_hub|sld_shadow_jsm:shadow_jsm ; sld_shadow_jsm                           ; altera_sld   ;
;    |sld_signaltap:auto_signaltap_0|                                                                                                     ; 209 (2)             ; 533 (74)                  ; 4736              ; 0          ; 0    ; 0            ; |CPU|sld_signaltap:auto_signaltap_0                                                                                                                                                                                                                                                                                                             ; sld_signaltap                            ; work         ;
;       |sld_signaltap_impl:sld_signaltap_body|                                                                                           ; 207 (0)             ; 459 (0)                   ; 4736              ; 0          ; 0    ; 0            ; |CPU|sld_signaltap:auto_signaltap_0|sld_signaltap_impl:sld_signaltap_body                                                                                                                                                                                                                                                                       ; sld_signaltap_impl                       ; work         ;
;          |sld_signaltap_implb:sld_signaltap_body|                                                                                       ; 207 (67)            ; 459 (222)                 ; 4736              ; 0          ; 0    ; 0            ; |CPU|sld_signaltap:auto_signaltap_0|sld_signaltap_impl:sld_signaltap_body|sld_signaltap_implb:sld_signaltap_body                                                                                                                                                                                                                                ; sld_signaltap_implb                      ; work         ;
;             |altdpram:\stp_non_zero_ram_gen:attribute_mem_gen:attribute_mem|                                                            ; 2 (0)               ; 46 (46)                   ; 0                 ; 0          ; 0    ; 0            ; |CPU|sld_signaltap:auto_signaltap_0|sld_signaltap_impl:sld_signaltap_body|sld_signaltap_implb:sld_signaltap_body|altdpram:\stp_non_zero_ram_gen:attribute_mem_gen:attribute_mem                                                                                                                                                                 ; altdpram                                 ; work         ;
;                |lpm_decode:wdecoder|                                                                                                    ; 2 (0)               ; 0 (0)                     ; 0                 ; 0          ; 0    ; 0            ; |CPU|sld_signaltap:auto_signaltap_0|sld_signaltap_impl:sld_signaltap_body|sld_signaltap_implb:sld_signaltap_body|altdpram:\stp_non_zero_ram_gen:attribute_mem_gen:attribute_mem|lpm_decode:wdecoder                                                                                                                                             ; lpm_decode                               ; work         ;
;                   |decode_vnf:auto_generated|                                                                                           ; 2 (2)               ; 0 (0)                     ; 0                 ; 0          ; 0    ; 0            ; |CPU|sld_signaltap:auto_signaltap_0|sld_signaltap_impl:sld_signaltap_body|sld_signaltap_implb:sld_signaltap_body|altdpram:\stp_non_zero_ram_gen:attribute_mem_gen:attribute_mem|lpm_decode:wdecoder|decode_vnf:auto_generated                                                                                                                   ; decode_vnf                               ; work         ;
;             |altsyncram:\stp_non_zero_ram_gen:stp_buffer_ram|                                                                           ; 0 (0)               ; 0 (0)                     ; 4736              ; 0          ; 0    ; 0            ; |CPU|sld_signaltap:auto_signaltap_0|sld_signaltap_impl:sld_signaltap_body|sld_signaltap_implb:sld_signaltap_body|altsyncram:\stp_non_zero_ram_gen:stp_buffer_ram                                                                                                                                                                                ; altsyncram                               ; work         ;
;                |altsyncram_qb84:auto_generated|                                                                                         ; 0 (0)               ; 0 (0)                     ; 4736              ; 0          ; 0    ; 0            ; |CPU|sld_signaltap:auto_signaltap_0|sld_signaltap_impl:sld_signaltap_body|sld_signaltap_implb:sld_signaltap_body|altsyncram:\stp_non_zero_ram_gen:stp_buffer_ram|altsyncram_qb84:auto_generated                                                                                                                                                 ; altsyncram_qb84                          ; work         ;
;             |lpm_shiftreg:segment_offset_config_deserialize|                                                                            ; 0 (0)               ; 7 (7)                     ; 0                 ; 0          ; 0    ; 0            ; |CPU|sld_signaltap:auto_signaltap_0|sld_signaltap_impl:sld_signaltap_body|sld_signaltap_implb:sld_signaltap_body|lpm_shiftreg:segment_offset_config_deserialize                                                                                                                                                                                 ; lpm_shiftreg                             ; work         ;
;             |lpm_shiftreg:status_register|                                                                                              ; 17 (17)             ; 17 (17)                   ; 0                 ; 0          ; 0    ; 0            ; |CPU|sld_signaltap:auto_signaltap_0|sld_signaltap_impl:sld_signaltap_body|sld_signaltap_implb:sld_signaltap_body|lpm_shiftreg:status_register                                                                                                                                                                                                   ; lpm_shiftreg                             ; work         ;
;             |serial_crc_16:\tdo_crc_gen:tdo_crc_calc|                                                                                   ; 4 (4)               ; 13 (13)                   ; 0                 ; 0          ; 0    ; 0            ; |CPU|sld_signaltap:auto_signaltap_0|sld_signaltap_impl:sld_signaltap_body|sld_signaltap_implb:sld_signaltap_body|serial_crc_16:\tdo_crc_gen:tdo_crc_calc                                                                                                                                                                                        ; serial_crc_16                            ; work         ;
;             |sld_buffer_manager:sld_buffer_manager_inst|                                                                                ; 58 (58)             ; 44 (44)                   ; 0                 ; 0          ; 0    ; 0            ; |CPU|sld_signaltap:auto_signaltap_0|sld_signaltap_impl:sld_signaltap_body|sld_signaltap_implb:sld_signaltap_body|sld_buffer_manager:sld_buffer_manager_inst                                                                                                                                                                                     ; sld_buffer_manager                       ; work         ;
;             |sld_ela_control:ela_control|                                                                                               ; 2 (1)               ; 17 (1)                    ; 0                 ; 0          ; 0    ; 0            ; |CPU|sld_signaltap:auto_signaltap_0|sld_signaltap_impl:sld_signaltap_body|sld_signaltap_implb:sld_signaltap_body|sld_ela_control:ela_control                                                                                                                                                                                                    ; sld_ela_control                          ; work         ;
;                |lpm_shiftreg:trigger_config_deserialize|                                                                                ; 0 (0)               ; 4 (4)                     ; 0                 ; 0          ; 0    ; 0            ; |CPU|sld_signaltap:auto_signaltap_0|sld_signaltap_impl:sld_signaltap_body|sld_signaltap_implb:sld_signaltap_body|sld_ela_control:ela_control|lpm_shiftreg:trigger_config_deserialize                                                                                                                                                            ; lpm_shiftreg                             ; work         ;
;                |sld_ela_trigger:\multi_level_advanced_trigger_gen:advanced_trigger_wrapper|                                             ; 0 (0)               ; 1 (0)                     ; 0                 ; 0          ; 0    ; 0            ; |CPU|sld_signaltap:auto_signaltap_0|sld_signaltap_impl:sld_signaltap_body|sld_signaltap_implb:sld_signaltap_body|sld_ela_control:ela_control|sld_ela_trigger:\multi_level_advanced_trigger_gen:advanced_trigger_wrapper                                                                                                                         ; sld_ela_trigger                          ; work         ;
;                   |sld_ela_trigger_tdo:auto_generated|                                                                                  ; 0 (0)               ; 1 (0)                     ; 0                 ; 0          ; 0    ; 0            ; |CPU|sld_signaltap:auto_signaltap_0|sld_signaltap_impl:sld_signaltap_body|sld_signaltap_implb:sld_signaltap_body|sld_ela_control:ela_control|sld_ela_trigger:\multi_level_advanced_trigger_gen:advanced_trigger_wrapper|sld_ela_trigger_tdo:auto_generated                                                                                      ; sld_ela_trigger_tdo                      ; work         ;
;                      |sld_reserved_cpu_auto_signaltap_0_1_bfcb:mgl_prim1|                                                               ; 0 (0)               ; 1 (1)                     ; 0                 ; 0          ; 0    ; 0            ; |CPU|sld_signaltap:auto_signaltap_0|sld_signaltap_impl:sld_signaltap_body|sld_signaltap_implb:sld_signaltap_body|sld_ela_control:ela_control|sld_ela_trigger:\multi_level_advanced_trigger_gen:advanced_trigger_wrapper|sld_ela_trigger_tdo:auto_generated|sld_reserved_cpu_auto_signaltap_0_1_bfcb:mgl_prim1                                   ; sld_reserved_cpu_auto_signaltap_0_1_bfcb ; work         ;
;                |sld_ela_trigger_flow_mgr:\builtin:ela_trigger_flow_mgr_entity|                                                          ; 1 (1)               ; 11 (1)                    ; 0                 ; 0          ; 0    ; 0            ; |CPU|sld_signaltap:auto_signaltap_0|sld_signaltap_impl:sld_signaltap_body|sld_signaltap_implb:sld_signaltap_body|sld_ela_control:ela_control|sld_ela_trigger_flow_mgr:\builtin:ela_trigger_flow_mgr_entity                                                                                                                                      ; sld_ela_trigger_flow_mgr                 ; work         ;
;                   |lpm_shiftreg:trigger_config_deserialize|                                                                             ; 0 (0)               ; 10 (10)                   ; 0                 ; 0          ; 0    ; 0            ; |CPU|sld_signaltap:auto_signaltap_0|sld_signaltap_impl:sld_signaltap_body|sld_signaltap_implb:sld_signaltap_body|sld_ela_control:ela_control|sld_ela_trigger_flow_mgr:\builtin:ela_trigger_flow_mgr_entity|lpm_shiftreg:trigger_config_deserialize                                                                                              ; lpm_shiftreg                             ; work         ;
;             |sld_offload_buffer_mgr:\stp_non_zero_depth_offload_gen:stp_offload_buff_mgr_inst|                                          ; 37 (11)             ; 85 (0)                    ; 0                 ; 0          ; 0    ; 0            ; |CPU|sld_signaltap:auto_signaltap_0|sld_signaltap_impl:sld_signaltap_body|sld_signaltap_implb:sld_signaltap_body|sld_offload_buffer_mgr:\stp_non_zero_depth_offload_gen:stp_offload_buff_mgr_inst                                                                                                                                               ; sld_offload_buffer_mgr                   ; work         ;
;                |lpm_counter:\adv_point_3_and_more:advance_pointer_counter|                                                              ; 8 (0)               ; 6 (0)                     ; 0                 ; 0          ; 0    ; 0            ; |CPU|sld_signaltap:auto_signaltap_0|sld_signaltap_impl:sld_signaltap_body|sld_signaltap_implb:sld_signaltap_body|sld_offload_buffer_mgr:\stp_non_zero_depth_offload_gen:stp_offload_buff_mgr_inst|lpm_counter:\adv_point_3_and_more:advance_pointer_counter                                                                                     ; lpm_counter                              ; work         ;
;                   |cntr_69i:auto_generated|                                                                                             ; 8 (8)               ; 6 (6)                     ; 0                 ; 0          ; 0    ; 0            ; |CPU|sld_signaltap:auto_signaltap_0|sld_signaltap_impl:sld_signaltap_body|sld_signaltap_implb:sld_signaltap_body|sld_offload_buffer_mgr:\stp_non_zero_depth_offload_gen:stp_offload_buff_mgr_inst|lpm_counter:\adv_point_3_and_more:advance_pointer_counter|cntr_69i:auto_generated                                                             ; cntr_69i                                 ; work         ;
;                |lpm_counter:read_pointer_counter|                                                                                       ; 7 (0)               ; 7 (0)                     ; 0                 ; 0          ; 0    ; 0            ; |CPU|sld_signaltap:auto_signaltap_0|sld_signaltap_impl:sld_signaltap_body|sld_signaltap_implb:sld_signaltap_body|sld_offload_buffer_mgr:\stp_non_zero_depth_offload_gen:stp_offload_buff_mgr_inst|lpm_counter:read_pointer_counter                                                                                                              ; lpm_counter                              ; work         ;
;                   |cntr_4vi:auto_generated|                                                                                             ; 7 (7)               ; 7 (7)                     ; 0                 ; 0          ; 0    ; 0            ; |CPU|sld_signaltap:auto_signaltap_0|sld_signaltap_impl:sld_signaltap_body|sld_signaltap_implb:sld_signaltap_body|sld_offload_buffer_mgr:\stp_non_zero_depth_offload_gen:stp_offload_buff_mgr_inst|lpm_counter:read_pointer_counter|cntr_4vi:auto_generated                                                                                      ; cntr_4vi                                 ; work         ;
;                |lpm_counter:status_advance_pointer_counter|                                                                             ; 6 (0)               ; 4 (0)                     ; 0                 ; 0          ; 0    ; 0            ; |CPU|sld_signaltap:auto_signaltap_0|sld_signaltap_impl:sld_signaltap_body|sld_signaltap_implb:sld_signaltap_body|sld_offload_buffer_mgr:\stp_non_zero_depth_offload_gen:stp_offload_buff_mgr_inst|lpm_counter:status_advance_pointer_counter                                                                                                    ; lpm_counter                              ; work         ;
;                   |cntr_09i:auto_generated|                                                                                             ; 6 (6)               ; 4 (4)                     ; 0                 ; 0          ; 0    ; 0            ; |CPU|sld_signaltap:auto_signaltap_0|sld_signaltap_impl:sld_signaltap_body|sld_signaltap_implb:sld_signaltap_body|sld_offload_buffer_mgr:\stp_non_zero_depth_offload_gen:stp_offload_buff_mgr_inst|lpm_counter:status_advance_pointer_counter|cntr_09i:auto_generated                                                                            ; cntr_09i                                 ; work         ;
;                |lpm_counter:status_read_pointer_counter|                                                                                ; 3 (0)               ; 1 (0)                     ; 0                 ; 0          ; 0    ; 0            ; |CPU|sld_signaltap:auto_signaltap_0|sld_signaltap_impl:sld_signaltap_body|sld_signaltap_implb:sld_signaltap_body|sld_offload_buffer_mgr:\stp_non_zero_depth_offload_gen:stp_offload_buff_mgr_inst|lpm_counter:status_read_pointer_counter                                                                                                       ; lpm_counter                              ; work         ;
;                   |cntr_kri:auto_generated|                                                                                             ; 3 (3)               ; 1 (1)                     ; 0                 ; 0          ; 0    ; 0            ; |CPU|sld_signaltap:auto_signaltap_0|sld_signaltap_impl:sld_signaltap_body|sld_signaltap_implb:sld_signaltap_body|sld_offload_buffer_mgr:\stp_non_zero_depth_offload_gen:stp_offload_buff_mgr_inst|lpm_counter:status_read_pointer_counter|cntr_kri:auto_generated                                                                               ; cntr_kri                                 ; work         ;
;                |lpm_shiftreg:info_data_shift_out|                                                                                       ; 0 (0)               ; 15 (15)                   ; 0                 ; 0          ; 0    ; 0            ; |CPU|sld_signaltap:auto_signaltap_0|sld_signaltap_impl:sld_signaltap_body|sld_signaltap_implb:sld_signaltap_body|sld_offload_buffer_mgr:\stp_non_zero_depth_offload_gen:stp_offload_buff_mgr_inst|lpm_shiftreg:info_data_shift_out                                                                                                              ; lpm_shiftreg                             ; work         ;
;                |lpm_shiftreg:ram_data_shift_out|                                                                                        ; 1 (1)               ; 37 (37)                   ; 0                 ; 0          ; 0    ; 0            ; |CPU|sld_signaltap:auto_signaltap_0|sld_signaltap_impl:sld_signaltap_body|sld_signaltap_implb:sld_signaltap_body|sld_offload_buffer_mgr:\stp_non_zero_depth_offload_gen:stp_offload_buff_mgr_inst|lpm_shiftreg:ram_data_shift_out                                                                                                               ; lpm_shiftreg                             ; work         ;
;                |lpm_shiftreg:status_data_shift_out|                                                                                     ; 1 (1)               ; 15 (15)                   ; 0                 ; 0          ; 0    ; 0            ; |CPU|sld_signaltap:auto_signaltap_0|sld_signaltap_impl:sld_signaltap_body|sld_signaltap_implb:sld_signaltap_body|sld_offload_buffer_mgr:\stp_non_zero_depth_offload_gen:stp_offload_buff_mgr_inst|lpm_shiftreg:status_data_shift_out                                                                                                            ; lpm_shiftreg                             ; work         ;
;             |sld_rom_sr:crc_rom_sr|                                                                                                     ; 20 (20)             ; 8 (8)                     ; 0                 ; 0          ; 0    ; 0            ; |CPU|sld_signaltap:auto_signaltap_0|sld_signaltap_impl:sld_signaltap_body|sld_signaltap_implb:sld_signaltap_body|sld_rom_sr:crc_rom_sr                                                                                                                                                                                                          ; sld_rom_sr                               ; work         ;
+-----------------------------------------------------------------------------------------------------------------------------------------+---------------------+---------------------------+-------------------+------------+------+--------------+-------------------------------------------------------------------------------------------------------------------------------------------------------------------------------------------------------------------------------------------------------------------------------------------------------------------------------------------------+------------------------------------------+--------------+
Note: For table entries with two numbers listed, the numbers in parentheses indicate the number of resources of the given type used by the specific entity alone. The numbers listed outside of parentheses indicate the total resources of the given type used by the specific entity and all of its sub-entities in the hierarchy.


+-----------------------------------------------------------------------------------------------------------------------------------------------------------------------------------------------------------------------------------------------------------------------------------------------------------+
; Analysis & Synthesis RAM Summary                                                                                                                                                                                                                                                                          ;
+-------------------------------------------------------------------------------------------------------------------------------------------------------------------------------------------------------+------+------------------+--------------+--------------+--------------+--------------+------+------+
; Name                                                                                                                                                                                                  ; Type ; Mode             ; Port A Depth ; Port A Width ; Port B Depth ; Port B Width ; Size ; MIF  ;
+-------------------------------------------------------------------------------------------------------------------------------------------------------------------------------------------------------+------+------------------+--------------+--------------+--------------+--------------+------+------+
; sld_signaltap:auto_signaltap_0|sld_signaltap_impl:sld_signaltap_body|sld_signaltap_implb:sld_signaltap_body|altsyncram:\stp_non_zero_ram_gen:stp_buffer_ram|altsyncram_qb84:auto_generated|ALTSYNCRAM ; AUTO ; Simple Dual Port ; 128          ; 37           ; 128          ; 37           ; 4736 ; None ;
+-------------------------------------------------------------------------------------------------------------------------------------------------------------------------------------------------------+------+------------------+--------------+--------------+--------------+--------------+------+------+


+-------------------------------------------------------------------------------------------------------------------------------------------------------------------------------------------------------------------------------------------------------------------------------------------------------------------------------------------------------------------------------------------------+
; Analysis & Synthesis IP Cores Summary                                                                                                                                                                                                                                                                                                                                                           ;
+--------+--------------+---------+--------------+--------------+---------------------------------------------------------------------------------------------------------------------------------------------------------------------------------------------------------------------------------------------------------------------------------------------------------------+-----------------+
; Vendor ; IP Core Name ; Version ; Release Date ; License Type ; Entity Instance                                                                                                                                                                                                                                                                                               ; IP Include File ;
+--------+--------------+---------+--------------+--------------+---------------------------------------------------------------------------------------------------------------------------------------------------------------------------------------------------------------------------------------------------------------------------------------------------------------+-----------------+
; Altera ; Signal Tap   ; N/A     ; N/A          ; Licensed     ; |CPU|sld_hub:auto_hub|alt_sld_fab_with_jtag_input:\instrumentation_fabric_with_node_gen:fabric_gen_new_way:with_jtag_input_gen:instrumentation_fabric|alt_sld_fab:instrumentation_fabric                                                                                                                      ;                 ;
; Altera ; Signal Tap   ; N/A     ; N/A          ; Licensed     ; |CPU|sld_hub:auto_hub|alt_sld_fab_with_jtag_input:\instrumentation_fabric_with_node_gen:fabric_gen_new_way:with_jtag_input_gen:instrumentation_fabric|alt_sld_fab:instrumentation_fabric|alt_sld_fab_alt_sld_fab:alt_sld_fab                                                                                  ;                 ;
; Altera ; Signal Tap   ; N/A     ; N/A          ; Licensed     ; |CPU|sld_hub:auto_hub|alt_sld_fab_with_jtag_input:\instrumentation_fabric_with_node_gen:fabric_gen_new_way:with_jtag_input_gen:instrumentation_fabric|alt_sld_fab:instrumentation_fabric|alt_sld_fab_alt_sld_fab:alt_sld_fab|alt_sld_fab_alt_sld_fab_presplit:presplit                                        ;                 ;
; Altera ; Signal Tap   ; N/A     ; N/A          ; Licensed     ; |CPU|sld_hub:auto_hub|alt_sld_fab_with_jtag_input:\instrumentation_fabric_with_node_gen:fabric_gen_new_way:with_jtag_input_gen:instrumentation_fabric|alt_sld_fab:instrumentation_fabric|alt_sld_fab_alt_sld_fab:alt_sld_fab|alt_sld_fab_alt_sld_fab_sldfabric:sldfabric                                      ;                 ;
; Altera ; Signal Tap   ; N/A     ; N/A          ; Licensed     ; |CPU|sld_hub:auto_hub|alt_sld_fab_with_jtag_input:\instrumentation_fabric_with_node_gen:fabric_gen_new_way:with_jtag_input_gen:instrumentation_fabric|alt_sld_fab:instrumentation_fabric|alt_sld_fab_alt_sld_fab:alt_sld_fab|alt_sld_fab_alt_sld_fab_splitter:splitter                                        ;                 ;
; Altera ; Signal Tap   ; N/A     ; N/A          ; Licensed     ; |CPU|sld_signaltap:auto_signaltap_0|sld_signaltap_impl:sld_signaltap_body|sld_signaltap_implb:sld_signaltap_body|sld_ela_control:ela_control|sld_ela_trigger:\multi_level_advanced_trigger_gen:advanced_trigger_wrapper|sld_ela_trigger_tdo:auto_generated|sld_reserved_cpu_auto_signaltap_0_1_bfcb:mgl_prim1 ;                 ;
+--------+--------------+---------+--------------+--------------+---------------------------------------------------------------------------------------------------------------------------------------------------------------------------------------------------------------------------------------------------------------------------------------------------------------+-----------------+


+-----------------------------------------------------------------------------------+
; Registers Removed During Synthesis                                                ;
+----------------------------------------+------------------------------------------+
; Register name                          ; Reason for Removal                       ;
+----------------------------------------+------------------------------------------+
; DERegister:DE|PC_reg[1]                ; Merged with DERegister:DE|PCPlus4_reg[1] ;
; DERegister:DE|PC_reg[0]                ; Merged with DERegister:DE|PCPlus4_reg[0] ;
; FDRegister:FD|instr_reg[1]             ; Merged with FDRegister:FD|instr_reg[0]   ;
; FDRegister:FD|pcp4_reg[1]              ; Merged with FDRegister:FD|pc_reg[1]      ;
; FDRegister:FD|pcp4_reg[0]              ; Merged with FDRegister:FD|pc_reg[0]      ;
; RegisterFile:RF|R[0][0]                ; Stuck at GND due to stuck port data_in   ;
; RegisterFile:RF|R[0][1]                ; Stuck at GND due to stuck port data_in   ;
; RegisterFile:RF|R[0][2]                ; Stuck at GND due to stuck port data_in   ;
; RegisterFile:RF|R[0][3]                ; Stuck at GND due to stuck port data_in   ;
; RegisterFile:RF|R[0][4]                ; Stuck at GND due to stuck port data_in   ;
; RegisterFile:RF|R[0][5]                ; Stuck at GND due to stuck port data_in   ;
; RegisterFile:RF|R[0][6]                ; Stuck at GND due to stuck port data_in   ;
; RegisterFile:RF|R[0][7]                ; Stuck at GND due to stuck port data_in   ;
; RegisterFile:RF|R[0][8]                ; Stuck at GND due to stuck port data_in   ;
; RegisterFile:RF|R[0][9]                ; Stuck at GND due to stuck port data_in   ;
; RegisterFile:RF|R[0][10]               ; Stuck at GND due to stuck port data_in   ;
; RegisterFile:RF|R[0][11]               ; Stuck at GND due to stuck port data_in   ;
; RegisterFile:RF|R[0][12]               ; Stuck at GND due to stuck port data_in   ;
; RegisterFile:RF|R[0][13]               ; Stuck at GND due to stuck port data_in   ;
; RegisterFile:RF|R[0][14]               ; Stuck at GND due to stuck port data_in   ;
; RegisterFile:RF|R[0][15]               ; Stuck at GND due to stuck port data_in   ;
; RegisterFile:RF|R[0][16]               ; Stuck at GND due to stuck port data_in   ;
; RegisterFile:RF|R[0][17]               ; Stuck at GND due to stuck port data_in   ;
; RegisterFile:RF|R[0][18]               ; Stuck at GND due to stuck port data_in   ;
; RegisterFile:RF|R[0][19]               ; Stuck at GND due to stuck port data_in   ;
; RegisterFile:RF|R[0][20]               ; Stuck at GND due to stuck port data_in   ;
; RegisterFile:RF|R[0][21]               ; Stuck at GND due to stuck port data_in   ;
; RegisterFile:RF|R[0][22]               ; Stuck at GND due to stuck port data_in   ;
; RegisterFile:RF|R[0][23]               ; Stuck at GND due to stuck port data_in   ;
; RegisterFile:RF|R[0][24]               ; Stuck at GND due to stuck port data_in   ;
; RegisterFile:RF|R[0][25]               ; Stuck at GND due to stuck port data_in   ;
; RegisterFile:RF|R[0][26]               ; Stuck at GND due to stuck port data_in   ;
; RegisterFile:RF|R[0][27]               ; Stuck at GND due to stuck port data_in   ;
; RegisterFile:RF|R[0][28]               ; Stuck at GND due to stuck port data_in   ;
; RegisterFile:RF|R[0][29]               ; Stuck at GND due to stuck port data_in   ;
; RegisterFile:RF|R[0][30]               ; Stuck at GND due to stuck port data_in   ;
; RegisterFile:RF|R[0][31]               ; Stuck at GND due to stuck port data_in   ;
; Total Number of Removed Registers = 37 ;                                          ;
+----------------------------------------+------------------------------------------+


+------------------------------------------------------+
; General Register Statistics                          ;
+----------------------------------------------+-------+
; Statistic                                    ; Value ;
+----------------------------------------------+-------+
; Total registers                              ; 6283  ;
; Number of registers using Synchronous Clear  ; 5677  ;
; Number of registers using Synchronous Load   ; 196   ;
; Number of registers using Asynchronous Clear ; 165   ;
; Number of registers using Asynchronous Load  ; 0     ;
; Number of registers using Clock Enable       ; 3429  ;
; Number of registers using Preset             ; 0     ;
+----------------------------------------------+-------+


+-------------------------------------------------------------------------------------------------------------------------------------------------------------------------------------------------------------------------------------------------------------------------------------------------------------------------------------------+
; Inverted Register Statistics                                                                                                                                                                                                                                                                                                              ;
+---------------------------------------------------------------------------------------------------------------------------------------------------------------------------------------------------------------------------------------------------------------------------------------------------------------------------------+---------+
; Inverted Register                                                                                                                                                                                                                                                                                                               ; Fan out ;
+---------------------------------------------------------------------------------------------------------------------------------------------------------------------------------------------------------------------------------------------------------------------------------------------------------------------------------+---------+
; sld_hub:auto_hub|alt_sld_fab_with_jtag_input:\instrumentation_fabric_with_node_gen:fabric_gen_new_way:with_jtag_input_gen:instrumentation_fabric|alt_sld_fab:instrumentation_fabric|alt_sld_fab_alt_sld_fab:alt_sld_fab|alt_sld_fab_alt_sld_fab_sldfabric:sldfabric|sld_jtag_hub:\jtag_hub_gen:real_sld_jtag_hub|jtag_ir_reg[1] ; 3       ;
; sld_hub:auto_hub|alt_sld_fab_with_jtag_input:\instrumentation_fabric_with_node_gen:fabric_gen_new_way:with_jtag_input_gen:instrumentation_fabric|alt_sld_fab:instrumentation_fabric|alt_sld_fab_alt_sld_fab:alt_sld_fab|alt_sld_fab_alt_sld_fab_sldfabric:sldfabric|sld_jtag_hub:\jtag_hub_gen:real_sld_jtag_hub|jtag_ir_reg[2] ; 3       ;
; sld_signaltap:auto_signaltap_0|sld_signaltap_impl:sld_signaltap_body|sld_signaltap_implb:sld_signaltap_body|sld_buffer_manager:sld_buffer_manager_inst|modified_post_count[6]                                                                                                                                                   ; 1       ;
; sld_signaltap:auto_signaltap_0|sld_signaltap_impl:sld_signaltap_body|sld_signaltap_implb:sld_signaltap_body|sld_buffer_manager:sld_buffer_manager_inst|modified_post_count[7]                                                                                                                                                   ; 1       ;
; sld_signaltap:auto_signaltap_0|sld_signaltap_impl:sld_signaltap_body|sld_signaltap_implb:sld_signaltap_body|sld_buffer_manager:sld_buffer_manager_inst|modified_post_count[0]                                                                                                                                                   ; 1       ;
; sld_signaltap:auto_signaltap_0|sld_signaltap_impl:sld_signaltap_body|sld_signaltap_implb:sld_signaltap_body|sld_buffer_manager:sld_buffer_manager_inst|modified_post_count[1]                                                                                                                                                   ; 1       ;
; sld_signaltap:auto_signaltap_0|sld_signaltap_impl:sld_signaltap_body|sld_signaltap_implb:sld_signaltap_body|sld_buffer_manager:sld_buffer_manager_inst|modified_post_count[2]                                                                                                                                                   ; 1       ;
; sld_signaltap:auto_signaltap_0|sld_signaltap_impl:sld_signaltap_body|sld_signaltap_implb:sld_signaltap_body|sld_buffer_manager:sld_buffer_manager_inst|modified_post_count[3]                                                                                                                                                   ; 1       ;
; sld_signaltap:auto_signaltap_0|sld_signaltap_impl:sld_signaltap_body|sld_signaltap_implb:sld_signaltap_body|sld_buffer_manager:sld_buffer_manager_inst|modified_post_count[4]                                                                                                                                                   ; 1       ;
; sld_signaltap:auto_signaltap_0|sld_signaltap_impl:sld_signaltap_body|sld_signaltap_implb:sld_signaltap_body|sld_buffer_manager:sld_buffer_manager_inst|modified_post_count[5]                                                                                                                                                   ; 1       ;
; Total number of inverted registers = 10                                                                                                                                                                                                                                                                                         ;         ;
+---------------------------------------------------------------------------------------------------------------------------------------------------------------------------------------------------------------------------------------------------------------------------------------------------------------------------------+---------+


+---------------------------------------------------------------------------------------------------------------------------------------------------+
; Multiplexer Restructuring Statistics (Restructuring Performed)                                                                                    ;
+--------------------+-----------+---------------+----------------------+------------------------+------------+-------------------------------------+
; Multiplexer Inputs ; Bus Width ; Baseline Area ; Area if Restructured ; Saving if Restructured ; Registered ; Example Multiplexer Output          ;
+--------------------+-----------+---------------+----------------------+------------------------+------------+-------------------------------------+
; 9:1                ; 8 bits    ; 48 LEs        ; 0 LEs                ; 48 LEs                 ; Yes        ; |CPU|DataMemory:DM|MEM[127][0]      ;
; 10:1               ; 8 bits    ; 48 LEs        ; 0 LEs                ; 48 LEs                 ; Yes        ; |CPU|DataMemory:DM|MEM[127][11]     ;
; 9:1                ; 8 bits    ; 48 LEs        ; 0 LEs                ; 48 LEs                 ; Yes        ; |CPU|DataMemory:DM|MEM[126][0]      ;
; 10:1               ; 8 bits    ; 48 LEs        ; 0 LEs                ; 48 LEs                 ; Yes        ; |CPU|DataMemory:DM|MEM[126][9]      ;
; 9:1                ; 8 bits    ; 48 LEs        ; 0 LEs                ; 48 LEs                 ; Yes        ; |CPU|DataMemory:DM|MEM[125][1]      ;
; 10:1               ; 8 bits    ; 48 LEs        ; 0 LEs                ; 48 LEs                 ; Yes        ; |CPU|DataMemory:DM|MEM[125][13]     ;
; 9:1                ; 8 bits    ; 48 LEs        ; 0 LEs                ; 48 LEs                 ; Yes        ; |CPU|DataMemory:DM|MEM[124][4]      ;
; 10:1               ; 8 bits    ; 48 LEs        ; 0 LEs                ; 48 LEs                 ; Yes        ; |CPU|DataMemory:DM|MEM[124][12]     ;
; 9:1                ; 8 bits    ; 48 LEs        ; 0 LEs                ; 48 LEs                 ; Yes        ; |CPU|DataMemory:DM|MEM[123][7]      ;
; 10:1               ; 8 bits    ; 48 LEs        ; 0 LEs                ; 48 LEs                 ; Yes        ; |CPU|DataMemory:DM|MEM[123][12]     ;
; 9:1                ; 8 bits    ; 48 LEs        ; 0 LEs                ; 48 LEs                 ; Yes        ; |CPU|DataMemory:DM|MEM[122][7]      ;
; 10:1               ; 8 bits    ; 48 LEs        ; 0 LEs                ; 48 LEs                 ; Yes        ; |CPU|DataMemory:DM|MEM[122][9]      ;
; 9:1                ; 8 bits    ; 48 LEs        ; 0 LEs                ; 48 LEs                 ; Yes        ; |CPU|DataMemory:DM|MEM[121][3]      ;
; 10:1               ; 8 bits    ; 48 LEs        ; 0 LEs                ; 48 LEs                 ; Yes        ; |CPU|DataMemory:DM|MEM[121][8]      ;
; 9:1                ; 8 bits    ; 48 LEs        ; 0 LEs                ; 48 LEs                 ; Yes        ; |CPU|DataMemory:DM|MEM[120][4]      ;
; 10:1               ; 8 bits    ; 48 LEs        ; 0 LEs                ; 48 LEs                 ; Yes        ; |CPU|DataMemory:DM|MEM[120][12]     ;
; 9:1                ; 8 bits    ; 48 LEs        ; 0 LEs                ; 48 LEs                 ; Yes        ; |CPU|DataMemory:DM|MEM[119][1]      ;
; 10:1               ; 8 bits    ; 48 LEs        ; 0 LEs                ; 48 LEs                 ; Yes        ; |CPU|DataMemory:DM|MEM[119][9]      ;
; 9:1                ; 8 bits    ; 48 LEs        ; 0 LEs                ; 48 LEs                 ; Yes        ; |CPU|DataMemory:DM|MEM[118][1]      ;
; 10:1               ; 8 bits    ; 48 LEs        ; 0 LEs                ; 48 LEs                 ; Yes        ; |CPU|DataMemory:DM|MEM[118][10]     ;
; 9:1                ; 8 bits    ; 48 LEs        ; 0 LEs                ; 48 LEs                 ; Yes        ; |CPU|DataMemory:DM|MEM[117][1]      ;
; 10:1               ; 8 bits    ; 48 LEs        ; 0 LEs                ; 48 LEs                 ; Yes        ; |CPU|DataMemory:DM|MEM[117][14]     ;
; 9:1                ; 8 bits    ; 48 LEs        ; 0 LEs                ; 48 LEs                 ; Yes        ; |CPU|DataMemory:DM|MEM[116][0]      ;
; 10:1               ; 8 bits    ; 48 LEs        ; 0 LEs                ; 48 LEs                 ; Yes        ; |CPU|DataMemory:DM|MEM[116][9]      ;
; 9:1                ; 8 bits    ; 48 LEs        ; 0 LEs                ; 48 LEs                 ; Yes        ; |CPU|DataMemory:DM|MEM[115][3]      ;
; 10:1               ; 8 bits    ; 48 LEs        ; 0 LEs                ; 48 LEs                 ; Yes        ; |CPU|DataMemory:DM|MEM[115][12]     ;
; 9:1                ; 8 bits    ; 48 LEs        ; 0 LEs                ; 48 LEs                 ; Yes        ; |CPU|DataMemory:DM|MEM[114][4]      ;
; 10:1               ; 8 bits    ; 48 LEs        ; 0 LEs                ; 48 LEs                 ; Yes        ; |CPU|DataMemory:DM|MEM[114][8]      ;
; 9:1                ; 8 bits    ; 48 LEs        ; 0 LEs                ; 48 LEs                 ; Yes        ; |CPU|DataMemory:DM|MEM[113][6]      ;
; 10:1               ; 8 bits    ; 48 LEs        ; 0 LEs                ; 48 LEs                 ; Yes        ; |CPU|DataMemory:DM|MEM[113][14]     ;
; 9:1                ; 8 bits    ; 48 LEs        ; 0 LEs                ; 48 LEs                 ; Yes        ; |CPU|DataMemory:DM|MEM[112][1]      ;
; 10:1               ; 8 bits    ; 48 LEs        ; 0 LEs                ; 48 LEs                 ; Yes        ; |CPU|DataMemory:DM|MEM[112][12]     ;
; 9:1                ; 8 bits    ; 48 LEs        ; 0 LEs                ; 48 LEs                 ; Yes        ; |CPU|DataMemory:DM|MEM[111][0]      ;
; 10:1               ; 8 bits    ; 48 LEs        ; 0 LEs                ; 48 LEs                 ; Yes        ; |CPU|DataMemory:DM|MEM[111][9]      ;
; 9:1                ; 8 bits    ; 48 LEs        ; 0 LEs                ; 48 LEs                 ; Yes        ; |CPU|DataMemory:DM|MEM[110][7]      ;
; 10:1               ; 8 bits    ; 48 LEs        ; 0 LEs                ; 48 LEs                 ; Yes        ; |CPU|DataMemory:DM|MEM[110][9]      ;
; 9:1                ; 8 bits    ; 48 LEs        ; 0 LEs                ; 48 LEs                 ; Yes        ; |CPU|DataMemory:DM|MEM[109][6]      ;
; 10:1               ; 8 bits    ; 48 LEs        ; 0 LEs                ; 48 LEs                 ; Yes        ; |CPU|DataMemory:DM|MEM[109][15]     ;
; 9:1                ; 8 bits    ; 48 LEs        ; 0 LEs                ; 48 LEs                 ; Yes        ; |CPU|DataMemory:DM|MEM[108][7]      ;
; 10:1               ; 8 bits    ; 48 LEs        ; 0 LEs                ; 48 LEs                 ; Yes        ; |CPU|DataMemory:DM|MEM[108][15]     ;
; 9:1                ; 8 bits    ; 48 LEs        ; 0 LEs                ; 48 LEs                 ; Yes        ; |CPU|DataMemory:DM|MEM[107][6]      ;
; 10:1               ; 8 bits    ; 48 LEs        ; 0 LEs                ; 48 LEs                 ; Yes        ; |CPU|DataMemory:DM|MEM[107][15]     ;
; 9:1                ; 8 bits    ; 48 LEs        ; 0 LEs                ; 48 LEs                 ; Yes        ; |CPU|DataMemory:DM|MEM[106][4]      ;
; 10:1               ; 8 bits    ; 48 LEs        ; 0 LEs                ; 48 LEs                 ; Yes        ; |CPU|DataMemory:DM|MEM[106][14]     ;
; 9:1                ; 8 bits    ; 48 LEs        ; 0 LEs                ; 48 LEs                 ; Yes        ; |CPU|DataMemory:DM|MEM[105][0]      ;
; 10:1               ; 8 bits    ; 48 LEs        ; 0 LEs                ; 48 LEs                 ; Yes        ; |CPU|DataMemory:DM|MEM[105][12]     ;
; 9:1                ; 8 bits    ; 48 LEs        ; 0 LEs                ; 48 LEs                 ; Yes        ; |CPU|DataMemory:DM|MEM[104][2]      ;
; 10:1               ; 8 bits    ; 48 LEs        ; 0 LEs                ; 48 LEs                 ; Yes        ; |CPU|DataMemory:DM|MEM[104][8]      ;
; 9:1                ; 8 bits    ; 48 LEs        ; 0 LEs                ; 48 LEs                 ; Yes        ; |CPU|DataMemory:DM|MEM[103][6]      ;
; 10:1               ; 8 bits    ; 48 LEs        ; 0 LEs                ; 48 LEs                 ; Yes        ; |CPU|DataMemory:DM|MEM[103][11]     ;
; 9:1                ; 8 bits    ; 48 LEs        ; 0 LEs                ; 48 LEs                 ; Yes        ; |CPU|DataMemory:DM|MEM[102][1]      ;
; 10:1               ; 8 bits    ; 48 LEs        ; 0 LEs                ; 48 LEs                 ; Yes        ; |CPU|DataMemory:DM|MEM[102][8]      ;
; 9:1                ; 8 bits    ; 48 LEs        ; 0 LEs                ; 48 LEs                 ; Yes        ; |CPU|DataMemory:DM|MEM[101][1]      ;
; 10:1               ; 8 bits    ; 48 LEs        ; 0 LEs                ; 48 LEs                 ; Yes        ; |CPU|DataMemory:DM|MEM[101][8]      ;
; 9:1                ; 8 bits    ; 48 LEs        ; 0 LEs                ; 48 LEs                 ; Yes        ; |CPU|DataMemory:DM|MEM[100][0]      ;
; 10:1               ; 8 bits    ; 48 LEs        ; 0 LEs                ; 48 LEs                 ; Yes        ; |CPU|DataMemory:DM|MEM[100][13]     ;
; 9:1                ; 8 bits    ; 48 LEs        ; 0 LEs                ; 48 LEs                 ; Yes        ; |CPU|DataMemory:DM|MEM[99][1]       ;
; 10:1               ; 8 bits    ; 48 LEs        ; 0 LEs                ; 48 LEs                 ; Yes        ; |CPU|DataMemory:DM|MEM[99][15]      ;
; 9:1                ; 8 bits    ; 48 LEs        ; 0 LEs                ; 48 LEs                 ; Yes        ; |CPU|DataMemory:DM|MEM[98][6]       ;
; 10:1               ; 8 bits    ; 48 LEs        ; 0 LEs                ; 48 LEs                 ; Yes        ; |CPU|DataMemory:DM|MEM[98][8]       ;
; 9:1                ; 8 bits    ; 48 LEs        ; 0 LEs                ; 48 LEs                 ; Yes        ; |CPU|DataMemory:DM|MEM[97][4]       ;
; 10:1               ; 8 bits    ; 48 LEs        ; 0 LEs                ; 48 LEs                 ; Yes        ; |CPU|DataMemory:DM|MEM[97][12]      ;
; 9:1                ; 8 bits    ; 48 LEs        ; 0 LEs                ; 48 LEs                 ; Yes        ; |CPU|DataMemory:DM|MEM[96][5]       ;
; 10:1               ; 8 bits    ; 48 LEs        ; 0 LEs                ; 48 LEs                 ; Yes        ; |CPU|DataMemory:DM|MEM[96][11]      ;
; 9:1                ; 8 bits    ; 48 LEs        ; 0 LEs                ; 48 LEs                 ; Yes        ; |CPU|DataMemory:DM|MEM[95][4]       ;
; 10:1               ; 8 bits    ; 48 LEs        ; 0 LEs                ; 48 LEs                 ; Yes        ; |CPU|DataMemory:DM|MEM[95][8]       ;
; 9:1                ; 8 bits    ; 48 LEs        ; 0 LEs                ; 48 LEs                 ; Yes        ; |CPU|DataMemory:DM|MEM[94][4]       ;
; 10:1               ; 8 bits    ; 48 LEs        ; 0 LEs                ; 48 LEs                 ; Yes        ; |CPU|DataMemory:DM|MEM[94][8]       ;
; 9:1                ; 8 bits    ; 48 LEs        ; 0 LEs                ; 48 LEs                 ; Yes        ; |CPU|DataMemory:DM|MEM[93][0]       ;
; 10:1               ; 8 bits    ; 48 LEs        ; 0 LEs                ; 48 LEs                 ; Yes        ; |CPU|DataMemory:DM|MEM[93][14]      ;
; 9:1                ; 8 bits    ; 48 LEs        ; 0 LEs                ; 48 LEs                 ; Yes        ; |CPU|DataMemory:DM|MEM[92][3]       ;
; 10:1               ; 8 bits    ; 48 LEs        ; 0 LEs                ; 48 LEs                 ; Yes        ; |CPU|DataMemory:DM|MEM[92][13]      ;
; 9:1                ; 8 bits    ; 48 LEs        ; 0 LEs                ; 48 LEs                 ; Yes        ; |CPU|DataMemory:DM|MEM[91][4]       ;
; 10:1               ; 8 bits    ; 48 LEs        ; 0 LEs                ; 48 LEs                 ; Yes        ; |CPU|DataMemory:DM|MEM[91][14]      ;
; 9:1                ; 8 bits    ; 48 LEs        ; 0 LEs                ; 48 LEs                 ; Yes        ; |CPU|DataMemory:DM|MEM[90][7]       ;
; 10:1               ; 8 bits    ; 48 LEs        ; 0 LEs                ; 48 LEs                 ; Yes        ; |CPU|DataMemory:DM|MEM[90][11]      ;
; 9:1                ; 8 bits    ; 48 LEs        ; 0 LEs                ; 48 LEs                 ; Yes        ; |CPU|DataMemory:DM|MEM[89][5]       ;
; 10:1               ; 8 bits    ; 48 LEs        ; 0 LEs                ; 48 LEs                 ; Yes        ; |CPU|DataMemory:DM|MEM[89][15]      ;
; 9:1                ; 8 bits    ; 48 LEs        ; 0 LEs                ; 48 LEs                 ; Yes        ; |CPU|DataMemory:DM|MEM[88][5]       ;
; 10:1               ; 8 bits    ; 48 LEs        ; 0 LEs                ; 48 LEs                 ; Yes        ; |CPU|DataMemory:DM|MEM[88][15]      ;
; 9:1                ; 8 bits    ; 48 LEs        ; 0 LEs                ; 48 LEs                 ; Yes        ; |CPU|DataMemory:DM|MEM[87][6]       ;
; 10:1               ; 8 bits    ; 48 LEs        ; 0 LEs                ; 48 LEs                 ; Yes        ; |CPU|DataMemory:DM|MEM[87][8]       ;
; 9:1                ; 8 bits    ; 48 LEs        ; 0 LEs                ; 48 LEs                 ; Yes        ; |CPU|DataMemory:DM|MEM[86][3]       ;
; 10:1               ; 8 bits    ; 48 LEs        ; 0 LEs                ; 48 LEs                 ; Yes        ; |CPU|DataMemory:DM|MEM[86][10]      ;
; 9:1                ; 8 bits    ; 48 LEs        ; 0 LEs                ; 48 LEs                 ; Yes        ; |CPU|DataMemory:DM|MEM[85][5]       ;
; 10:1               ; 8 bits    ; 48 LEs        ; 0 LEs                ; 48 LEs                 ; Yes        ; |CPU|DataMemory:DM|MEM[85][12]      ;
; 9:1                ; 8 bits    ; 48 LEs        ; 0 LEs                ; 48 LEs                 ; Yes        ; |CPU|DataMemory:DM|MEM[84][3]       ;
; 10:1               ; 8 bits    ; 48 LEs        ; 0 LEs                ; 48 LEs                 ; Yes        ; |CPU|DataMemory:DM|MEM[84][8]       ;
; 9:1                ; 8 bits    ; 48 LEs        ; 0 LEs                ; 48 LEs                 ; Yes        ; |CPU|DataMemory:DM|MEM[83][7]       ;
; 10:1               ; 8 bits    ; 48 LEs        ; 0 LEs                ; 48 LEs                 ; Yes        ; |CPU|DataMemory:DM|MEM[83][11]      ;
; 9:1                ; 8 bits    ; 48 LEs        ; 0 LEs                ; 48 LEs                 ; Yes        ; |CPU|DataMemory:DM|MEM[82][7]       ;
; 10:1               ; 8 bits    ; 48 LEs        ; 0 LEs                ; 48 LEs                 ; Yes        ; |CPU|DataMemory:DM|MEM[82][9]       ;
; 9:1                ; 8 bits    ; 48 LEs        ; 0 LEs                ; 48 LEs                 ; Yes        ; |CPU|DataMemory:DM|MEM[81][3]       ;
; 10:1               ; 8 bits    ; 48 LEs        ; 0 LEs                ; 48 LEs                 ; Yes        ; |CPU|DataMemory:DM|MEM[81][15]      ;
; 9:1                ; 8 bits    ; 48 LEs        ; 0 LEs                ; 48 LEs                 ; Yes        ; |CPU|DataMemory:DM|MEM[80][7]       ;
; 10:1               ; 8 bits    ; 48 LEs        ; 0 LEs                ; 48 LEs                 ; Yes        ; |CPU|DataMemory:DM|MEM[80][8]       ;
; 9:1                ; 8 bits    ; 48 LEs        ; 0 LEs                ; 48 LEs                 ; Yes        ; |CPU|DataMemory:DM|MEM[79][0]       ;
; 10:1               ; 8 bits    ; 48 LEs        ; 0 LEs                ; 48 LEs                 ; Yes        ; |CPU|DataMemory:DM|MEM[79][8]       ;
; 9:1                ; 8 bits    ; 48 LEs        ; 0 LEs                ; 48 LEs                 ; Yes        ; |CPU|DataMemory:DM|MEM[78][0]       ;
; 10:1               ; 8 bits    ; 48 LEs        ; 0 LEs                ; 48 LEs                 ; Yes        ; |CPU|DataMemory:DM|MEM[78][8]       ;
; 9:1                ; 8 bits    ; 48 LEs        ; 0 LEs                ; 48 LEs                 ; Yes        ; |CPU|DataMemory:DM|MEM[77][0]       ;
; 10:1               ; 8 bits    ; 48 LEs        ; 0 LEs                ; 48 LEs                 ; Yes        ; |CPU|DataMemory:DM|MEM[77][14]      ;
; 9:1                ; 8 bits    ; 48 LEs        ; 0 LEs                ; 48 LEs                 ; Yes        ; |CPU|DataMemory:DM|MEM[76][2]       ;
; 10:1               ; 8 bits    ; 48 LEs        ; 0 LEs                ; 48 LEs                 ; Yes        ; |CPU|DataMemory:DM|MEM[76][8]       ;
; 9:1                ; 8 bits    ; 48 LEs        ; 0 LEs                ; 48 LEs                 ; Yes        ; |CPU|DataMemory:DM|MEM[75][7]       ;
; 10:1               ; 8 bits    ; 48 LEs        ; 0 LEs                ; 48 LEs                 ; Yes        ; |CPU|DataMemory:DM|MEM[75][12]      ;
; 9:1                ; 8 bits    ; 48 LEs        ; 0 LEs                ; 48 LEs                 ; Yes        ; |CPU|DataMemory:DM|MEM[74][1]       ;
; 10:1               ; 8 bits    ; 48 LEs        ; 0 LEs                ; 48 LEs                 ; Yes        ; |CPU|DataMemory:DM|MEM[74][14]      ;
; 9:1                ; 8 bits    ; 48 LEs        ; 0 LEs                ; 48 LEs                 ; Yes        ; |CPU|DataMemory:DM|MEM[73][1]       ;
; 10:1               ; 8 bits    ; 48 LEs        ; 0 LEs                ; 48 LEs                 ; Yes        ; |CPU|DataMemory:DM|MEM[73][10]      ;
; 9:1                ; 8 bits    ; 48 LEs        ; 0 LEs                ; 48 LEs                 ; Yes        ; |CPU|DataMemory:DM|MEM[72][0]       ;
; 10:1               ; 8 bits    ; 48 LEs        ; 0 LEs                ; 48 LEs                 ; Yes        ; |CPU|DataMemory:DM|MEM[72][12]      ;
; 9:1                ; 8 bits    ; 48 LEs        ; 0 LEs                ; 48 LEs                 ; Yes        ; |CPU|DataMemory:DM|MEM[71][1]       ;
; 10:1               ; 8 bits    ; 48 LEs        ; 0 LEs                ; 48 LEs                 ; Yes        ; |CPU|DataMemory:DM|MEM[71][13]      ;
; 9:1                ; 8 bits    ; 48 LEs        ; 0 LEs                ; 48 LEs                 ; Yes        ; |CPU|DataMemory:DM|MEM[70][4]       ;
; 10:1               ; 8 bits    ; 48 LEs        ; 0 LEs                ; 48 LEs                 ; Yes        ; |CPU|DataMemory:DM|MEM[70][14]      ;
; 9:1                ; 8 bits    ; 48 LEs        ; 0 LEs                ; 48 LEs                 ; Yes        ; |CPU|DataMemory:DM|MEM[69][0]       ;
; 10:1               ; 8 bits    ; 48 LEs        ; 0 LEs                ; 48 LEs                 ; Yes        ; |CPU|DataMemory:DM|MEM[69][15]      ;
; 9:1                ; 8 bits    ; 48 LEs        ; 0 LEs                ; 48 LEs                 ; Yes        ; |CPU|DataMemory:DM|MEM[68][4]       ;
; 10:1               ; 8 bits    ; 48 LEs        ; 0 LEs                ; 48 LEs                 ; Yes        ; |CPU|DataMemory:DM|MEM[68][15]      ;
; 9:1                ; 8 bits    ; 48 LEs        ; 0 LEs                ; 48 LEs                 ; Yes        ; |CPU|DataMemory:DM|MEM[67][7]       ;
; 10:1               ; 8 bits    ; 48 LEs        ; 0 LEs                ; 48 LEs                 ; Yes        ; |CPU|DataMemory:DM|MEM[67][12]      ;
; 9:1                ; 8 bits    ; 48 LEs        ; 0 LEs                ; 48 LEs                 ; Yes        ; |CPU|DataMemory:DM|MEM[66][0]       ;
; 10:1               ; 8 bits    ; 48 LEs        ; 0 LEs                ; 48 LEs                 ; Yes        ; |CPU|DataMemory:DM|MEM[66][11]      ;
; 9:1                ; 8 bits    ; 48 LEs        ; 0 LEs                ; 48 LEs                 ; Yes        ; |CPU|DataMemory:DM|MEM[65][7]       ;
; 10:1               ; 8 bits    ; 48 LEs        ; 0 LEs                ; 48 LEs                 ; Yes        ; |CPU|DataMemory:DM|MEM[65][15]      ;
; 9:1                ; 8 bits    ; 48 LEs        ; 0 LEs                ; 48 LEs                 ; Yes        ; |CPU|DataMemory:DM|MEM[64][1]       ;
; 10:1               ; 8 bits    ; 48 LEs        ; 0 LEs                ; 48 LEs                 ; Yes        ; |CPU|DataMemory:DM|MEM[64][11]      ;
; 9:1                ; 8 bits    ; 48 LEs        ; 0 LEs                ; 48 LEs                 ; Yes        ; |CPU|DataMemory:DM|MEM[63][4]       ;
; 10:1               ; 8 bits    ; 48 LEs        ; 0 LEs                ; 48 LEs                 ; Yes        ; |CPU|DataMemory:DM|MEM[63][10]      ;
; 9:1                ; 8 bits    ; 48 LEs        ; 0 LEs                ; 48 LEs                 ; Yes        ; |CPU|DataMemory:DM|MEM[62][4]       ;
; 10:1               ; 8 bits    ; 48 LEs        ; 0 LEs                ; 48 LEs                 ; Yes        ; |CPU|DataMemory:DM|MEM[62][15]      ;
; 9:1                ; 8 bits    ; 48 LEs        ; 0 LEs                ; 48 LEs                 ; Yes        ; |CPU|DataMemory:DM|MEM[61][1]       ;
; 10:1               ; 8 bits    ; 48 LEs        ; 0 LEs                ; 48 LEs                 ; Yes        ; |CPU|DataMemory:DM|MEM[61][11]      ;
; 9:1                ; 8 bits    ; 48 LEs        ; 0 LEs                ; 48 LEs                 ; Yes        ; |CPU|DataMemory:DM|MEM[60][1]       ;
; 10:1               ; 8 bits    ; 48 LEs        ; 0 LEs                ; 48 LEs                 ; Yes        ; |CPU|DataMemory:DM|MEM[60][11]      ;
; 9:1                ; 8 bits    ; 48 LEs        ; 0 LEs                ; 48 LEs                 ; Yes        ; |CPU|DataMemory:DM|MEM[59][5]       ;
; 10:1               ; 8 bits    ; 48 LEs        ; 0 LEs                ; 48 LEs                 ; Yes        ; |CPU|DataMemory:DM|MEM[59][9]       ;
; 9:1                ; 8 bits    ; 48 LEs        ; 0 LEs                ; 48 LEs                 ; Yes        ; |CPU|DataMemory:DM|MEM[58][5]       ;
; 10:1               ; 8 bits    ; 48 LEs        ; 0 LEs                ; 48 LEs                 ; Yes        ; |CPU|DataMemory:DM|MEM[58][14]      ;
; 9:1                ; 8 bits    ; 48 LEs        ; 0 LEs                ; 48 LEs                 ; Yes        ; |CPU|DataMemory:DM|MEM[57][5]       ;
; 10:1               ; 8 bits    ; 48 LEs        ; 0 LEs                ; 48 LEs                 ; Yes        ; |CPU|DataMemory:DM|MEM[57][8]       ;
; 9:1                ; 8 bits    ; 48 LEs        ; 0 LEs                ; 48 LEs                 ; Yes        ; |CPU|DataMemory:DM|MEM[56][6]       ;
; 10:1               ; 8 bits    ; 48 LEs        ; 0 LEs                ; 48 LEs                 ; Yes        ; |CPU|DataMemory:DM|MEM[56][14]      ;
; 9:1                ; 8 bits    ; 48 LEs        ; 0 LEs                ; 48 LEs                 ; Yes        ; |CPU|DataMemory:DM|MEM[55][7]       ;
; 10:1               ; 8 bits    ; 48 LEs        ; 0 LEs                ; 48 LEs                 ; Yes        ; |CPU|DataMemory:DM|MEM[55][12]      ;
; 9:1                ; 8 bits    ; 48 LEs        ; 0 LEs                ; 48 LEs                 ; Yes        ; |CPU|DataMemory:DM|MEM[54][7]       ;
; 10:1               ; 8 bits    ; 48 LEs        ; 0 LEs                ; 48 LEs                 ; Yes        ; |CPU|DataMemory:DM|MEM[54][15]      ;
; 9:1                ; 8 bits    ; 48 LEs        ; 0 LEs                ; 48 LEs                 ; Yes        ; |CPU|DataMemory:DM|MEM[53][0]       ;
; 10:1               ; 8 bits    ; 48 LEs        ; 0 LEs                ; 48 LEs                 ; Yes        ; |CPU|DataMemory:DM|MEM[53][10]      ;
; 9:1                ; 8 bits    ; 48 LEs        ; 0 LEs                ; 48 LEs                 ; Yes        ; |CPU|DataMemory:DM|MEM[52][7]       ;
; 10:1               ; 8 bits    ; 48 LEs        ; 0 LEs                ; 48 LEs                 ; Yes        ; |CPU|DataMemory:DM|MEM[52][15]      ;
; 9:1                ; 8 bits    ; 48 LEs        ; 0 LEs                ; 48 LEs                 ; Yes        ; |CPU|DataMemory:DM|MEM[51][2]       ;
; 10:1               ; 8 bits    ; 48 LEs        ; 0 LEs                ; 48 LEs                 ; Yes        ; |CPU|DataMemory:DM|MEM[51][13]      ;
; 9:1                ; 8 bits    ; 48 LEs        ; 0 LEs                ; 48 LEs                 ; Yes        ; |CPU|DataMemory:DM|MEM[50][0]       ;
; 10:1               ; 8 bits    ; 48 LEs        ; 0 LEs                ; 48 LEs                 ; Yes        ; |CPU|DataMemory:DM|MEM[50][14]      ;
; 9:1                ; 8 bits    ; 48 LEs        ; 0 LEs                ; 48 LEs                 ; Yes        ; |CPU|DataMemory:DM|MEM[49][1]       ;
; 10:1               ; 8 bits    ; 48 LEs        ; 0 LEs                ; 48 LEs                 ; Yes        ; |CPU|DataMemory:DM|MEM[49][8]       ;
; 9:1                ; 8 bits    ; 48 LEs        ; 0 LEs                ; 48 LEs                 ; Yes        ; |CPU|DataMemory:DM|MEM[48][3]       ;
; 10:1               ; 8 bits    ; 48 LEs        ; 0 LEs                ; 48 LEs                 ; Yes        ; |CPU|DataMemory:DM|MEM[48][12]      ;
; 9:1                ; 8 bits    ; 48 LEs        ; 0 LEs                ; 48 LEs                 ; Yes        ; |CPU|DataMemory:DM|MEM[47][5]       ;
; 10:1               ; 8 bits    ; 48 LEs        ; 0 LEs                ; 48 LEs                 ; Yes        ; |CPU|DataMemory:DM|MEM[47][8]       ;
; 9:1                ; 8 bits    ; 48 LEs        ; 0 LEs                ; 48 LEs                 ; Yes        ; |CPU|DataMemory:DM|MEM[46][6]       ;
; 10:1               ; 8 bits    ; 48 LEs        ; 0 LEs                ; 48 LEs                 ; Yes        ; |CPU|DataMemory:DM|MEM[46][12]      ;
; 9:1                ; 8 bits    ; 48 LEs        ; 0 LEs                ; 48 LEs                 ; Yes        ; |CPU|DataMemory:DM|MEM[45][5]       ;
; 10:1               ; 8 bits    ; 48 LEs        ; 0 LEs                ; 48 LEs                 ; Yes        ; |CPU|DataMemory:DM|MEM[45][8]       ;
; 9:1                ; 8 bits    ; 48 LEs        ; 0 LEs                ; 48 LEs                 ; Yes        ; |CPU|DataMemory:DM|MEM[44][1]       ;
; 10:1               ; 8 bits    ; 48 LEs        ; 0 LEs                ; 48 LEs                 ; Yes        ; |CPU|DataMemory:DM|MEM[44][10]      ;
; 9:1                ; 8 bits    ; 48 LEs        ; 0 LEs                ; 48 LEs                 ; Yes        ; |CPU|DataMemory:DM|MEM[43][0]       ;
; 10:1               ; 8 bits    ; 48 LEs        ; 0 LEs                ; 48 LEs                 ; Yes        ; |CPU|DataMemory:DM|MEM[43][8]       ;
; 9:1                ; 8 bits    ; 48 LEs        ; 0 LEs                ; 48 LEs                 ; Yes        ; |CPU|DataMemory:DM|MEM[42][3]       ;
; 10:1               ; 8 bits    ; 48 LEs        ; 0 LEs                ; 48 LEs                 ; Yes        ; |CPU|DataMemory:DM|MEM[42][15]      ;
; 9:1                ; 8 bits    ; 48 LEs        ; 0 LEs                ; 48 LEs                 ; Yes        ; |CPU|DataMemory:DM|MEM[41][1]       ;
; 10:1               ; 8 bits    ; 48 LEs        ; 0 LEs                ; 48 LEs                 ; Yes        ; |CPU|DataMemory:DM|MEM[41][15]      ;
; 9:1                ; 8 bits    ; 48 LEs        ; 0 LEs                ; 48 LEs                 ; Yes        ; |CPU|DataMemory:DM|MEM[40][3]       ;
; 10:1               ; 8 bits    ; 48 LEs        ; 0 LEs                ; 48 LEs                 ; Yes        ; |CPU|DataMemory:DM|MEM[40][10]      ;
; 9:1                ; 8 bits    ; 48 LEs        ; 0 LEs                ; 48 LEs                 ; Yes        ; |CPU|DataMemory:DM|MEM[39][5]       ;
; 10:1               ; 8 bits    ; 48 LEs        ; 0 LEs                ; 48 LEs                 ; Yes        ; |CPU|DataMemory:DM|MEM[39][8]       ;
; 9:1                ; 8 bits    ; 48 LEs        ; 0 LEs                ; 48 LEs                 ; Yes        ; |CPU|DataMemory:DM|MEM[38][7]       ;
; 10:1               ; 8 bits    ; 48 LEs        ; 0 LEs                ; 48 LEs                 ; Yes        ; |CPU|DataMemory:DM|MEM[38][9]       ;
; 9:1                ; 8 bits    ; 48 LEs        ; 0 LEs                ; 48 LEs                 ; Yes        ; |CPU|DataMemory:DM|MEM[37][3]       ;
; 10:1               ; 8 bits    ; 48 LEs        ; 0 LEs                ; 48 LEs                 ; Yes        ; |CPU|DataMemory:DM|MEM[37][11]      ;
; 9:1                ; 8 bits    ; 48 LEs        ; 0 LEs                ; 48 LEs                 ; Yes        ; |CPU|DataMemory:DM|MEM[36][4]       ;
; 10:1               ; 8 bits    ; 48 LEs        ; 0 LEs                ; 48 LEs                 ; Yes        ; |CPU|DataMemory:DM|MEM[36][9]       ;
; 9:1                ; 8 bits    ; 48 LEs        ; 0 LEs                ; 48 LEs                 ; Yes        ; |CPU|DataMemory:DM|MEM[35][3]       ;
; 10:1               ; 8 bits    ; 48 LEs        ; 0 LEs                ; 48 LEs                 ; Yes        ; |CPU|DataMemory:DM|MEM[35][15]      ;
; 9:1                ; 8 bits    ; 48 LEs        ; 0 LEs                ; 48 LEs                 ; Yes        ; |CPU|DataMemory:DM|MEM[34][4]       ;
; 10:1               ; 8 bits    ; 48 LEs        ; 0 LEs                ; 48 LEs                 ; Yes        ; |CPU|DataMemory:DM|MEM[34][8]       ;
; 9:1                ; 8 bits    ; 48 LEs        ; 0 LEs                ; 48 LEs                 ; Yes        ; |CPU|DataMemory:DM|MEM[33][4]       ;
; 10:1               ; 8 bits    ; 48 LEs        ; 0 LEs                ; 48 LEs                 ; Yes        ; |CPU|DataMemory:DM|MEM[33][12]      ;
; 9:1                ; 8 bits    ; 48 LEs        ; 0 LEs                ; 48 LEs                 ; Yes        ; |CPU|DataMemory:DM|MEM[32][0]       ;
; 10:1               ; 8 bits    ; 48 LEs        ; 0 LEs                ; 48 LEs                 ; Yes        ; |CPU|DataMemory:DM|MEM[32][8]       ;
; 9:1                ; 8 bits    ; 48 LEs        ; 0 LEs                ; 48 LEs                 ; Yes        ; |CPU|DataMemory:DM|MEM[31][3]       ;
; 10:1               ; 8 bits    ; 48 LEs        ; 0 LEs                ; 48 LEs                 ; Yes        ; |CPU|DataMemory:DM|MEM[31][9]       ;
; 9:1                ; 8 bits    ; 48 LEs        ; 0 LEs                ; 48 LEs                 ; Yes        ; |CPU|DataMemory:DM|MEM[30][7]       ;
; 10:1               ; 8 bits    ; 48 LEs        ; 0 LEs                ; 48 LEs                 ; Yes        ; |CPU|DataMemory:DM|MEM[30][8]       ;
; 9:1                ; 8 bits    ; 48 LEs        ; 0 LEs                ; 48 LEs                 ; Yes        ; |CPU|DataMemory:DM|MEM[29][1]       ;
; 10:1               ; 8 bits    ; 48 LEs        ; 0 LEs                ; 48 LEs                 ; Yes        ; |CPU|DataMemory:DM|MEM[29][15]      ;
; 9:1                ; 8 bits    ; 48 LEs        ; 0 LEs                ; 48 LEs                 ; Yes        ; |CPU|DataMemory:DM|MEM[28][0]       ;
; 10:1               ; 8 bits    ; 48 LEs        ; 0 LEs                ; 48 LEs                 ; Yes        ; |CPU|DataMemory:DM|MEM[28][12]      ;
; 9:1                ; 8 bits    ; 48 LEs        ; 0 LEs                ; 48 LEs                 ; Yes        ; |CPU|DataMemory:DM|MEM[27][0]       ;
; 10:1               ; 8 bits    ; 48 LEs        ; 0 LEs                ; 48 LEs                 ; Yes        ; |CPU|DataMemory:DM|MEM[27][8]       ;
; 9:1                ; 8 bits    ; 48 LEs        ; 0 LEs                ; 48 LEs                 ; Yes        ; |CPU|DataMemory:DM|MEM[26][0]       ;
; 10:1               ; 8 bits    ; 48 LEs        ; 0 LEs                ; 48 LEs                 ; Yes        ; |CPU|DataMemory:DM|MEM[26][11]      ;
; 9:1                ; 8 bits    ; 48 LEs        ; 0 LEs                ; 48 LEs                 ; Yes        ; |CPU|DataMemory:DM|MEM[25][2]       ;
; 10:1               ; 8 bits    ; 48 LEs        ; 0 LEs                ; 48 LEs                 ; Yes        ; |CPU|DataMemory:DM|MEM[25][14]      ;
; 9:1                ; 8 bits    ; 48 LEs        ; 0 LEs                ; 48 LEs                 ; Yes        ; |CPU|DataMemory:DM|MEM[24][5]       ;
; 10:1               ; 8 bits    ; 48 LEs        ; 0 LEs                ; 48 LEs                 ; Yes        ; |CPU|DataMemory:DM|MEM[24][15]      ;
; 9:1                ; 8 bits    ; 48 LEs        ; 0 LEs                ; 48 LEs                 ; Yes        ; |CPU|DataMemory:DM|MEM[23][5]       ;
; 10:1               ; 8 bits    ; 48 LEs        ; 0 LEs                ; 48 LEs                 ; Yes        ; |CPU|DataMemory:DM|MEM[23][14]      ;
; 9:1                ; 8 bits    ; 48 LEs        ; 0 LEs                ; 48 LEs                 ; Yes        ; |CPU|DataMemory:DM|MEM[22][7]       ;
; 10:1               ; 8 bits    ; 48 LEs        ; 0 LEs                ; 48 LEs                 ; Yes        ; |CPU|DataMemory:DM|MEM[22][8]       ;
; 9:1                ; 8 bits    ; 48 LEs        ; 0 LEs                ; 48 LEs                 ; Yes        ; |CPU|DataMemory:DM|MEM[21][5]       ;
; 10:1               ; 8 bits    ; 48 LEs        ; 0 LEs                ; 48 LEs                 ; Yes        ; |CPU|DataMemory:DM|MEM[21][9]       ;
; 9:1                ; 8 bits    ; 48 LEs        ; 0 LEs                ; 48 LEs                 ; Yes        ; |CPU|DataMemory:DM|MEM[20][0]       ;
; 10:1               ; 8 bits    ; 48 LEs        ; 0 LEs                ; 48 LEs                 ; Yes        ; |CPU|DataMemory:DM|MEM[20][14]      ;
; 9:1                ; 8 bits    ; 48 LEs        ; 0 LEs                ; 48 LEs                 ; Yes        ; |CPU|DataMemory:DM|MEM[19][7]       ;
; 10:1               ; 8 bits    ; 48 LEs        ; 0 LEs                ; 48 LEs                 ; Yes        ; |CPU|DataMemory:DM|MEM[19][9]       ;
; 9:1                ; 8 bits    ; 48 LEs        ; 0 LEs                ; 48 LEs                 ; Yes        ; |CPU|DataMemory:DM|MEM[18][0]       ;
; 10:1               ; 8 bits    ; 48 LEs        ; 0 LEs                ; 48 LEs                 ; Yes        ; |CPU|DataMemory:DM|MEM[18][12]      ;
; 9:1                ; 8 bits    ; 48 LEs        ; 0 LEs                ; 48 LEs                 ; Yes        ; |CPU|DataMemory:DM|MEM[17][7]       ;
; 10:1               ; 8 bits    ; 48 LEs        ; 0 LEs                ; 48 LEs                 ; Yes        ; |CPU|DataMemory:DM|MEM[17][12]      ;
; 9:1                ; 8 bits    ; 48 LEs        ; 0 LEs                ; 48 LEs                 ; Yes        ; |CPU|DataMemory:DM|MEM[16][5]       ;
; 10:1               ; 8 bits    ; 48 LEs        ; 0 LEs                ; 48 LEs                 ; Yes        ; |CPU|DataMemory:DM|MEM[16][15]      ;
; 9:1                ; 8 bits    ; 48 LEs        ; 0 LEs                ; 48 LEs                 ; Yes        ; |CPU|DataMemory:DM|MEM[15][0]       ;
; 10:1               ; 8 bits    ; 48 LEs        ; 0 LEs                ; 48 LEs                 ; Yes        ; |CPU|DataMemory:DM|MEM[15][13]      ;
; 9:1                ; 8 bits    ; 48 LEs        ; 0 LEs                ; 48 LEs                 ; Yes        ; |CPU|DataMemory:DM|MEM[14][2]       ;
; 10:1               ; 8 bits    ; 48 LEs        ; 0 LEs                ; 48 LEs                 ; Yes        ; |CPU|DataMemory:DM|MEM[14][15]      ;
; 9:1                ; 8 bits    ; 48 LEs        ; 0 LEs                ; 48 LEs                 ; Yes        ; |CPU|DataMemory:DM|MEM[13][6]       ;
; 10:1               ; 8 bits    ; 48 LEs        ; 0 LEs                ; 48 LEs                 ; Yes        ; |CPU|DataMemory:DM|MEM[13][8]       ;
; 9:1                ; 8 bits    ; 48 LEs        ; 0 LEs                ; 48 LEs                 ; Yes        ; |CPU|DataMemory:DM|MEM[12][1]       ;
; 10:1               ; 8 bits    ; 48 LEs        ; 0 LEs                ; 48 LEs                 ; Yes        ; |CPU|DataMemory:DM|MEM[12][9]       ;
; 9:1                ; 8 bits    ; 48 LEs        ; 0 LEs                ; 48 LEs                 ; Yes        ; |CPU|DataMemory:DM|MEM[11][2]       ;
; 10:1               ; 8 bits    ; 48 LEs        ; 0 LEs                ; 48 LEs                 ; Yes        ; |CPU|DataMemory:DM|MEM[11][9]       ;
; 9:1                ; 8 bits    ; 48 LEs        ; 0 LEs                ; 48 LEs                 ; Yes        ; |CPU|DataMemory:DM|MEM[10][0]       ;
; 10:1               ; 8 bits    ; 48 LEs        ; 0 LEs                ; 48 LEs                 ; Yes        ; |CPU|DataMemory:DM|MEM[10][15]      ;
; 9:1                ; 8 bits    ; 48 LEs        ; 0 LEs                ; 48 LEs                 ; Yes        ; |CPU|DataMemory:DM|MEM[9][0]        ;
; 10:1               ; 8 bits    ; 48 LEs        ; 0 LEs                ; 48 LEs                 ; Yes        ; |CPU|DataMemory:DM|MEM[9][15]       ;
; 9:1                ; 8 bits    ; 48 LEs        ; 0 LEs                ; 48 LEs                 ; Yes        ; |CPU|DataMemory:DM|MEM[8][1]        ;
; 10:1               ; 8 bits    ; 48 LEs        ; 0 LEs                ; 48 LEs                 ; Yes        ; |CPU|DataMemory:DM|MEM[8][11]       ;
; 9:1                ; 8 bits    ; 48 LEs        ; 0 LEs                ; 48 LEs                 ; Yes        ; |CPU|DataMemory:DM|MEM[7][0]        ;
; 10:1               ; 8 bits    ; 48 LEs        ; 0 LEs                ; 48 LEs                 ; Yes        ; |CPU|DataMemory:DM|MEM[7][9]        ;
; 9:1                ; 8 bits    ; 48 LEs        ; 0 LEs                ; 48 LEs                 ; Yes        ; |CPU|DataMemory:DM|MEM[6][4]        ;
; 10:1               ; 8 bits    ; 48 LEs        ; 0 LEs                ; 48 LEs                 ; Yes        ; |CPU|DataMemory:DM|MEM[6][12]       ;
; 9:1                ; 8 bits    ; 48 LEs        ; 0 LEs                ; 48 LEs                 ; Yes        ; |CPU|DataMemory:DM|MEM[5][1]        ;
; 10:1               ; 8 bits    ; 48 LEs        ; 0 LEs                ; 48 LEs                 ; Yes        ; |CPU|DataMemory:DM|MEM[5][15]       ;
; 9:1                ; 8 bits    ; 48 LEs        ; 0 LEs                ; 48 LEs                 ; Yes        ; |CPU|DataMemory:DM|MEM[4][7]        ;
; 10:1               ; 8 bits    ; 48 LEs        ; 0 LEs                ; 48 LEs                 ; Yes        ; |CPU|DataMemory:DM|MEM[4][8]        ;
; 9:1                ; 8 bits    ; 48 LEs        ; 0 LEs                ; 48 LEs                 ; Yes        ; |CPU|DataMemory:DM|MEM[3][0]        ;
; 10:1               ; 8 bits    ; 48 LEs        ; 0 LEs                ; 48 LEs                 ; Yes        ; |CPU|DataMemory:DM|MEM[3][12]       ;
; 9:1                ; 8 bits    ; 48 LEs        ; 0 LEs                ; 48 LEs                 ; Yes        ; |CPU|DataMemory:DM|MEM[2][7]        ;
; 10:1               ; 8 bits    ; 48 LEs        ; 0 LEs                ; 48 LEs                 ; Yes        ; |CPU|DataMemory:DM|MEM[2][15]       ;
; 9:1                ; 8 bits    ; 48 LEs        ; 0 LEs                ; 48 LEs                 ; Yes        ; |CPU|DataMemory:DM|MEM[1][5]        ;
; 10:1               ; 8 bits    ; 48 LEs        ; 0 LEs                ; 48 LEs                 ; Yes        ; |CPU|DataMemory:DM|MEM[1][9]        ;
; 9:1                ; 8 bits    ; 48 LEs        ; 0 LEs                ; 48 LEs                 ; Yes        ; |CPU|DataMemory:DM|MEM[0][3]        ;
; 10:1               ; 8 bits    ; 48 LEs        ; 0 LEs                ; 48 LEs                 ; Yes        ; |CPU|DataMemory:DM|MEM[0][11]       ;
; 132:1              ; 7 bits    ; 616 LEs       ; 609 LEs              ; 7 LEs                  ; Yes        ; |CPU|MWRegister:MW|ReadData_reg[5]  ;
; 133:1              ; 16 bits   ; 1408 LEs      ; 1376 LEs             ; 32 LEs                 ; Yes        ; |CPU|MWRegister:MW|ReadData_reg[26] ;
; 133:1              ; 7 bits    ; 616 LEs       ; 616 LEs              ; 0 LEs                  ; Yes        ; |CPU|MWRegister:MW|ReadData_reg[12] ;
; 3:1                ; 32 bits   ; 64 LEs        ; 64 LEs               ; 0 LEs                  ; No         ; |CPU|ResultW[31]                    ;
; 3:1                ; 32 bits   ; 64 LEs        ; 64 LEs               ; 0 LEs                  ; No         ; |CPU|WriteDataE[4]                  ;
; 128:1              ; 2 bits    ; 170 LEs       ; 170 LEs              ; 0 LEs                  ; No         ; |CPU|DataMemory:DM|Mux24            ;
; 3:1                ; 32 bits   ; 64 LEs        ; 0 LEs                ; 64 LEs                 ; Yes        ; |CPU|RegisterFile:RF|R[16][22]      ;
; 3:1                ; 32 bits   ; 64 LEs        ; 0 LEs                ; 64 LEs                 ; Yes        ; |CPU|RegisterFile:RF|R[8][13]       ;
; 3:1                ; 32 bits   ; 64 LEs        ; 0 LEs                ; 64 LEs                 ; Yes        ; |CPU|RegisterFile:RF|R[24][14]      ;
; 3:1                ; 32 bits   ; 64 LEs        ; 0 LEs                ; 64 LEs                 ; Yes        ; |CPU|RegisterFile:RF|R[4][19]       ;
; 3:1                ; 32 bits   ; 64 LEs        ; 0 LEs                ; 64 LEs                 ; Yes        ; |CPU|RegisterFile:RF|R[20][1]       ;
; 3:1                ; 32 bits   ; 64 LEs        ; 0 LEs                ; 64 LEs                 ; Yes        ; |CPU|RegisterFile:RF|R[12][24]      ;
; 3:1                ; 32 bits   ; 64 LEs        ; 0 LEs                ; 64 LEs                 ; Yes        ; |CPU|RegisterFile:RF|R[28][0]       ;
; 3:1                ; 32 bits   ; 64 LEs        ; 0 LEs                ; 64 LEs                 ; Yes        ; |CPU|RegisterFile:RF|R[2][16]       ;
; 3:1                ; 32 bits   ; 64 LEs        ; 0 LEs                ; 64 LEs                 ; Yes        ; |CPU|RegisterFile:RF|R[18][29]      ;
; 3:1                ; 32 bits   ; 64 LEs        ; 0 LEs                ; 64 LEs                 ; Yes        ; |CPU|RegisterFile:RF|R[10][11]      ;
; 3:1                ; 32 bits   ; 64 LEs        ; 0 LEs                ; 64 LEs                 ; Yes        ; |CPU|RegisterFile:RF|R[26][16]      ;
; 3:1                ; 32 bits   ; 64 LEs        ; 0 LEs                ; 64 LEs                 ; Yes        ; |CPU|RegisterFile:RF|R[6][15]       ;
; 3:1                ; 32 bits   ; 64 LEs        ; 0 LEs                ; 64 LEs                 ; Yes        ; |CPU|RegisterFile:RF|R[22][3]       ;
; 3:1                ; 32 bits   ; 64 LEs        ; 0 LEs                ; 64 LEs                 ; Yes        ; |CPU|RegisterFile:RF|R[14][0]       ;
; 3:1                ; 32 bits   ; 64 LEs        ; 0 LEs                ; 64 LEs                 ; Yes        ; |CPU|RegisterFile:RF|R[30][18]      ;
; 3:1                ; 32 bits   ; 64 LEs        ; 0 LEs                ; 64 LEs                 ; Yes        ; |CPU|RegisterFile:RF|R[1][26]       ;
; 3:1                ; 32 bits   ; 64 LEs        ; 0 LEs                ; 64 LEs                 ; Yes        ; |CPU|RegisterFile:RF|R[17][13]      ;
; 3:1                ; 32 bits   ; 64 LEs        ; 0 LEs                ; 64 LEs                 ; Yes        ; |CPU|RegisterFile:RF|R[9][4]        ;
; 3:1                ; 32 bits   ; 64 LEs        ; 0 LEs                ; 64 LEs                 ; Yes        ; |CPU|RegisterFile:RF|R[25][16]      ;
; 3:1                ; 32 bits   ; 64 LEs        ; 0 LEs                ; 64 LEs                 ; Yes        ; |CPU|RegisterFile:RF|R[5][3]        ;
; 3:1                ; 32 bits   ; 64 LEs        ; 0 LEs                ; 64 LEs                 ; Yes        ; |CPU|RegisterFile:RF|R[21][25]      ;
; 3:1                ; 32 bits   ; 64 LEs        ; 0 LEs                ; 64 LEs                 ; Yes        ; |CPU|RegisterFile:RF|R[13][18]      ;
; 3:1                ; 32 bits   ; 64 LEs        ; 0 LEs                ; 64 LEs                 ; Yes        ; |CPU|RegisterFile:RF|R[29][13]      ;
; 3:1                ; 32 bits   ; 64 LEs        ; 0 LEs                ; 64 LEs                 ; Yes        ; |CPU|RegisterFile:RF|R[3][1]        ;
; 3:1                ; 32 bits   ; 64 LEs        ; 0 LEs                ; 64 LEs                 ; Yes        ; |CPU|RegisterFile:RF|R[19][17]      ;
; 3:1                ; 32 bits   ; 64 LEs        ; 0 LEs                ; 64 LEs                 ; Yes        ; |CPU|RegisterFile:RF|R[11][23]      ;
; 3:1                ; 32 bits   ; 64 LEs        ; 0 LEs                ; 64 LEs                 ; Yes        ; |CPU|RegisterFile:RF|R[27][4]       ;
; 3:1                ; 32 bits   ; 64 LEs        ; 0 LEs                ; 64 LEs                 ; Yes        ; |CPU|RegisterFile:RF|R[7][24]       ;
; 3:1                ; 32 bits   ; 64 LEs        ; 0 LEs                ; 64 LEs                 ; Yes        ; |CPU|RegisterFile:RF|R[23][30]      ;
; 3:1                ; 32 bits   ; 64 LEs        ; 0 LEs                ; 64 LEs                 ; Yes        ; |CPU|RegisterFile:RF|R[15][30]      ;
; 3:1                ; 32 bits   ; 64 LEs        ; 0 LEs                ; 64 LEs                 ; Yes        ; |CPU|RegisterFile:RF|R[31][31]      ;
; 4:1                ; 8 bits    ; 16 LEs        ; 0 LEs                ; 16 LEs                 ; Yes        ; |CPU|DERegister:DE|ImmExt_reg[15]   ;
; 5:1                ; 11 bits   ; 33 LEs        ; 22 LEs               ; 11 LEs                 ; Yes        ; |CPU|DERegister:DE|ImmExt_reg[23]   ;
; 5:1                ; 4 bits    ; 12 LEs        ; 12 LEs               ; 0 LEs                  ; Yes        ; |CPU|DERegister:DE|ImmExt_reg[4]    ;
; 6:1                ; 6 bits    ; 24 LEs        ; 18 LEs               ; 6 LEs                  ; Yes        ; |CPU|DERegister:DE|ImmExt_reg[8]    ;
; 33:1               ; 32 bits   ; 704 LEs       ; 672 LEs              ; 32 LEs                 ; Yes        ; |CPU|DERegister:DE|Rd2_reg[10]      ;
; 33:1               ; 32 bits   ; 704 LEs       ; 672 LEs              ; 32 LEs                 ; Yes        ; |CPU|DERegister:DE|Rd1_reg[10]      ;
; 6:1                ; 2 bits    ; 8 LEs         ; 8 LEs                ; 0 LEs                  ; No         ; |CPU|ControlUnit:CU|ImmSrc[2]       ;
; 3:1                ; 62 bits   ; 124 LEs       ; 0 LEs                ; 124 LEs                ; Yes        ; |CPU|FDRegister:FD|pc_reg[29]       ;
; 4:1                ; 2 bits    ; 4 LEs         ; 4 LEs                ; 0 LEs                  ; Yes        ; |CPU|PcReg:PR|pc_reg[1]             ;
; 5:1                ; 30 bits   ; 90 LEs        ; 60 LEs               ; 30 LEs                 ; Yes        ; |CPU|PcReg:PR|pc_reg[3]             ;
; 7:1                ; 2 bits    ; 8 LEs         ; 8 LEs                ; 0 LEs                  ; Yes        ; |CPU|FDRegister:FD|instr_reg[19]    ;
; 7:1                ; 3 bits    ; 12 LEs        ; 12 LEs               ; 0 LEs                  ; Yes        ; |CPU|FDRegister:FD|instr_reg[28]    ;
; 10:1               ; 19 bits   ; 114 LEs       ; 57 LEs               ; 57 LEs                 ; Yes        ; |CPU|FDRegister:FD|instr_reg[13]    ;
; 9:1                ; 3 bits    ; 18 LEs        ; 12 LEs               ; 6 LEs                  ; Yes        ; |CPU|FDRegister:FD|instr_reg[24]    ;
; 9:1                ; 2 bits    ; 12 LEs        ; 8 LEs                ; 4 LEs                  ; Yes        ; |CPU|FDRegister:FD|instr_reg[14]    ;
; 4:1                ; 4 bits    ; 8 LEs         ; 8 LEs                ; 0 LEs                  ; No         ; |CPU|ALU:AU|ShiftLeft0              ;
; 4:1                ; 4 bits    ; 8 LEs         ; 8 LEs                ; 0 LEs                  ; No         ; |CPU|ALU:AU|ShiftLeft0              ;
; 4:1                ; 4 bits    ; 8 LEs         ; 8 LEs                ; 0 LEs                  ; No         ; |CPU|ALU:AU|ShiftLeft0              ;
; 4:1                ; 4 bits    ; 8 LEs         ; 8 LEs                ; 0 LEs                  ; No         ; |CPU|ALU:AU|ShiftRight0             ;
; 4:1                ; 4 bits    ; 8 LEs         ; 8 LEs                ; 0 LEs                  ; No         ; |CPU|ALU:AU|ShiftRight1             ;
; 4:1                ; 2 bits    ; 4 LEs         ; 4 LEs                ; 0 LEs                  ; No         ; |CPU|ALU:AU|ShiftRight0             ;
; 4:1                ; 49 bits   ; 98 LEs        ; 98 LEs               ; 0 LEs                  ; No         ; |CPU|ALU:AU|ShiftLeft0              ;
; 3:1                ; 32 bits   ; 64 LEs        ; 64 LEs               ; 0 LEs                  ; No         ; |CPU|SrcAE[20]                      ;
; 3:1                ; 32 bits   ; 64 LEs        ; 64 LEs               ; 0 LEs                  ; No         ; |CPU|ReadFirE[8]                    ;
; 21:1               ; 5 bits    ; 70 LEs        ; 45 LEs               ; 25 LEs                 ; No         ; |CPU|ALU:AU|Mux27                   ;
; 22:1               ; 8 bits    ; 112 LEs       ; 80 LEs               ; 32 LEs                 ; No         ; |CPU|ALU:AU|Mux8                    ;
; 23:1               ; 2 bits    ; 30 LEs        ; 20 LEs               ; 10 LEs                 ; No         ; |CPU|ALU:AU|Mux22                   ;
; 21:1               ; 3 bits    ; 42 LEs        ; 27 LEs               ; 15 LEs                 ; No         ; |CPU|ALU:AU|Mux19                   ;
; 24:1               ; 3 bits    ; 48 LEs        ; 33 LEs               ; 15 LEs                 ; No         ; |CPU|ALU:AU|Mux30                   ;
; 24:1               ; 2 bits    ; 32 LEs        ; 20 LEs               ; 12 LEs                 ; No         ; |CPU|ALU:AU|Mux6                    ;
; 25:1               ; 3 bits    ; 48 LEs        ; 36 LEs               ; 12 LEs                 ; No         ; |CPU|ALU:AU|Mux1                    ;
+--------------------+-----------+---------------+----------------------+------------------------+------------+-------------------------------------+


+-------------------------------------------------------+
; Source assignments for sld_signaltap:auto_signaltap_0 ;
+-----------------+-------+------+----------------------+
; Assignment      ; Value ; From ; To                   ;
+-----------------+-------+------+----------------------+
; MESSAGE_DISABLE ; 13410 ; -    ; -                    ;
+-----------------+-------+------+----------------------+


+--------------------------------------------------------------------------------------------------------------+
; Parameter Settings for Inferred Entity Instance: sld_signaltap:auto_signaltap_0                              ;
+-------------------------------------------------+-------------------------------------------+----------------+
; Parameter Name                                  ; Value                                     ; Type           ;
+-------------------------------------------------+-------------------------------------------+----------------+
; lpm_type                                        ; sld_signaltap                             ; String         ;
; sld_node_info                                   ; 805334528                                 ; Untyped        ;
; SLD_SECTION_ID                                  ; hdl_signaltap_0                           ; String         ;
; SLD_IP_VERSION                                  ; 6                                         ; Signed Integer ;
; SLD_IP_MINOR_VERSION                            ; 0                                         ; Signed Integer ;
; SLD_COMMON_IP_VERSION                           ; 0                                         ; Signed Integer ;
; sld_data_bits                                   ; 37                                        ; Untyped        ;
; sld_trigger_bits                                ; 37                                        ; Untyped        ;
; SLD_NODE_CRC_BITS                               ; 32                                        ; Signed Integer ;
; SLD_NODE_CRC_HIWORD                             ; 41394                                     ; Signed Integer ;
; SLD_NODE_CRC_LOWORD                             ; 50132                                     ; Signed Integer ;
; sld_incremental_routing                         ; 1                                         ; Untyped        ;
; sld_sample_depth                                ; 128                                       ; Untyped        ;
; sld_segment_size                                ; 128                                       ; Untyped        ;
; sld_ram_block_type                              ; AUTO                                      ; Untyped        ;
; sld_state_bits                                  ; 11                                        ; Untyped        ;
; sld_buffer_full_stop                            ; 1                                         ; Untyped        ;
; SLD_MEM_ADDRESS_BITS                            ; 7                                         ; Signed Integer ;
; SLD_DATA_BIT_CNTR_BITS                          ; 4                                         ; Signed Integer ;
; sld_trigger_level                               ; 1                                         ; Untyped        ;
; sld_trigger_in_enabled                          ; 0                                         ; Untyped        ;
; SLD_HPS_TRIGGER_IN_ENABLED                      ; 0                                         ; Signed Integer ;
; SLD_HPS_TRIGGER_OUT_ENABLED                     ; 0                                         ; Signed Integer ;
; SLD_HPS_EVENT_ENABLED                           ; 0                                         ; Signed Integer ;
; SLD_HPS_EVENT_ID                                ; 0                                         ; Signed Integer ;
; sld_advanced_trigger_entity                     ; sld_reserved_cpu_auto_signaltap_0_1_bfcb, ; Untyped        ;
; sld_trigger_level_pipeline                      ; 1                                         ; Untyped        ;
; sld_trigger_pipeline                            ; 0                                         ; Untyped        ;
; sld_ram_pipeline                                ; 0                                         ; Untyped        ;
; sld_counter_pipeline                            ; 0                                         ; Untyped        ;
; sld_enable_advanced_trigger                     ; 1                                         ; Untyped        ;
; SLD_ADVANCED_TRIGGER_1                          ; NONE                                      ; String         ;
; SLD_ADVANCED_TRIGGER_2                          ; NONE                                      ; String         ;
; SLD_ADVANCED_TRIGGER_3                          ; NONE                                      ; String         ;
; SLD_ADVANCED_TRIGGER_4                          ; NONE                                      ; String         ;
; SLD_ADVANCED_TRIGGER_5                          ; NONE                                      ; String         ;
; SLD_ADVANCED_TRIGGER_6                          ; NONE                                      ; String         ;
; SLD_ADVANCED_TRIGGER_7                          ; NONE                                      ; String         ;
; SLD_ADVANCED_TRIGGER_8                          ; NONE                                      ; String         ;
; SLD_ADVANCED_TRIGGER_9                          ; NONE                                      ; String         ;
; SLD_ADVANCED_TRIGGER_10                         ; NONE                                      ; String         ;
; sld_inversion_mask_length                       ; 21                                        ; Untyped        ;
; sld_inversion_mask                              ; 000000000000000000000                     ; Untyped        ;
; sld_power_up_trigger                            ; 0                                         ; Untyped        ;
; SLD_STATE_FLOW_MGR_ENTITY                       ; state_flow_mgr_entity.vhd                 ; String         ;
; sld_state_flow_use_generated                    ; 0                                         ; Untyped        ;
; sld_current_resource_width                      ; 1                                         ; Untyped        ;
; sld_attribute_mem_mode                          ; OFF                                       ; Untyped        ;
; sld_storage_qualifier_bits                      ; 37                                        ; Untyped        ;
; SLD_STORAGE_QUALIFIER_GAP_RECORD                ; 0                                         ; Signed Integer ;
; SLD_STORAGE_QUALIFIER_MODE                      ; OFF                                       ; String         ;
; SLD_STORAGE_QUALIFIER_ENABLE_ADVANCED_CONDITION ; 0                                         ; Signed Integer ;
; sld_storage_qualifier_inversion_mask_length     ; 0                                         ; Untyped        ;
; SLD_STORAGE_QUALIFIER_ADVANCED_CONDITION_ENTITY ; basic                                     ; String         ;
; SLD_STORAGE_QUALIFIER_PIPELINE                  ; 0                                         ; Signed Integer ;
; SLD_CREATE_MONITOR_INTERFACE                    ; 0                                         ; Signed Integer ;
; SLD_USE_JTAG_SIGNAL_ADAPTER                     ; 1                                         ; Signed Integer ;
+-------------------------------------------------+-------------------------------------------+----------------+
Note: In order to hide this table in the UI and the text report file, please set the "Show Parameter Settings in Synthesis Report" option in "Analysis and Synthesis Settings -> More Settings" to "Off".


+---------------------------------------------------------------------------------------------------------------------------+
; Port Connectivity Checks: "DataMemory:DM"                                                                                 ;
+-----------------+--------+----------+-------------------------------------------------------------------------------------+
; Port            ; Type   ; Severity ; Details                                                                             ;
+-----------------+--------+----------+-------------------------------------------------------------------------------------+
; outsign[31..24] ; Output ; Info     ; Connected to dangling logic. Logic that only feeds a dangling port will be removed. ;
+-----------------+--------+----------+-------------------------------------------------------------------------------------+


+-------------------------------------------------------------------------------------------------------------------------------------------------------------------------------------------------------------------------------------------------------------------------+
; Signal Tap Logic Analyzer Settings                                                                                                                                                                                                                                      ;
+----------------+------------------+---------------------+------------------+--------------+----------+------------------------+----------------------+--------------------+-----------------------------+-----------------+------------------+--------------------------+
; Instance Index ; Instance Name    ; Trigger Input Width ; Data Input Width ; Sample Depth ; Segments ; Storage Qualifier Type ; Trigger Flow Control ; Trigger Conditions ; Advanced Trigger Conditions ; Trigger In Used ; Trigger Out Used ; Power-Up Trigger Enabled ;
+----------------+------------------+---------------------+------------------+--------------+----------+------------------------+----------------------+--------------------+-----------------------------+-----------------+------------------+--------------------------+
; 0              ; auto_signaltap_0 ; 37                  ; 37               ; 128          ; 1        ; continuous             ; sequential           ; 1                  ; 1                           ; no              ; no               ; no                       ;
+----------------+------------------+---------------------+------------------+--------------+----------+------------------------+----------------------+--------------------+-----------------------------+-----------------+------------------+--------------------------+


+-----------------------------------------------------+
; Post-Synthesis Netlist Statistics for Top Partition ;
+-----------------------+-----------------------------+
; Type                  ; Count                       ;
+-----------------------+-----------------------------+
; arriav_ff             ; 5660                        ;
;     ENA               ; 10                          ;
;     ENA SCLR          ; 3153                        ;
;     SCLR              ; 2417                        ;
;     SCLR SLD          ; 8                           ;
;     SLD               ; 42                          ;
;     plain             ; 30                          ;
; arriav_lcell_comb     ; 5832                        ;
;     arith             ; 160                         ;
;         0 data inputs ; 2                           ;
;         1 data inputs ; 30                          ;
;         2 data inputs ; 32                          ;
;         5 data inputs ; 96                          ;
;     extend            ; 30                          ;
;         7 data inputs ; 30                          ;
;     normal            ; 5642                        ;
;         2 data inputs ; 67                          ;
;         3 data inputs ; 398                         ;
;         4 data inputs ; 2291                        ;
;         5 data inputs ; 537                         ;
;         6 data inputs ; 2349                        ;
; boundary_port         ; 80                          ;
;                       ;                             ;
; Max LUT depth         ; 12.40                       ;
; Average LUT depth     ; 4.14                        ;
+-----------------------+-----------------------------+


+-------------------------------+
; Elapsed Time Per Partition    ;
+----------------+--------------+
; Partition Name ; Elapsed Time ;
+----------------+--------------+
; Top            ; 00:00:12     ;
+----------------+--------------+


+-------------------------------------------------------------------------------------------------------------------------------------------------------+
; Connections to In-System Debugging Instance "auto_signaltap_0"                                                                                        ;
+----------------------+---------------+-----------+--------------------------------+-------------------+-------------------------------------+---------+
; Name                 ; Type          ; Status    ; Partition Name                 ; Netlist Type Used ; Actual Connection                   ; Details ;
+----------------------+---------------+-----------+--------------------------------+-------------------+-------------------------------------+---------+
; PcReg:PR|Pc[0]       ; pre-synthesis ; connected ; Top                            ; post-synthesis    ; PcReg:PR|pc_reg[0]                  ; N/A     ;
; PcReg:PR|Pc[0]       ; pre-synthesis ; connected ; Top                            ; post-synthesis    ; PcReg:PR|pc_reg[0]                  ; N/A     ;
; PcReg:PR|Pc[10]      ; pre-synthesis ; connected ; Top                            ; post-synthesis    ; PcReg:PR|pc_reg[10]                 ; N/A     ;
; PcReg:PR|Pc[10]      ; pre-synthesis ; connected ; Top                            ; post-synthesis    ; PcReg:PR|pc_reg[10]                 ; N/A     ;
; PcReg:PR|Pc[11]      ; pre-synthesis ; connected ; Top                            ; post-synthesis    ; PcReg:PR|pc_reg[11]                 ; N/A     ;
; PcReg:PR|Pc[11]      ; pre-synthesis ; connected ; Top                            ; post-synthesis    ; PcReg:PR|pc_reg[11]                 ; N/A     ;
; PcReg:PR|Pc[12]      ; pre-synthesis ; connected ; Top                            ; post-synthesis    ; PcReg:PR|pc_reg[12]                 ; N/A     ;
; PcReg:PR|Pc[12]      ; pre-synthesis ; connected ; Top                            ; post-synthesis    ; PcReg:PR|pc_reg[12]                 ; N/A     ;
; PcReg:PR|Pc[13]      ; pre-synthesis ; connected ; Top                            ; post-synthesis    ; PcReg:PR|pc_reg[13]                 ; N/A     ;
; PcReg:PR|Pc[13]      ; pre-synthesis ; connected ; Top                            ; post-synthesis    ; PcReg:PR|pc_reg[13]                 ; N/A     ;
; PcReg:PR|Pc[14]      ; pre-synthesis ; connected ; Top                            ; post-synthesis    ; PcReg:PR|pc_reg[14]                 ; N/A     ;
; PcReg:PR|Pc[14]      ; pre-synthesis ; connected ; Top                            ; post-synthesis    ; PcReg:PR|pc_reg[14]                 ; N/A     ;
; PcReg:PR|Pc[15]      ; pre-synthesis ; connected ; Top                            ; post-synthesis    ; PcReg:PR|pc_reg[15]                 ; N/A     ;
; PcReg:PR|Pc[15]      ; pre-synthesis ; connected ; Top                            ; post-synthesis    ; PcReg:PR|pc_reg[15]                 ; N/A     ;
; PcReg:PR|Pc[16]      ; pre-synthesis ; connected ; Top                            ; post-synthesis    ; PcReg:PR|pc_reg[16]                 ; N/A     ;
; PcReg:PR|Pc[16]      ; pre-synthesis ; connected ; Top                            ; post-synthesis    ; PcReg:PR|pc_reg[16]                 ; N/A     ;
; PcReg:PR|Pc[17]      ; pre-synthesis ; connected ; Top                            ; post-synthesis    ; PcReg:PR|pc_reg[17]                 ; N/A     ;
; PcReg:PR|Pc[17]      ; pre-synthesis ; connected ; Top                            ; post-synthesis    ; PcReg:PR|pc_reg[17]                 ; N/A     ;
; PcReg:PR|Pc[18]      ; pre-synthesis ; connected ; Top                            ; post-synthesis    ; PcReg:PR|pc_reg[18]                 ; N/A     ;
; PcReg:PR|Pc[18]      ; pre-synthesis ; connected ; Top                            ; post-synthesis    ; PcReg:PR|pc_reg[18]                 ; N/A     ;
; PcReg:PR|Pc[19]      ; pre-synthesis ; connected ; Top                            ; post-synthesis    ; PcReg:PR|pc_reg[19]                 ; N/A     ;
; PcReg:PR|Pc[19]      ; pre-synthesis ; connected ; Top                            ; post-synthesis    ; PcReg:PR|pc_reg[19]                 ; N/A     ;
; PcReg:PR|Pc[1]       ; pre-synthesis ; connected ; Top                            ; post-synthesis    ; PcReg:PR|pc_reg[1]                  ; N/A     ;
; PcReg:PR|Pc[1]       ; pre-synthesis ; connected ; Top                            ; post-synthesis    ; PcReg:PR|pc_reg[1]                  ; N/A     ;
; PcReg:PR|Pc[20]      ; pre-synthesis ; connected ; Top                            ; post-synthesis    ; PcReg:PR|pc_reg[20]                 ; N/A     ;
; PcReg:PR|Pc[20]      ; pre-synthesis ; connected ; Top                            ; post-synthesis    ; PcReg:PR|pc_reg[20]                 ; N/A     ;
; PcReg:PR|Pc[21]      ; pre-synthesis ; connected ; Top                            ; post-synthesis    ; PcReg:PR|pc_reg[21]                 ; N/A     ;
; PcReg:PR|Pc[21]      ; pre-synthesis ; connected ; Top                            ; post-synthesis    ; PcReg:PR|pc_reg[21]                 ; N/A     ;
; PcReg:PR|Pc[22]      ; pre-synthesis ; connected ; Top                            ; post-synthesis    ; PcReg:PR|pc_reg[22]                 ; N/A     ;
; PcReg:PR|Pc[22]      ; pre-synthesis ; connected ; Top                            ; post-synthesis    ; PcReg:PR|pc_reg[22]                 ; N/A     ;
; PcReg:PR|Pc[23]      ; pre-synthesis ; connected ; Top                            ; post-synthesis    ; PcReg:PR|pc_reg[23]                 ; N/A     ;
; PcReg:PR|Pc[23]      ; pre-synthesis ; connected ; Top                            ; post-synthesis    ; PcReg:PR|pc_reg[23]                 ; N/A     ;
; PcReg:PR|Pc[24]      ; pre-synthesis ; connected ; Top                            ; post-synthesis    ; PcReg:PR|pc_reg[24]                 ; N/A     ;
; PcReg:PR|Pc[24]      ; pre-synthesis ; connected ; Top                            ; post-synthesis    ; PcReg:PR|pc_reg[24]                 ; N/A     ;
; PcReg:PR|Pc[25]      ; pre-synthesis ; connected ; Top                            ; post-synthesis    ; PcReg:PR|pc_reg[25]                 ; N/A     ;
; PcReg:PR|Pc[25]      ; pre-synthesis ; connected ; Top                            ; post-synthesis    ; PcReg:PR|pc_reg[25]                 ; N/A     ;
; PcReg:PR|Pc[26]      ; pre-synthesis ; connected ; Top                            ; post-synthesis    ; PcReg:PR|pc_reg[26]                 ; N/A     ;
; PcReg:PR|Pc[26]      ; pre-synthesis ; connected ; Top                            ; post-synthesis    ; PcReg:PR|pc_reg[26]                 ; N/A     ;
; PcReg:PR|Pc[27]      ; pre-synthesis ; connected ; Top                            ; post-synthesis    ; PcReg:PR|pc_reg[27]                 ; N/A     ;
; PcReg:PR|Pc[27]      ; pre-synthesis ; connected ; Top                            ; post-synthesis    ; PcReg:PR|pc_reg[27]                 ; N/A     ;
; PcReg:PR|Pc[28]      ; pre-synthesis ; connected ; Top                            ; post-synthesis    ; PcReg:PR|pc_reg[28]                 ; N/A     ;
; PcReg:PR|Pc[28]      ; pre-synthesis ; connected ; Top                            ; post-synthesis    ; PcReg:PR|pc_reg[28]                 ; N/A     ;
; PcReg:PR|Pc[29]      ; pre-synthesis ; connected ; Top                            ; post-synthesis    ; PcReg:PR|pc_reg[29]                 ; N/A     ;
; PcReg:PR|Pc[29]      ; pre-synthesis ; connected ; Top                            ; post-synthesis    ; PcReg:PR|pc_reg[29]                 ; N/A     ;
; PcReg:PR|Pc[2]       ; pre-synthesis ; connected ; Top                            ; post-synthesis    ; PcReg:PR|pc_reg[2]                  ; N/A     ;
; PcReg:PR|Pc[2]       ; pre-synthesis ; connected ; Top                            ; post-synthesis    ; PcReg:PR|pc_reg[2]                  ; N/A     ;
; PcReg:PR|Pc[30]      ; pre-synthesis ; connected ; Top                            ; post-synthesis    ; PcReg:PR|pc_reg[30]                 ; N/A     ;
; PcReg:PR|Pc[30]      ; pre-synthesis ; connected ; Top                            ; post-synthesis    ; PcReg:PR|pc_reg[30]                 ; N/A     ;
; PcReg:PR|Pc[31]      ; pre-synthesis ; connected ; Top                            ; post-synthesis    ; PcReg:PR|pc_reg[31]                 ; N/A     ;
; PcReg:PR|Pc[31]      ; pre-synthesis ; connected ; Top                            ; post-synthesis    ; PcReg:PR|pc_reg[31]                 ; N/A     ;
; PcReg:PR|Pc[3]       ; pre-synthesis ; connected ; Top                            ; post-synthesis    ; PcReg:PR|pc_reg[3]                  ; N/A     ;
; PcReg:PR|Pc[3]       ; pre-synthesis ; connected ; Top                            ; post-synthesis    ; PcReg:PR|pc_reg[3]                  ; N/A     ;
; PcReg:PR|Pc[4]       ; pre-synthesis ; connected ; Top                            ; post-synthesis    ; PcReg:PR|pc_reg[4]                  ; N/A     ;
; PcReg:PR|Pc[4]       ; pre-synthesis ; connected ; Top                            ; post-synthesis    ; PcReg:PR|pc_reg[4]                  ; N/A     ;
; PcReg:PR|Pc[5]       ; pre-synthesis ; connected ; Top                            ; post-synthesis    ; PcReg:PR|pc_reg[5]                  ; N/A     ;
; PcReg:PR|Pc[5]       ; pre-synthesis ; connected ; Top                            ; post-synthesis    ; PcReg:PR|pc_reg[5]                  ; N/A     ;
; PcReg:PR|Pc[6]       ; pre-synthesis ; connected ; Top                            ; post-synthesis    ; PcReg:PR|pc_reg[6]                  ; N/A     ;
; PcReg:PR|Pc[6]       ; pre-synthesis ; connected ; Top                            ; post-synthesis    ; PcReg:PR|pc_reg[6]                  ; N/A     ;
; PcReg:PR|Pc[7]       ; pre-synthesis ; connected ; Top                            ; post-synthesis    ; PcReg:PR|pc_reg[7]                  ; N/A     ;
; PcReg:PR|Pc[7]       ; pre-synthesis ; connected ; Top                            ; post-synthesis    ; PcReg:PR|pc_reg[7]                  ; N/A     ;
; PcReg:PR|Pc[8]       ; pre-synthesis ; connected ; Top                            ; post-synthesis    ; PcReg:PR|pc_reg[8]                  ; N/A     ;
; PcReg:PR|Pc[8]       ; pre-synthesis ; connected ; Top                            ; post-synthesis    ; PcReg:PR|pc_reg[8]                  ; N/A     ;
; PcReg:PR|Pc[9]       ; pre-synthesis ; connected ; Top                            ; post-synthesis    ; PcReg:PR|pc_reg[9]                  ; N/A     ;
; PcReg:PR|Pc[9]       ; pre-synthesis ; connected ; Top                            ; post-synthesis    ; PcReg:PR|pc_reg[9]                  ; N/A     ;
; clk                  ; pre-synthesis ; connected ; Top                            ; post-synthesis    ; clk                                 ; N/A     ;
; ctrl                 ; pre-synthesis ; connected ; Top                            ; post-synthesis    ; ctrl                                ; N/A     ;
; ctrl                 ; pre-synthesis ; connected ; Top                            ; post-synthesis    ; ctrl                                ; N/A     ;
; sel[0]               ; pre-synthesis ; connected ; Top                            ; post-synthesis    ; sel[0]                              ; N/A     ;
; sel[0]               ; pre-synthesis ; connected ; Top                            ; post-synthesis    ; sel[0]                              ; N/A     ;
; sel[1]               ; pre-synthesis ; connected ; Top                            ; post-synthesis    ; sel[1]                              ; N/A     ;
; sel[1]               ; pre-synthesis ; connected ; Top                            ; post-synthesis    ; sel[1]                              ; N/A     ;
; sel[2]               ; pre-synthesis ; connected ; Top                            ; post-synthesis    ; sel[2]                              ; N/A     ;
; sel[2]               ; pre-synthesis ; connected ; Top                            ; post-synthesis    ; sel[2]                              ; N/A     ;
; switchon             ; pre-synthesis ; connected ; Top                            ; post-synthesis    ; switchon                            ; N/A     ;
; switchon             ; pre-synthesis ; connected ; Top                            ; post-synthesis    ; switchon                            ; N/A     ;
; auto_signaltap_0|gnd ; post-fitting  ; connected ; sld_signaltap:auto_signaltap_0 ; post-synthesis    ; sld_signaltap:auto_signaltap_0|~GND ; N/A     ;
; auto_signaltap_0|gnd ; post-fitting  ; connected ; sld_signaltap:auto_signaltap_0 ; post-synthesis    ; sld_signaltap:auto_signaltap_0|~GND ; N/A     ;
; auto_signaltap_0|gnd ; post-fitting  ; connected ; sld_signaltap:auto_signaltap_0 ; post-synthesis    ; sld_signaltap:auto_signaltap_0|~GND ; N/A     ;
; auto_signaltap_0|gnd ; post-fitting  ; connected ; sld_signaltap:auto_signaltap_0 ; post-synthesis    ; sld_signaltap:auto_signaltap_0|~GND ; N/A     ;
; auto_signaltap_0|gnd ; post-fitting  ; connected ; sld_signaltap:auto_signaltap_0 ; post-synthesis    ; sld_signaltap:auto_signaltap_0|~GND ; N/A     ;
; auto_signaltap_0|gnd ; post-fitting  ; connected ; sld_signaltap:auto_signaltap_0 ; post-synthesis    ; sld_signaltap:auto_signaltap_0|~GND ; N/A     ;
; auto_signaltap_0|gnd ; post-fitting  ; connected ; sld_signaltap:auto_signaltap_0 ; post-synthesis    ; sld_signaltap:auto_signaltap_0|~GND ; N/A     ;
; auto_signaltap_0|gnd ; post-fitting  ; connected ; sld_signaltap:auto_signaltap_0 ; post-synthesis    ; sld_signaltap:auto_signaltap_0|~GND ; N/A     ;
; auto_signaltap_0|gnd ; post-fitting  ; connected ; sld_signaltap:auto_signaltap_0 ; post-synthesis    ; sld_signaltap:auto_signaltap_0|~GND ; N/A     ;
; auto_signaltap_0|gnd ; post-fitting  ; connected ; sld_signaltap:auto_signaltap_0 ; post-synthesis    ; sld_signaltap:auto_signaltap_0|~GND ; N/A     ;
; auto_signaltap_0|gnd ; post-fitting  ; connected ; sld_signaltap:auto_signaltap_0 ; post-synthesis    ; sld_signaltap:auto_signaltap_0|~GND ; N/A     ;
; auto_signaltap_0|gnd ; post-fitting  ; connected ; sld_signaltap:auto_signaltap_0 ; post-synthesis    ; sld_signaltap:auto_signaltap_0|~GND ; N/A     ;
; auto_signaltap_0|gnd ; post-fitting  ; connected ; sld_signaltap:auto_signaltap_0 ; post-synthesis    ; sld_signaltap:auto_signaltap_0|~GND ; N/A     ;
; auto_signaltap_0|gnd ; post-fitting  ; connected ; sld_signaltap:auto_signaltap_0 ; post-synthesis    ; sld_signaltap:auto_signaltap_0|~GND ; N/A     ;
; auto_signaltap_0|gnd ; post-fitting  ; connected ; sld_signaltap:auto_signaltap_0 ; post-synthesis    ; sld_signaltap:auto_signaltap_0|~GND ; N/A     ;
; auto_signaltap_0|gnd ; post-fitting  ; connected ; sld_signaltap:auto_signaltap_0 ; post-synthesis    ; sld_signaltap:auto_signaltap_0|~GND ; N/A     ;
; auto_signaltap_0|gnd ; post-fitting  ; connected ; sld_signaltap:auto_signaltap_0 ; post-synthesis    ; sld_signaltap:auto_signaltap_0|~GND ; N/A     ;
; auto_signaltap_0|gnd ; post-fitting  ; connected ; sld_signaltap:auto_signaltap_0 ; post-synthesis    ; sld_signaltap:auto_signaltap_0|~GND ; N/A     ;
; auto_signaltap_0|gnd ; post-fitting  ; connected ; sld_signaltap:auto_signaltap_0 ; post-synthesis    ; sld_signaltap:auto_signaltap_0|~GND ; N/A     ;
; auto_signaltap_0|gnd ; post-fitting  ; connected ; sld_signaltap:auto_signaltap_0 ; post-synthesis    ; sld_signaltap:auto_signaltap_0|~GND ; N/A     ;
; auto_signaltap_0|gnd ; post-fitting  ; connected ; sld_signaltap:auto_signaltap_0 ; post-synthesis    ; sld_signaltap:auto_signaltap_0|~GND ; N/A     ;
; auto_signaltap_0|vcc ; post-fitting  ; connected ; sld_signaltap:auto_signaltap_0 ; post-synthesis    ; sld_signaltap:auto_signaltap_0|~VCC ; N/A     ;
; auto_signaltap_0|vcc ; post-fitting  ; connected ; sld_signaltap:auto_signaltap_0 ; post-synthesis    ; sld_signaltap:auto_signaltap_0|~VCC ; N/A     ;
; auto_signaltap_0|vcc ; post-fitting  ; connected ; sld_signaltap:auto_signaltap_0 ; post-synthesis    ; sld_signaltap:auto_signaltap_0|~VCC ; N/A     ;
; auto_signaltap_0|vcc ; post-fitting  ; connected ; sld_signaltap:auto_signaltap_0 ; post-synthesis    ; sld_signaltap:auto_signaltap_0|~VCC ; N/A     ;
; auto_signaltap_0|vcc ; post-fitting  ; connected ; sld_signaltap:auto_signaltap_0 ; post-synthesis    ; sld_signaltap:auto_signaltap_0|~VCC ; N/A     ;
; auto_signaltap_0|vcc ; post-fitting  ; connected ; sld_signaltap:auto_signaltap_0 ; post-synthesis    ; sld_signaltap:auto_signaltap_0|~VCC ; N/A     ;
; auto_signaltap_0|vcc ; post-fitting  ; connected ; sld_signaltap:auto_signaltap_0 ; post-synthesis    ; sld_signaltap:auto_signaltap_0|~VCC ; N/A     ;
; auto_signaltap_0|vcc ; post-fitting  ; connected ; sld_signaltap:auto_signaltap_0 ; post-synthesis    ; sld_signaltap:auto_signaltap_0|~VCC ; N/A     ;
; auto_signaltap_0|vcc ; post-fitting  ; connected ; sld_signaltap:auto_signaltap_0 ; post-synthesis    ; sld_signaltap:auto_signaltap_0|~VCC ; N/A     ;
; auto_signaltap_0|vcc ; post-fitting  ; connected ; sld_signaltap:auto_signaltap_0 ; post-synthesis    ; sld_signaltap:auto_signaltap_0|~VCC ; N/A     ;
; auto_signaltap_0|vcc ; post-fitting  ; connected ; sld_signaltap:auto_signaltap_0 ; post-synthesis    ; sld_signaltap:auto_signaltap_0|~VCC ; N/A     ;
+----------------------+---------------+-----------+--------------------------------+-------------------+-------------------------------------+---------+


+-------------------------------+
; Analysis & Synthesis Messages ;
+-------------------------------+
Info: *******************************************************************
Info: Running Quartus Prime Analysis & Synthesis
    Info: Version 25.1std.0 Build 1129 10/21/2025 SC Lite Edition
    Info: Processing started: Wed Jul  8 09:16:24 2026
Info: Command: quartus_map --read_settings_files=on --write_settings_files=off cpu -c cpu
Warning (18236): Number of processors has not been specified which may cause overloading on shared machines.  Set the global assignment NUM_PARALLEL_PROCESSORS in your QSF to an appropriate value for best performance.
Info (20030): Parallel compilation is enabled and will use 10 of the 10 processors detected
Info (12021): Found 31 design units, including 15 entities, in source file cpu.vhd
    Info (12022): Found design unit 1: memTypes File: C:/Users/adria/OneDrive/Desktop/progettiQuartus/cpu/cpu.vhd Line: 5
    Info (12022): Found design unit 2: ALU-funcAlu File: C:/Users/adria/OneDrive/Desktop/progettiQuartus/cpu/cpu.vhd Line: 150
    Info (12022): Found design unit 3: ControlUnit-funcCu File: C:/Users/adria/OneDrive/Desktop/progettiQuartus/cpu/cpu.vhd Line: 228
    Info (12022): Found design unit 4: Brancher-funcBr File: C:/Users/adria/OneDrive/Desktop/progettiQuartus/cpu/cpu.vhd Line: 327
    Info (12022): Found design unit 5: DataMemory-funcDm File: C:/Users/adria/OneDrive/Desktop/progettiQuartus/cpu/cpu.vhd Line: 372
    Info (12022): Found design unit 6: InstructionMemory-funcIm File: C:/Users/adria/OneDrive/Desktop/progettiQuartus/cpu/cpu.vhd Line: 437
    Info (12022): Found design unit 7: ImmExt-funcIe File: C:/Users/adria/OneDrive/Desktop/progettiQuartus/cpu/cpu.vhd Line: 475
    Info (12022): Found design unit 8: RDext-funcRd File: C:/Users/adria/OneDrive/Desktop/progettiQuartus/cpu/cpu.vhd Line: 534
    Info (12022): Found design unit 9: RegisterFile-funcRf File: C:/Users/adria/OneDrive/Desktop/progettiQuartus/cpu/cpu.vhd Line: 584
    Info (12022): Found design unit 10: PcReg-funcPc File: C:/Users/adria/OneDrive/Desktop/progettiQuartus/cpu/cpu.vhd Line: 630
    Info (12022): Found design unit 11: FDRegister-FDR File: C:/Users/adria/OneDrive/Desktop/progettiQuartus/cpu/cpu.vhd Line: 670
    Info (12022): Found design unit 12: DERegister-DER File: C:/Users/adria/OneDrive/Desktop/progettiQuartus/cpu/cpu.vhd Line: 752
    Info (12022): Found design unit 13: EMRegister-EMR File: C:/Users/adria/OneDrive/Desktop/progettiQuartus/cpu/cpu.vhd Line: 872
    Info (12022): Found design unit 14: MWRegister-MWR File: C:/Users/adria/OneDrive/Desktop/progettiQuartus/cpu/cpu.vhd Line: 949
    Info (12022): Found design unit 15: HazardUnit-HU File: C:/Users/adria/OneDrive/Desktop/progettiQuartus/cpu/cpu.vhd Line: 1021
    Info (12022): Found design unit 16: CPU-funcCpu File: C:/Users/adria/OneDrive/Desktop/progettiQuartus/cpu/cpu.vhd Line: 1086
    Info (12023): Found entity 1: ALU File: C:/Users/adria/OneDrive/Desktop/progettiQuartus/cpu/cpu.vhd Line: 139
    Info (12023): Found entity 2: ControlUnit File: C:/Users/adria/OneDrive/Desktop/progettiQuartus/cpu/cpu.vhd Line: 210
    Info (12023): Found entity 3: Brancher File: C:/Users/adria/OneDrive/Desktop/progettiQuartus/cpu/cpu.vhd Line: 313
    Info (12023): Found entity 4: DataMemory File: C:/Users/adria/OneDrive/Desktop/progettiQuartus/cpu/cpu.vhd Line: 359
    Info (12023): Found entity 5: InstructionMemory File: C:/Users/adria/OneDrive/Desktop/progettiQuartus/cpu/cpu.vhd Line: 429
    Info (12023): Found entity 6: ImmExt File: C:/Users/adria/OneDrive/Desktop/progettiQuartus/cpu/cpu.vhd Line: 467
    Info (12023): Found entity 7: RDext File: C:/Users/adria/OneDrive/Desktop/progettiQuartus/cpu/cpu.vhd Line: 526
    Info (12023): Found entity 8: RegisterFile File: C:/Users/adria/OneDrive/Desktop/progettiQuartus/cpu/cpu.vhd Line: 570
    Info (12023): Found entity 9: PcReg File: C:/Users/adria/OneDrive/Desktop/progettiQuartus/cpu/cpu.vhd Line: 620
    Info (12023): Found entity 10: FDRegister File: C:/Users/adria/OneDrive/Desktop/progettiQuartus/cpu/cpu.vhd Line: 656
    Info (12023): Found entity 11: DERegister File: C:/Users/adria/OneDrive/Desktop/progettiQuartus/cpu/cpu.vhd Line: 705
    Info (12023): Found entity 12: EMRegister File: C:/Users/adria/OneDrive/Desktop/progettiQuartus/cpu/cpu.vhd Line: 847
    Info (12023): Found entity 13: MWRegister File: C:/Users/adria/OneDrive/Desktop/progettiQuartus/cpu/cpu.vhd Line: 928
    Info (12023): Found entity 14: HazardUnit File: C:/Users/adria/OneDrive/Desktop/progettiQuartus/cpu/cpu.vhd Line: 998
    Info (12023): Found entity 15: CPU File: C:/Users/adria/OneDrive/Desktop/progettiQuartus/cpu/cpu.vhd Line: 1070
Info (12021): Found 2 design units, including 1 entities, in source file t0.vhd
    Info (12022): Found design unit 1: t0-Behavioral File: C:/Users/adria/OneDrive/Desktop/progettiQuartus/cpu/t0.vhd Line: 9
    Info (12023): Found entity 1: t0 File: C:/Users/adria/OneDrive/Desktop/progettiQuartus/cpu/t0.vhd Line: 6
Info (12127): Elaborating entity "cpu" for the top level hierarchy
Info (12128): Elaborating entity "ALU" for hierarchy "ALU:AU" File: C:/Users/adria/OneDrive/Desktop/progettiQuartus/cpu/cpu.vhd Line: 1418
Info (12128): Elaborating entity "ControlUnit" for hierarchy "ControlUnit:CU" File: C:/Users/adria/OneDrive/Desktop/progettiQuartus/cpu/cpu.vhd Line: 1420
Info (12128): Elaborating entity "DataMemory" for hierarchy "DataMemory:DM" File: C:/Users/adria/OneDrive/Desktop/progettiQuartus/cpu/cpu.vhd Line: 1422
Info (12128): Elaborating entity "InstructionMemory" for hierarchy "InstructionMemory:IM" File: C:/Users/adria/OneDrive/Desktop/progettiQuartus/cpu/cpu.vhd Line: 1424
Info (12128): Elaborating entity "ImmExt" for hierarchy "ImmExt:IE" File: C:/Users/adria/OneDrive/Desktop/progettiQuartus/cpu/cpu.vhd Line: 1426
Info (12128): Elaborating entity "RDext" for hierarchy "RDext:RE" File: C:/Users/adria/OneDrive/Desktop/progettiQuartus/cpu/cpu.vhd Line: 1428
Info (12128): Elaborating entity "RegisterFile" for hierarchy "RegisterFile:RF" File: C:/Users/adria/OneDrive/Desktop/progettiQuartus/cpu/cpu.vhd Line: 1430
Info (12128): Elaborating entity "PcReg" for hierarchy "PcReg:PR" File: C:/Users/adria/OneDrive/Desktop/progettiQuartus/cpu/cpu.vhd Line: 1433
Info (12128): Elaborating entity "FDRegister" for hierarchy "FDRegister:FD" File: C:/Users/adria/OneDrive/Desktop/progettiQuartus/cpu/cpu.vhd Line: 1436
Info (12128): Elaborating entity "DERegister" for hierarchy "DERegister:DE" File: C:/Users/adria/OneDrive/Desktop/progettiQuartus/cpu/cpu.vhd Line: 1438
Info (12128): Elaborating entity "EMRegister" for hierarchy "EMRegister:EM" File: C:/Users/adria/OneDrive/Desktop/progettiQuartus/cpu/cpu.vhd Line: 1440
Info (12128): Elaborating entity "MWRegister" for hierarchy "MWRegister:MW" File: C:/Users/adria/OneDrive/Desktop/progettiQuartus/cpu/cpu.vhd Line: 1442
Info (12128): Elaborating entity "HazardUnit" for hierarchy "HazardUnit:HU" File: C:/Users/adria/OneDrive/Desktop/progettiQuartus/cpu/cpu.vhd Line: 1444
Info (12128): Elaborating entity "Brancher" for hierarchy "Brancher:BR" File: C:/Users/adria/OneDrive/Desktop/progettiQuartus/cpu/cpu.vhd Line: 1446
Info (12021): Found 1 design units, including 1 entities, in source file db/sld_ela_trigger_tdo.tdf
    Info (12023): Found entity 1: sld_ela_trigger_tdo File: C:/Users/adria/OneDrive/Desktop/progettiQuartus/cpu/db/sld_ela_trigger_tdo.tdf Line: 26
Info (12021): Found 1 design units, including 1 entities, in source file db/sld_reserved_cpu_auto_signaltap_0_1_bfcb.v
    Info (12023): Found entity 1: sld_reserved_cpu_auto_signaltap_0_1_bfcb File: C:/Users/adria/OneDrive/Desktop/progettiQuartus/cpu/db/sld_reserved_cpu_auto_signaltap_0_1_bfcb.v Line: 29
Info (12021): Found 1 design units, including 1 entities, in source file db/altsyncram_qb84.tdf
    Info (12023): Found entity 1: altsyncram_qb84 File: C:/Users/adria/OneDrive/Desktop/progettiQuartus/cpu/db/altsyncram_qb84.tdf Line: 28
Info (12021): Found 1 design units, including 1 entities, in source file db/mux_elc.tdf
    Info (12023): Found entity 1: mux_elc File: C:/Users/adria/OneDrive/Desktop/progettiQuartus/cpu/db/mux_elc.tdf Line: 23
Info (12021): Found 1 design units, including 1 entities, in source file db/decode_vnf.tdf
    Info (12023): Found entity 1: decode_vnf File: C:/Users/adria/OneDrive/Desktop/progettiQuartus/cpu/db/decode_vnf.tdf Line: 23
Info (12021): Found 1 design units, including 1 entities, in source file db/cntr_69i.tdf
    Info (12023): Found entity 1: cntr_69i File: C:/Users/adria/OneDrive/Desktop/progettiQuartus/cpu/db/cntr_69i.tdf Line: 28
Info (12021): Found 1 design units, including 1 entities, in source file db/cmpr_e9c.tdf
    Info (12023): Found entity 1: cmpr_e9c File: C:/Users/adria/OneDrive/Desktop/progettiQuartus/cpu/db/cmpr_e9c.tdf Line: 23
Info (12021): Found 1 design units, including 1 entities, in source file db/cntr_4vi.tdf
    Info (12023): Found entity 1: cntr_4vi File: C:/Users/adria/OneDrive/Desktop/progettiQuartus/cpu/db/cntr_4vi.tdf Line: 26
Info (12021): Found 1 design units, including 1 entities, in source file db/cntr_09i.tdf
    Info (12023): Found entity 1: cntr_09i File: C:/Users/adria/OneDrive/Desktop/progettiQuartus/cpu/db/cntr_09i.tdf Line: 28
Info (12021): Found 1 design units, including 1 entities, in source file db/cmpr_c9c.tdf
    Info (12023): Found entity 1: cmpr_c9c File: C:/Users/adria/OneDrive/Desktop/progettiQuartus/cpu/db/cmpr_c9c.tdf Line: 23
Info (12021): Found 1 design units, including 1 entities, in source file db/cntr_kri.tdf
    Info (12023): Found entity 1: cntr_kri File: C:/Users/adria/OneDrive/Desktop/progettiQuartus/cpu/db/cntr_kri.tdf Line: 28
Info (12021): Found 1 design units, including 1 entities, in source file db/cmpr_99c.tdf
    Info (12023): Found entity 1: cmpr_99c File: C:/Users/adria/OneDrive/Desktop/progettiQuartus/cpu/db/cmpr_99c.tdf Line: 23
Info (12033): Analysis and Synthesis generated Signal Tap or debug node instance "auto_signaltap_0"
Info (11170): Starting IP generation for the debug fabric: alt_sld_fab.
Info (11172): 2026.07.08.09:16:39 Progress: Loading sld1d5d1f0c/alt_sld_fab_wrapper_hw.tcl
Info (11172): Alt_sld_fab.alt_sld_fab: SLD fabric agents which did not specify prefer_host were connected to JTAG
Info (11172): Alt_sld_fab: Generating "alt_sld_fab" for QUARTUS_SYNTH
Info (11172): Alt_sld_fab: "alt_sld_fab" instantiated alt_sld_fab "alt_sld_fab"
Info (11172): Presplit: "alt_sld_fab" instantiated altera_super_splitter "presplit"
Info (11172): Splitter: "alt_sld_fab" instantiated altera_sld_splitter "splitter"
Info (11172): Sldfabric: "alt_sld_fab" instantiated altera_sld_jtag_hub "sldfabric"
Info (11172): Ident: "alt_sld_fab" instantiated altera_connection_identification_hub "ident"
Info (11172): Alt_sld_fab: Done "alt_sld_fab" with 6 modules, 6 files
Info (11171): Finished IP generation for the debug fabric: alt_sld_fab.
Info (12021): Found 1 design units, including 1 entities, in source file db/ip/sld1d5d1f0c/alt_sld_fab.v
    Info (12023): Found entity 1: alt_sld_fab File: C:/Users/adria/OneDrive/Desktop/progettiQuartus/cpu/db/ip/sld1d5d1f0c/alt_sld_fab.v Line: 9
Info (12021): Found 1 design units, including 1 entities, in source file db/ip/sld1d5d1f0c/submodules/alt_sld_fab_alt_sld_fab.v
    Info (12023): Found entity 1: alt_sld_fab_alt_sld_fab File: C:/Users/adria/OneDrive/Desktop/progettiQuartus/cpu/db/ip/sld1d5d1f0c/submodules/alt_sld_fab_alt_sld_fab.v Line: 9
Info (12021): Found 1 design units, including 1 entities, in source file db/ip/sld1d5d1f0c/submodules/alt_sld_fab_alt_sld_fab_ident.sv
    Info (12023): Found entity 1: alt_sld_fab_alt_sld_fab_ident File: C:/Users/adria/OneDrive/Desktop/progettiQuartus/cpu/db/ip/sld1d5d1f0c/submodules/alt_sld_fab_alt_sld_fab_ident.sv Line: 33
Info (12021): Found 1 design units, including 1 entities, in source file db/ip/sld1d5d1f0c/submodules/alt_sld_fab_alt_sld_fab_presplit.sv
    Info (12023): Found entity 1: alt_sld_fab_alt_sld_fab_presplit File: C:/Users/adria/OneDrive/Desktop/progettiQuartus/cpu/db/ip/sld1d5d1f0c/submodules/alt_sld_fab_alt_sld_fab_presplit.sv Line: 3
Info (12021): Found 2 design units, including 1 entities, in source file db/ip/sld1d5d1f0c/submodules/alt_sld_fab_alt_sld_fab_sldfabric.vhd
    Info (12022): Found design unit 1: alt_sld_fab_alt_sld_fab_sldfabric-rtl File: C:/Users/adria/OneDrive/Desktop/progettiQuartus/cpu/db/ip/sld1d5d1f0c/submodules/alt_sld_fab_alt_sld_fab_sldfabric.vhd Line: 102
    Info (12023): Found entity 1: alt_sld_fab_alt_sld_fab_sldfabric File: C:/Users/adria/OneDrive/Desktop/progettiQuartus/cpu/db/ip/sld1d5d1f0c/submodules/alt_sld_fab_alt_sld_fab_sldfabric.vhd Line: 11
Info (12021): Found 1 design units, including 1 entities, in source file db/ip/sld1d5d1f0c/submodules/alt_sld_fab_alt_sld_fab_splitter.sv
    Info (12023): Found entity 1: alt_sld_fab_alt_sld_fab_splitter File: C:/Users/adria/OneDrive/Desktop/progettiQuartus/cpu/db/ip/sld1d5d1f0c/submodules/alt_sld_fab_alt_sld_fab_splitter.sv Line: 3
Info (286031): Timing-Driven Synthesis is running on partition "Top"
Info (35024): Successfully connected in-system debug instance "auto_signaltap_0" to all 107 required data inputs, trigger inputs, acquisition clocks, and dynamic pins
Info (16010): Generating hard_block partition "hard_block:auto_generated_inst"
    Info (16011): Adding 9 node(s), including 0 DDIO, 0 PLL, 0 transceiver and 0 LCELL
Info (21057): Implemented 10008 device resources after synthesis - the final resource count might be different
    Info (21058): Implemented 6 input pins
    Info (21059): Implemented 43 output pins
    Info (21061): Implemented 9921 logic cells
    Info (21064): Implemented 37 RAM segments
Info: Quartus Prime Analysis & Synthesis was successful. 0 errors, 1 warning
    Info: Peak virtual memory: 5136 megabytes
    Info: Processing ended: Wed Jul  8 09:17:00 2026
    Info: Elapsed time: 00:00:36
    Info: Total CPU time (on all processors): 00:01:06


