Power Analyzer report for niosv
Wed Jul  8 09:27:09 2026
Quartus Prime Version 25.1std.0 Build 1129 10/21/2025 SC Lite Edition


---------------------
; Table of Contents ;
---------------------
  1. Legal Notice
  2. Parallel Compilation
  3. Power Analyzer Summary
  4. Power Analyzer Settings
  5. Operating Conditions Used
  6. Thermal Power Dissipation by Block
  7. Thermal Power Dissipation by Block Type
  8. Thermal Power Dissipation by Hierarchy
  9. Core Dynamic Thermal Power Dissipation by Clock Domain
 10. Current Drawn from Voltage Supplies Summary
 11. VCCIO Supply Current Drawn by I/O Bank
 12. VCCIO Supply Current Drawn by Voltage
 13. VCCPD Supply Current Drawn by I/O Bank
 14. VCCPD Supply Current Drawn by Voltage
 15. Confidence Metric Details
 16. Signal Activities
 17. Power Analyzer Messages



----------------
; Legal Notice ;
----------------
Copyright (C) 2025  Altera Corporation. All rights reserved.
Your use of Altera Corporation's design tools, logic functions 
and other software and tools, and any partner logic 
functions, and any output files from any of the foregoing 
(including device programming or simulation files), and any 
associated documentation or information are expressly subject 
to the terms and conditions of the Altera Program License 
Subscription Agreement, the Altera Quartus Prime License Agreement,
the Altera IP License Agreement, or other applicable license
agreement, including, without limitation, that your use is for
the sole purpose of programming logic devices manufactured by
Altera and sold by Altera or its authorized distributors.  Please
refer to the Altera Software License Subscription Agreements 
on the Quartus Prime software download page.



+------------------------------------------+
; Parallel Compilation                     ;
+----------------------------+-------------+
; Processors                 ; Number      ;
+----------------------------+-------------+
; Number detected on machine ; 12          ;
; Maximum allowed            ; 10          ;
;                            ;             ;
; Average used               ; 2.22        ;
; Maximum used               ; 10          ;
;                            ;             ;
; Usage by Processor         ; % Time Used ;
;     Processor 1            ; 100.0%      ;
;     Processor 2            ;  13.6%      ;
;     Processor 3            ;  13.6%      ;
;     Processor 4            ;  13.6%      ;
;     Processor 5            ;  13.6%      ;
;     Processor 6            ;  13.6%      ;
;     Processor 7            ;  13.6%      ;
;     Processor 8            ;  13.6%      ;
;     Processor 9            ;  13.6%      ;
;     Processor 10           ;  13.6%      ;
+----------------------------+-------------+


+-------------------------------------------------------------------------------------------+
; Power Analyzer Summary                                                                    ;
+----------------------------------------+--------------------------------------------------+
; Power Analyzer Status                  ; Successful - Wed Jul  8 09:27:09 2026            ;
; Quartus Prime Version                  ; 25.1std.0 Build 1129 10/21/2025 SC Lite Edition  ;
; Revision Name                          ; niosv                                            ;
; Top-level Entity Name                  ; top_ent                                          ;
; Family                                 ; Cyclone V                                        ;
; Device                                 ; 5CSEMA5F31C6                                     ;
; Power Models                           ; Final                                            ;
; Total Thermal Power Dissipation        ; 455.48 mW                                        ;
; Core Dynamic Thermal Power Dissipation ; 26.09 mW                                         ;
; Core Static Thermal Power Dissipation  ; 412.09 mW                                        ;
; I/O Thermal Power Dissipation          ; 17.30 mW                                         ;
; Power Estimation Confidence            ; Low: user provided insufficient toggle rate data ;
+----------------------------------------+--------------------------------------------------+


+--------------------------------------------------------------------------------------------------------------------------+
; Power Analyzer Settings                                                                                                  ;
+------------------------------------------------------------------+---------------------------------------+---------------+
; Option                                                           ; Setting                               ; Default Value ;
+------------------------------------------------------------------+---------------------------------------+---------------+
; Use smart compilation                                            ; Off                                   ; Off           ;
; Enable parallel Assembler and Timing Analyzer during compilation ; On                                    ; On            ;
; Enable compact report table                                      ; Off                                   ; Off           ;
; Default Power Input I/O Toggle Rate                              ; 12.5%                                 ; 12.5%         ;
; Preset Cooling Solution                                          ; 23 MM HEAT SINK WITH 200 LFPM AIRFLOW ;               ;
; Board thermal model                                              ; None (CONSERVATIVE)                   ;               ;
; Default Power Toggle Rate                                        ; 12.5%                                 ; 12.5%         ;
; Use vectorless estimation                                        ; On                                    ; On            ;
; Use Input Files                                                  ; Off                                   ; Off           ;
; Filter Glitches in VCD File Reader                               ; On                                    ; On            ;
; Power Analyzer Report Signal Activity                            ; Off                                   ; Off           ;
; Power Analyzer Report Power Dissipation                          ; Off                                   ; Off           ;
; Device Power Characteristics                                     ; TYPICAL                               ; TYPICAL       ;
; Automatically Compute Junction Temperature                       ; On                                    ; On            ;
; Specified Junction Temperature                                   ; 25                                    ; 25            ;
; Ambient Temperature                                              ; 25                                    ; 25            ;
; Use Custom Cooling Solution                                      ; Off                                   ; Off           ;
; Board Temperature                                                ; 25                                    ; 25            ;
; Enable HPS                                                       ; Off                                   ; Off           ;
; Processor Frequency                                              ; 0.0                                   ; 0.0           ;
+------------------------------------------------------------------+---------------------------------------+---------------+


+-------------------------------------------------------------------------+
; Operating Conditions Used                                               ;
+---------------------------------------------+---------------------------+
; Setting                                     ; Value                     ;
+---------------------------------------------+---------------------------+
; Device power characteristics                ; Typical                   ;
;                                             ;                           ;
; Voltages                                    ;                           ;
;     VCC                                     ; 1.10 V                    ;
;     VCCA_FPLL                               ; 2.50 V                    ;
;     VCCPGM                                  ; 1.80 V                    ;
;     VCCBAT                                  ; 1.20 V                    ;
;     VCCE_GXB                                ; 1.10 V                    ;
;     VCCL_GXB                                ; 1.10 V                    ;
;     VCCH_GXB                                ; 2.50 V                    ;
;     VCCAUX                                  ; 2.50 V                    ;
;     VCC_HPS                                 ; 1.10 V                    ;
;     VCCRSTCLK_HPS                           ; 1.80 V                    ;
;     VCCPLL_HPS                              ; 2.50 V                    ;
;     VCCAUX_SHARED                           ; 2.50 V                    ;
;     2.5 V I/O Standard                      ; 2.5 V                     ;
;                                             ;                           ;
; Auto computed junction temperature          ; 27.0 degrees Celsius      ;
;     Ambient temperature                     ; 25.0 degrees Celsius      ;
;     Junction-to-Case thermal resistance     ; 2.30 degrees Celsius/Watt ;
;     Case-to-Heat Sink thermal resistance    ; 0.10 degrees Celsius/Watt ;
;     Heat Sink-to-Ambient thermal resistance ; 2.10 degrees Celsius/Watt ;
;                                             ;                           ;
; Board model used                            ; None                      ;
+---------------------------------------------+---------------------------+


+----------------------------------------------------------------------------------------------------------------------------------------------+
; Thermal Power Dissipation by Block                                                                                                           ;
+------------+------------+---------------------+-----------------------------+--------------------------------+-------------------------------+
; Block Name ; Block Type ; Total Thermal Power ; Block Thermal Dynamic Power ; Block Thermal Static Power (1) ; Routing Thermal Dynamic Power ;
+------------+------------+---------------------+-----------------------------+--------------------------------+-------------------------------+
(1) The "Thermal Power Dissipation by Block" Table has been hidden. To show this table, please select the "Write power dissipation by block to report file" option under "PowerPlay Power Analyzer Settings".


+-------------------------------------------------------------------------------------------------------------------------------------------------------------------------------------------------------------------+
; Thermal Power Dissipation by Block Type                                                                                                                                                                           ;
+--------------------+-----------------------------------+-----------------------------+--------------------------------+-------------------------------+-----------------------------------------------------------+
; Block Type         ; Total Thermal Power by Block Type ; Block Thermal Dynamic Power ; Block Thermal Static Power (1) ; Routing Thermal Dynamic Power ; Block Average Toggle Rate (millions of transitions / sec) ;
+--------------------+-----------------------------------+-----------------------------+--------------------------------+-------------------------------+-----------------------------------------------------------+
; JTAG               ; 0.30 mW                           ; 0.00 mW                     ; --                             ; 0.30 mW                       ;   20.625                                                  ;
; M10K block         ; 1.48 mW                           ; 1.14 mW                     ; --                             ; 0.34 mW                       ;    7.957                                                  ;
; Combinational cell ; 7.06 mW                           ; 2.83 mW                     ; --                             ; 4.23 mW                       ;    6.030                                                  ;
; Clock enable block ; 5.90 mW                           ; 0.00 mW                     ; --                             ; 5.90 mW                       ;  100.000                                                  ;
; Register cell      ; 11.09 mW                          ; 5.34 mW                     ; --                             ; 5.75 mW                       ;    5.718                                                  ;
; MLAB cell          ; 0.26 mW                           ; 0.19 mW                     ; --                             ; 0.06 mW                       ;    3.125                                                  ;
; I/O                ; 9.30 mW                           ; 8.64 mW                     ; 0.66 mW                        ; 0.00 mW                       ;    9.271                                                  ;
+--------------------+-----------------------------------+-----------------------------+--------------------------------+-------------------------------+-----------------------------------------------------------+
(1) The "Block Thermal Static Power" for all block types except Pins and the Voltage Regulator, if one exists, is part of the "Core Static Thermal Power Dissipation" value found on the PowerPlay Power Analyzer-->Summary report panel. The "Core Static Thermal Power Dissipation" also contains the thermal static power dissipated by the routing.


+-------------------------------------------------------------------------------------------------------------------------------------------------------------------------------------------------------------------------------------------------------------------------------------------------------------------------------------------------------------------------------------------------------------------------------------------------------------------------------------------------------------------------------------------------------------------------------------------------------------------------------------------------+
; Thermal Power Dissipation by Hierarchy                                                                                                                                                                                                                                                                                                                                                                                                                                                                                                                                                                                                          ;
+------------------------------------------------------------------------------------------------------------------------------------------+--------------------------------------+---------------------------------+-----------------------------------+-----------------------------------+-----------------------------------------------------------------------------------------------------------------------------------------------------------------------------------------------------------------------------------------------------------------------------------------------------------------------------------------------------+
; Compilation Hierarchy Node                                                                                                               ; Total Thermal Power by Hierarchy (1) ; Block Thermal Dynamic Power (1) ; Block Thermal Static Power (1)(2) ; Routing Thermal Dynamic Power (1) ; Full Hierarchy Name                                                                                                                                                                                                                                                                                                                                 ;
+------------------------------------------------------------------------------------------------------------------------------------------+--------------------------------------+---------------------------------+-----------------------------------+-----------------------------------+-----------------------------------------------------------------------------------------------------------------------------------------------------------------------------------------------------------------------------------------------------------------------------------------------------------------------------------------------------+
; |top_ent                                                                                                                                 ; 35.39 mW (15.91 mW)                  ; 18.15 mW (8.70 mW)              ; 0.66 mW (0.66 mW)                 ; 16.58 mW (6.55 mW)                ; |top_ent                                                                                                                                                                                                                                                                                                                                            ;
;     |hard_block:auto_generated_inst                                                                                                      ; 0.00 mW (0.00 mW)                    ; 0.00 mW (0.00 mW)               ; --                                ; 0.00 mW (0.00 mW)                 ; |top_ent|hard_block:auto_generated_inst                                                                                                                                                                                                                                                                                                             ;
;     |sld_hub:auto_hub                                                                                                                    ; 0.39 mW (0.00 mW)                    ; 0.17 mW (0.00 mW)               ; --                                ; 0.22 mW (0.00 mW)                 ; |top_ent|sld_hub:auto_hub                                                                                                                                                                                                                                                                                                                           ;
;         |alt_sld_fab_with_jtag_input:\instrumentation_fabric_with_node_gen:fabric_gen_new_way:with_jtag_input_gen:instrumentation_fabric ; 0.39 mW (0.00 mW)                    ; 0.17 mW (0.00 mW)               ; --                                ; 0.22 mW (0.00 mW)                 ; |top_ent|sld_hub:auto_hub|alt_sld_fab_with_jtag_input:\instrumentation_fabric_with_node_gen:fabric_gen_new_way:with_jtag_input_gen:instrumentation_fabric                                                                                                                                                                                           ;
;             |alt_sld_fab:instrumentation_fabric                                                                                          ; 0.39 mW (0.00 mW)                    ; 0.17 mW (0.00 mW)               ; --                                ; 0.22 mW (0.00 mW)                 ; |top_ent|sld_hub:auto_hub|alt_sld_fab_with_jtag_input:\instrumentation_fabric_with_node_gen:fabric_gen_new_way:with_jtag_input_gen:instrumentation_fabric|alt_sld_fab:instrumentation_fabric                                                                                                                                                        ;
;                 |alt_sld_fab_alt_sld_fab:alt_sld_fab                                                                                     ; 0.39 mW (0.02 mW)                    ; 0.17 mW (0.01 mW)               ; --                                ; 0.22 mW (0.01 mW)                 ; |top_ent|sld_hub:auto_hub|alt_sld_fab_with_jtag_input:\instrumentation_fabric_with_node_gen:fabric_gen_new_way:with_jtag_input_gen:instrumentation_fabric|alt_sld_fab:instrumentation_fabric|alt_sld_fab_alt_sld_fab:alt_sld_fab                                                                                                                    ;
;                     |alt_sld_fab_alt_sld_fab_sldfabric:sldfabric                                                                         ; 0.37 mW (0.00 mW)                    ; 0.16 mW (0.00 mW)               ; --                                ; 0.21 mW (0.00 mW)                 ; |top_ent|sld_hub:auto_hub|alt_sld_fab_with_jtag_input:\instrumentation_fabric_with_node_gen:fabric_gen_new_way:with_jtag_input_gen:instrumentation_fabric|alt_sld_fab:instrumentation_fabric|alt_sld_fab_alt_sld_fab:alt_sld_fab|alt_sld_fab_alt_sld_fab_sldfabric:sldfabric                                                                        ;
;                         |sld_jtag_hub:\jtag_hub_gen:real_sld_jtag_hub                                                                    ; 0.37 mW (0.27 mW)                    ; 0.16 mW (0.12 mW)               ; --                                ; 0.21 mW (0.15 mW)                 ; |top_ent|sld_hub:auto_hub|alt_sld_fab_with_jtag_input:\instrumentation_fabric_with_node_gen:fabric_gen_new_way:with_jtag_input_gen:instrumentation_fabric|alt_sld_fab:instrumentation_fabric|alt_sld_fab_alt_sld_fab:alt_sld_fab|alt_sld_fab_alt_sld_fab_sldfabric:sldfabric|sld_jtag_hub:\jtag_hub_gen:real_sld_jtag_hub                           ;
;                             |sld_rom_sr:hub_info_reg                                                                                     ; 0.03 mW (0.03 mW)                    ; 0.02 mW (0.02 mW)               ; --                                ; 0.01 mW (0.01 mW)                 ; |top_ent|sld_hub:auto_hub|alt_sld_fab_with_jtag_input:\instrumentation_fabric_with_node_gen:fabric_gen_new_way:with_jtag_input_gen:instrumentation_fabric|alt_sld_fab:instrumentation_fabric|alt_sld_fab_alt_sld_fab:alt_sld_fab|alt_sld_fab_alt_sld_fab_sldfabric:sldfabric|sld_jtag_hub:\jtag_hub_gen:real_sld_jtag_hub|sld_rom_sr:hub_info_reg   ;
;                             |sld_shadow_jsm:shadow_jsm                                                                                   ; 0.07 mW (0.07 mW)                    ; 0.02 mW (0.02 mW)               ; --                                ; 0.05 mW (0.05 mW)                 ; |top_ent|sld_hub:auto_hub|alt_sld_fab_with_jtag_input:\instrumentation_fabric_with_node_gen:fabric_gen_new_way:with_jtag_input_gen:instrumentation_fabric|alt_sld_fab:instrumentation_fabric|alt_sld_fab_alt_sld_fab:alt_sld_fab|alt_sld_fab_alt_sld_fab_sldfabric:sldfabric|sld_jtag_hub:\jtag_hub_gen:real_sld_jtag_hub|sld_shadow_jsm:shadow_jsm ;
;         |sld_jtag_interface_mod:\jtag_interface_mod_gen:device_family_mod_inst                                                           ; 0.00 mW (0.00 mW)                    ; 0.00 mW (0.00 mW)               ; --                                ; 0.00 mW (0.00 mW)                 ; |top_ent|sld_hub:auto_hub|sld_jtag_interface_mod:\jtag_interface_mod_gen:device_family_mod_inst                                                                                                                                                                                                                                                     ;
;     |sld_signaltap:auto_signaltap_0                                                                                                      ; 1.29 mW (0.06 mW)                    ; 0.69 mW (0.05 mW)               ; --                                ; 0.60 mW (0.01 mW)                 ; |top_ent|sld_signaltap:auto_signaltap_0                                                                                                                                                                                                                                                                                                             ;
;         |sld_jtag_endpoint_adapter:\gen_jtag_signal_adapter:jtag_signal_adapter                                                          ; 0.00 mW (0.00 mW)                    ; 0.00 mW (0.00 mW)               ; --                                ; 0.00 mW (0.00 mW)                 ; |top_ent|sld_signaltap:auto_signaltap_0|sld_jtag_endpoint_adapter:\gen_jtag_signal_adapter:jtag_signal_adapter                                                                                                                                                                                                                                      ;
;         |sld_signaltap_impl:sld_signaltap_body                                                                                           ; 1.22 mW (0.00 mW)                    ; 0.64 mW (0.00 mW)               ; --                                ; 0.59 mW (0.00 mW)                 ; |top_ent|sld_signaltap:auto_signaltap_0|sld_signaltap_impl:sld_signaltap_body                                                                                                                                                                                                                                                                       ;
;             |sld_signaltap_implb:sld_signaltap_body                                                                                      ; 1.22 mW (0.47 mW)                    ; 0.64 mW (0.17 mW)               ; --                                ; 0.59 mW (0.30 mW)                 ; |top_ent|sld_signaltap:auto_signaltap_0|sld_signaltap_impl:sld_signaltap_body|sld_signaltap_implb:sld_signaltap_body                                                                                                                                                                                                                                ;
;                 |sld_offload_buffer_mgr:\stp_non_zero_depth_offload_gen:stp_offload_buff_mgr_inst                                        ; 0.15 mW (0.00 mW)                    ; 0.07 mW (0.00 mW)               ; --                                ; 0.09 mW (0.00 mW)                 ; |top_ent|sld_signaltap:auto_signaltap_0|sld_signaltap_impl:sld_signaltap_body|sld_signaltap_implb:sld_signaltap_body|sld_offload_buffer_mgr:\stp_non_zero_depth_offload_gen:stp_offload_buff_mgr_inst                                                                                                                                               ;
;                     |lpm_counter:\adv_point_3_and_more:advance_pointer_counter                                                           ; 0.01 mW (0.00 mW)                    ; 0.01 mW (0.00 mW)               ; --                                ; 0.00 mW (0.00 mW)                 ; |top_ent|sld_signaltap:auto_signaltap_0|sld_signaltap_impl:sld_signaltap_body|sld_signaltap_implb:sld_signaltap_body|sld_offload_buffer_mgr:\stp_non_zero_depth_offload_gen:stp_offload_buff_mgr_inst|lpm_counter:\adv_point_3_and_more:advance_pointer_counter                                                                                     ;
;                         |cntr_29i:auto_generated                                                                                         ; 0.01 mW (0.01 mW)                    ; 0.01 mW (0.01 mW)               ; --                                ; 0.00 mW (0.00 mW)                 ; |top_ent|sld_signaltap:auto_signaltap_0|sld_signaltap_impl:sld_signaltap_body|sld_signaltap_implb:sld_signaltap_body|sld_offload_buffer_mgr:\stp_non_zero_depth_offload_gen:stp_offload_buff_mgr_inst|lpm_counter:\adv_point_3_and_more:advance_pointer_counter|cntr_29i:auto_generated                                                             ;
;                     |lpm_shiftreg:info_data_shift_out                                                                                    ; 0.02 mW (0.02 mW)                    ; 0.01 mW (0.01 mW)               ; --                                ; 0.01 mW (0.01 mW)                 ; |top_ent|sld_signaltap:auto_signaltap_0|sld_signaltap_impl:sld_signaltap_body|sld_signaltap_implb:sld_signaltap_body|sld_offload_buffer_mgr:\stp_non_zero_depth_offload_gen:stp_offload_buff_mgr_inst|lpm_shiftreg:info_data_shift_out                                                                                                              ;
;                     |lpm_shiftreg:ram_data_shift_out                                                                                     ; 0.05 mW (0.05 mW)                    ; 0.01 mW (0.01 mW)               ; --                                ; 0.04 mW (0.04 mW)                 ; |top_ent|sld_signaltap:auto_signaltap_0|sld_signaltap_impl:sld_signaltap_body|sld_signaltap_implb:sld_signaltap_body|sld_offload_buffer_mgr:\stp_non_zero_depth_offload_gen:stp_offload_buff_mgr_inst|lpm_shiftreg:ram_data_shift_out                                                                                                               ;
;                     |lpm_counter:read_pointer_counter                                                                                    ; 0.03 mW (0.00 mW)                    ; 0.01 mW (0.00 mW)               ; --                                ; 0.01 mW (0.00 mW)                 ; |top_ent|sld_signaltap:auto_signaltap_0|sld_signaltap_impl:sld_signaltap_body|sld_signaltap_implb:sld_signaltap_body|sld_offload_buffer_mgr:\stp_non_zero_depth_offload_gen:stp_offload_buff_mgr_inst|lpm_counter:read_pointer_counter                                                                                                              ;
;                         |cntr_4vi:auto_generated                                                                                         ; 0.03 mW (0.03 mW)                    ; 0.01 mW (0.01 mW)               ; --                                ; 0.01 mW (0.01 mW)                 ; |top_ent|sld_signaltap:auto_signaltap_0|sld_signaltap_impl:sld_signaltap_body|sld_signaltap_implb:sld_signaltap_body|sld_offload_buffer_mgr:\stp_non_zero_depth_offload_gen:stp_offload_buff_mgr_inst|lpm_counter:read_pointer_counter|cntr_4vi:auto_generated                                                                                      ;
;                     |lpm_counter:status_advance_pointer_counter                                                                          ; 0.01 mW (0.00 mW)                    ; 0.00 mW (0.00 mW)               ; --                                ; 0.01 mW (0.00 mW)                 ; |top_ent|sld_signaltap:auto_signaltap_0|sld_signaltap_impl:sld_signaltap_body|sld_signaltap_implb:sld_signaltap_body|sld_offload_buffer_mgr:\stp_non_zero_depth_offload_gen:stp_offload_buff_mgr_inst|lpm_counter:status_advance_pointer_counter                                                                                                    ;
;                         |cntr_09i:auto_generated                                                                                         ; 0.01 mW (0.01 mW)                    ; 0.00 mW (0.00 mW)               ; --                                ; 0.01 mW (0.01 mW)                 ; |top_ent|sld_signaltap:auto_signaltap_0|sld_signaltap_impl:sld_signaltap_body|sld_signaltap_implb:sld_signaltap_body|sld_offload_buffer_mgr:\stp_non_zero_depth_offload_gen:stp_offload_buff_mgr_inst|lpm_counter:status_advance_pointer_counter|cntr_09i:auto_generated                                                                            ;
;                     |lpm_shiftreg:status_data_shift_out                                                                                  ; 0.03 mW (0.03 mW)                    ; 0.01 mW (0.01 mW)               ; --                                ; 0.02 mW (0.02 mW)                 ; |top_ent|sld_signaltap:auto_signaltap_0|sld_signaltap_impl:sld_signaltap_body|sld_signaltap_implb:sld_signaltap_body|sld_offload_buffer_mgr:\stp_non_zero_depth_offload_gen:stp_offload_buff_mgr_inst|lpm_shiftreg:status_data_shift_out                                                                                                            ;
;                     |lpm_counter:status_read_pointer_counter                                                                             ; 0.01 mW (0.00 mW)                    ; 0.00 mW (0.00 mW)               ; --                                ; 0.00 mW (0.00 mW)                 ; |top_ent|sld_signaltap:auto_signaltap_0|sld_signaltap_impl:sld_signaltap_body|sld_signaltap_implb:sld_signaltap_body|sld_offload_buffer_mgr:\stp_non_zero_depth_offload_gen:stp_offload_buff_mgr_inst|lpm_counter:status_read_pointer_counter                                                                                                       ;
;                         |cntr_kri:auto_generated                                                                                         ; 0.01 mW (0.01 mW)                    ; 0.00 mW (0.00 mW)               ; --                                ; 0.00 mW (0.00 mW)                 ; |top_ent|sld_signaltap:auto_signaltap_0|sld_signaltap_impl:sld_signaltap_body|sld_signaltap_implb:sld_signaltap_body|sld_offload_buffer_mgr:\stp_non_zero_depth_offload_gen:stp_offload_buff_mgr_inst|lpm_counter:status_read_pointer_counter|cntr_kri:auto_generated                                                                               ;
;                 |altdpram:\stp_non_zero_ram_gen:attribute_mem_gen:attribute_mem                                                          ; 0.08 mW (0.08 mW)                    ; 0.05 mW (0.05 mW)               ; --                                ; 0.03 mW (0.03 mW)                 ; |top_ent|sld_signaltap:auto_signaltap_0|sld_signaltap_impl:sld_signaltap_body|sld_signaltap_implb:sld_signaltap_body|altdpram:\stp_non_zero_ram_gen:attribute_mem_gen:attribute_mem                                                                                                                                                                 ;
;                     |lpm_mux:mux                                                                                                         ; 0.00 mW (0.00 mW)                    ; 0.00 mW (0.00 mW)               ; --                                ; 0.00 mW (0.00 mW)                 ; |top_ent|sld_signaltap:auto_signaltap_0|sld_signaltap_impl:sld_signaltap_body|sld_signaltap_implb:sld_signaltap_body|altdpram:\stp_non_zero_ram_gen:attribute_mem_gen:attribute_mem|lpm_mux:mux                                                                                                                                                     ;
;                     |lpm_decode:wdecoder                                                                                                 ; 0.00 mW (0.00 mW)                    ; 0.00 mW (0.00 mW)               ; --                                ; 0.00 mW (0.00 mW)                 ; |top_ent|sld_signaltap:auto_signaltap_0|sld_signaltap_impl:sld_signaltap_body|sld_signaltap_implb:sld_signaltap_body|altdpram:\stp_non_zero_ram_gen:attribute_mem_gen:attribute_mem|lpm_decode:wdecoder                                                                                                                                             ;
;                         |decode_vnf:auto_generated                                                                                       ; 0.00 mW (0.00 mW)                    ; 0.00 mW (0.00 mW)               ; --                                ; 0.00 mW (0.00 mW)                 ; |top_ent|sld_signaltap:auto_signaltap_0|sld_signaltap_impl:sld_signaltap_body|sld_signaltap_implb:sld_signaltap_body|altdpram:\stp_non_zero_ram_gen:attribute_mem_gen:attribute_mem|lpm_decode:wdecoder|decode_vnf:auto_generated                                                                                                                   ;
;                 |altsyncram:\stp_non_zero_ram_gen:stp_buffer_ram                                                                         ; 0.17 mW (0.00 mW)                    ; 0.17 mW (0.00 mW)               ; --                                ; 0.01 mW (0.00 mW)                 ; |top_ent|sld_signaltap:auto_signaltap_0|sld_signaltap_impl:sld_signaltap_body|sld_signaltap_implb:sld_signaltap_body|altsyncram:\stp_non_zero_ram_gen:stp_buffer_ram                                                                                                                                                                                ;
;                     |altsyncram_ib84:auto_generated                                                                                      ; 0.17 mW (0.17 mW)                    ; 0.17 mW (0.17 mW)               ; --                                ; 0.01 mW (0.01 mW)                 ; |top_ent|sld_signaltap:auto_signaltap_0|sld_signaltap_impl:sld_signaltap_body|sld_signaltap_implb:sld_signaltap_body|altsyncram:\stp_non_zero_ram_gen:stp_buffer_ram|altsyncram_ib84:auto_generated                                                                                                                                                 ;
;                 |serial_crc_16:\tdo_crc_gen:tdo_crc_calc                                                                                 ; 0.03 mW (0.03 mW)                    ; 0.01 mW (0.01 mW)               ; --                                ; 0.02 mW (0.02 mW)                 ; |top_ent|sld_signaltap:auto_signaltap_0|sld_signaltap_impl:sld_signaltap_body|sld_signaltap_implb:sld_signaltap_body|serial_crc_16:\tdo_crc_gen:tdo_crc_calc                                                                                                                                                                                        ;
;                 |sld_rom_sr:crc_rom_sr                                                                                                   ; 0.04 mW (0.04 mW)                    ; 0.03 mW (0.03 mW)               ; --                                ; 0.02 mW (0.02 mW)                 ; |top_ent|sld_signaltap:auto_signaltap_0|sld_signaltap_impl:sld_signaltap_body|sld_signaltap_implb:sld_signaltap_body|sld_rom_sr:crc_rom_sr                                                                                                                                                                                                          ;
;                 |sld_ela_control:ela_control                                                                                             ; 0.04 mW (0.00 mW)                    ; 0.02 mW (0.00 mW)               ; --                                ; 0.02 mW (0.00 mW)                 ; |top_ent|sld_signaltap:auto_signaltap_0|sld_signaltap_impl:sld_signaltap_body|sld_signaltap_implb:sld_signaltap_body|sld_ela_control:ela_control                                                                                                                                                                                                    ;
;                     |sld_ela_trigger_flow_mgr:\builtin:ela_trigger_flow_mgr_entity                                                       ; 0.03 mW (0.01 mW)                    ; 0.01 mW (0.00 mW)               ; --                                ; 0.02 mW (0.00 mW)                 ; |top_ent|sld_signaltap:auto_signaltap_0|sld_signaltap_impl:sld_signaltap_body|sld_signaltap_implb:sld_signaltap_body|sld_ela_control:ela_control|sld_ela_trigger_flow_mgr:\builtin:ela_trigger_flow_mgr_entity                                                                                                                                      ;
;                         |lpm_shiftreg:trigger_config_deserialize                                                                         ; 0.02 mW (0.02 mW)                    ; 0.01 mW (0.01 mW)               ; --                                ; 0.01 mW (0.01 mW)                 ; |top_ent|sld_signaltap:auto_signaltap_0|sld_signaltap_impl:sld_signaltap_body|sld_signaltap_implb:sld_signaltap_body|sld_ela_control:ela_control|sld_ela_trigger_flow_mgr:\builtin:ela_trigger_flow_mgr_entity|lpm_shiftreg:trigger_config_deserialize                                                                                              ;
;                     |sld_ela_trigger:\multi_level_advanced_trigger_gen:advanced_trigger_wrapper                                          ; 0.00 mW (0.00 mW)                    ; 0.00 mW (0.00 mW)               ; --                                ; 0.00 mW (0.00 mW)                 ; |top_ent|sld_signaltap:auto_signaltap_0|sld_signaltap_impl:sld_signaltap_body|sld_signaltap_implb:sld_signaltap_body|sld_ela_control:ela_control|sld_ela_trigger:\multi_level_advanced_trigger_gen:advanced_trigger_wrapper                                                                                                                         ;
;                         |sld_ela_trigger_ago:auto_generated                                                                              ; 0.00 mW (0.00 mW)                    ; 0.00 mW (0.00 mW)               ; --                                ; 0.00 mW (0.00 mW)                 ; |top_ent|sld_signaltap:auto_signaltap_0|sld_signaltap_impl:sld_signaltap_body|sld_signaltap_implb:sld_signaltap_body|sld_ela_control:ela_control|sld_ela_trigger:\multi_level_advanced_trigger_gen:advanced_trigger_wrapper|sld_ela_trigger_ago:auto_generated                                                                                      ;
;                             |sld_reserved_niosv_auto_signaltap_0_1_c121:mgl_prim1                                                        ; 0.00 mW (0.00 mW)                    ; 0.00 mW (0.00 mW)               ; --                                ; 0.00 mW (0.00 mW)                 ; |top_ent|sld_signaltap:auto_signaltap_0|sld_signaltap_impl:sld_signaltap_body|sld_signaltap_implb:sld_signaltap_body|sld_ela_control:ela_control|sld_ela_trigger:\multi_level_advanced_trigger_gen:advanced_trigger_wrapper|sld_ela_trigger_ago:auto_generated|sld_reserved_niosv_auto_signaltap_0_1_c121:mgl_prim1                                 ;
;                     |lpm_shiftreg:trigger_config_deserialize                                                                             ; 0.01 mW (0.01 mW)                    ; 0.00 mW (0.00 mW)               ; --                                ; 0.00 mW (0.00 mW)                 ; |top_ent|sld_signaltap:auto_signaltap_0|sld_signaltap_impl:sld_signaltap_body|sld_signaltap_implb:sld_signaltap_body|sld_ela_control:ela_control|lpm_shiftreg:trigger_config_deserialize                                                                                                                                                            ;
;                 |lpm_shiftreg:segment_offset_config_deserialize                                                                          ; 0.01 mW (0.01 mW)                    ; 0.00 mW (0.00 mW)               ; --                                ; 0.01 mW (0.01 mW)                 ; |top_ent|sld_signaltap:auto_signaltap_0|sld_signaltap_impl:sld_signaltap_body|sld_signaltap_implb:sld_signaltap_body|lpm_shiftreg:segment_offset_config_deserialize                                                                                                                                                                                 ;
;                 |sld_buffer_manager:sld_buffer_manager_inst                                                                              ; 0.19 mW (0.19 mW)                    ; 0.11 mW (0.11 mW)               ; --                                ; 0.08 mW (0.08 mW)                 ; |top_ent|sld_signaltap:auto_signaltap_0|sld_signaltap_impl:sld_signaltap_body|sld_signaltap_implb:sld_signaltap_body|sld_buffer_manager:sld_buffer_manager_inst                                                                                                                                                                                     ;
;                 |lpm_shiftreg:status_register                                                                                            ; 0.04 mW (0.04 mW)                    ; 0.01 mW (0.01 mW)               ; --                                ; 0.02 mW (0.02 mW)                 ; |top_ent|sld_signaltap:auto_signaltap_0|sld_signaltap_impl:sld_signaltap_body|sld_signaltap_implb:sld_signaltap_body|lpm_shiftreg:status_register                                                                                                                                                                                                   ;
;     |niosv:u0                                                                                                                            ; 17.80 mW (0.00 mW)                   ; 8.59 mW (0.00 mW)               ; --                                ; 9.21 mW (0.00 mW)                 ; |top_ent|niosv:u0                                                                                                                                                                                                                                                                                                                                   ;
;         |niosv_intel_niosv_m_0:intel_niosv_m_0                                                                                           ; 13.59 mW (0.00 mW)                   ; 6.67 mW (0.00 mW)               ; --                                ; 6.92 mW (0.00 mW)                 ; |top_ent|niosv:u0|niosv_intel_niosv_m_0:intel_niosv_m_0                                                                                                                                                                                                                                                                                             ;
;             |niosv_dm_top:dbg_mod                                                                                                        ; 2.24 mW (0.00 mW)                    ; 1.06 mW (0.00 mW)               ; --                                ; 1.17 mW (0.00 mW)                 ; |top_ent|niosv:u0|niosv_intel_niosv_m_0:intel_niosv_m_0|niosv_dm_top:dbg_mod                                                                                                                                                                                                                                                                        ;
;                 |niosv_debug_module:dm_inst                                                                                              ; 1.40 mW (0.95 mW)                    ; 0.73 mW (0.43 mW)               ; --                                ; 0.66 mW (0.51 mW)                 ; |top_ent|niosv:u0|niosv_intel_niosv_m_0:intel_niosv_m_0|niosv_dm_top:dbg_mod|niosv_debug_module:dm_inst                                                                                                                                                                                                                                             ;
;                     |niosv_debug_rom:dbg_rom_inst                                                                                        ; 0.25 mW (0.00 mW)                    ; 0.19 mW (0.00 mW)               ; --                                ; 0.06 mW (0.00 mW)                 ; |top_ent|niosv:u0|niosv_intel_niosv_m_0:intel_niosv_m_0|niosv_dm_top:dbg_mod|niosv_debug_module:dm_inst|niosv_debug_rom:dbg_rom_inst                                                                                                                                                                                                                ;
;                         |niosv_ram:gen_mlab_rom.dbg_rom_inst                                                                             ; 0.25 mW (0.00 mW)                    ; 0.19 mW (0.00 mW)               ; --                                ; 0.06 mW (0.00 mW)                 ; |top_ent|niosv:u0|niosv_intel_niosv_m_0:intel_niosv_m_0|niosv_dm_top:dbg_mod|niosv_debug_module:dm_inst|niosv_debug_rom:dbg_rom_inst|niosv_ram:gen_mlab_rom.dbg_rom_inst                                                                                                                                                                            ;
;                             |altsyncram:ram_no_ecc.data_ram_inst                                                                         ; 0.25 mW (0.00 mW)                    ; 0.19 mW (0.00 mW)               ; --                                ; 0.06 mW (0.00 mW)                 ; |top_ent|niosv:u0|niosv_intel_niosv_m_0:intel_niosv_m_0|niosv_dm_top:dbg_mod|niosv_debug_module:dm_inst|niosv_debug_rom:dbg_rom_inst|niosv_ram:gen_mlab_rom.dbg_rom_inst|altsyncram:ram_no_ecc.data_ram_inst                                                                                                                                        ;
;                                 |altsyncram_45v1:auto_generated                                                                          ; 0.25 mW (0.25 mW)                    ; 0.19 mW (0.19 mW)               ; --                                ; 0.06 mW (0.06 mW)                 ; |top_ent|niosv:u0|niosv_intel_niosv_m_0:intel_niosv_m_0|niosv_dm_top:dbg_mod|niosv_debug_module:dm_inst|niosv_debug_rom:dbg_rom_inst|niosv_ram:gen_mlab_rom.dbg_rom_inst|altsyncram:ram_no_ecc.data_ram_inst|altsyncram_45v1:auto_generated                                                                                                         ;
;                                     |decode_5la:wr_decode                                                                                ; 0.00 mW (0.00 mW)                    ; 0.00 mW (0.00 mW)               ; --                                ; 0.00 mW (0.00 mW)                 ; |top_ent|niosv:u0|niosv_intel_niosv_m_0:intel_niosv_m_0|niosv_dm_top:dbg_mod|niosv_debug_module:dm_inst|niosv_debug_rom:dbg_rom_inst|niosv_ram:gen_mlab_rom.dbg_rom_inst|altsyncram:ram_no_ecc.data_ram_inst|altsyncram_45v1:auto_generated|decode_5la:wr_decode                                                                                    ;
;                     |niosv_ram:niosv_dm_csr_mem_inst                                                                                     ; 0.21 mW (0.00 mW)                    ; 0.12 mW (0.00 mW)               ; --                                ; 0.09 mW (0.00 mW)                 ; |top_ent|niosv:u0|niosv_intel_niosv_m_0:intel_niosv_m_0|niosv_dm_top:dbg_mod|niosv_debug_module:dm_inst|niosv_ram:niosv_dm_csr_mem_inst                                                                                                                                                                                                             ;
;                         |altsyncram:ram_no_ecc.data_ram_inst                                                                             ; 0.21 mW (0.00 mW)                    ; 0.12 mW (0.00 mW)               ; --                                ; 0.09 mW (0.00 mW)                 ; |top_ent|niosv:u0|niosv_intel_niosv_m_0:intel_niosv_m_0|niosv_dm_top:dbg_mod|niosv_debug_module:dm_inst|niosv_ram:niosv_dm_csr_mem_inst|altsyncram:ram_no_ecc.data_ram_inst                                                                                                                                                                         ;
;                             |altsyncram_51v1:auto_generated                                                                              ; 0.21 mW (0.21 mW)                    ; 0.12 mW (0.12 mW)               ; --                                ; 0.09 mW (0.09 mW)                 ; |top_ent|niosv:u0|niosv_intel_niosv_m_0:intel_niosv_m_0|niosv_dm_top:dbg_mod|niosv_debug_module:dm_inst|niosv_ram:niosv_dm_csr_mem_inst|altsyncram:ram_no_ecc.data_ram_inst|altsyncram_51v1:auto_generated                                                                                                                                          ;
;                 |niosv_dm_jtag2mm:dtm_inst                                                                                               ; 0.84 mW (0.34 mW)                    ; 0.33 mW (0.13 mW)               ; --                                ; 0.51 mW (0.21 mW)                 ; |top_ent|niosv:u0|niosv_intel_niosv_m_0:intel_niosv_m_0|niosv_dm_top:dbg_mod|niosv_dm_jtag2mm:dtm_inst                                                                                                                                                                                                                                              ;
;                     |altera_avalon_st_handshake_clock_crosser:cmd_clk_xer                                                                ; 0.24 mW (0.00 mW)                    ; 0.11 mW (0.00 mW)               ; --                                ; 0.13 mW (0.00 mW)                 ; |top_ent|niosv:u0|niosv_intel_niosv_m_0:intel_niosv_m_0|niosv_dm_top:dbg_mod|niosv_dm_jtag2mm:dtm_inst|altera_avalon_st_handshake_clock_crosser:cmd_clk_xer                                                                                                                                                                                         ;
;                         |altera_avalon_st_clock_crosser:clock_xer                                                                        ; 0.24 mW (0.16 mW)                    ; 0.11 mW (0.07 mW)               ; --                                ; 0.13 mW (0.08 mW)                 ; |top_ent|niosv:u0|niosv_intel_niosv_m_0:intel_niosv_m_0|niosv_dm_top:dbg_mod|niosv_dm_jtag2mm:dtm_inst|altera_avalon_st_handshake_clock_crosser:cmd_clk_xer|altera_avalon_st_clock_crosser:clock_xer                                                                                                                                                ;
;                             |altera_std_synchronizer_nocut:in_to_out_synchronizer                                                        ; 0.00 mW (0.00 mW)                    ; 0.00 mW (0.00 mW)               ; --                                ; 0.00 mW (0.00 mW)                 ; |top_ent|niosv:u0|niosv_intel_niosv_m_0:intel_niosv_m_0|niosv_dm_top:dbg_mod|niosv_dm_jtag2mm:dtm_inst|altera_avalon_st_handshake_clock_crosser:cmd_clk_xer|altera_avalon_st_clock_crosser:clock_xer|altera_std_synchronizer_nocut:in_to_out_synchronizer                                                                                           ;
;                             |altera_std_synchronizer_nocut:out_to_in_synchronizer                                                        ; 0.00 mW (0.00 mW)                    ; 0.00 mW (0.00 mW)               ; --                                ; 0.00 mW (0.00 mW)                 ; |top_ent|niosv:u0|niosv_intel_niosv_m_0:intel_niosv_m_0|niosv_dm_top:dbg_mod|niosv_dm_jtag2mm:dtm_inst|altera_avalon_st_handshake_clock_crosser:cmd_clk_xer|altera_avalon_st_clock_crosser:clock_xer|altera_std_synchronizer_nocut:out_to_in_synchronizer                                                                                           ;
;                             |altera_avalon_st_pipeline_base:output_stage                                                                 ; 0.07 mW (0.07 mW)                    ; 0.03 mW (0.03 mW)               ; --                                ; 0.04 mW (0.04 mW)                 ; |top_ent|niosv:u0|niosv_intel_niosv_m_0:intel_niosv_m_0|niosv_dm_top:dbg_mod|niosv_dm_jtag2mm:dtm_inst|altera_avalon_st_handshake_clock_crosser:cmd_clk_xer|altera_avalon_st_clock_crosser:clock_xer|altera_avalon_st_pipeline_base:output_stage                                                                                                    ;
;                     |altera_avalon_st_handshake_clock_crosser:rsp_clk_xer                                                                ; 0.25 mW (0.00 mW)                    ; 0.09 mW (0.00 mW)               ; --                                ; 0.16 mW (0.00 mW)                 ; |top_ent|niosv:u0|niosv_intel_niosv_m_0:intel_niosv_m_0|niosv_dm_top:dbg_mod|niosv_dm_jtag2mm:dtm_inst|altera_avalon_st_handshake_clock_crosser:rsp_clk_xer                                                                                                                                                                                         ;
;                         |altera_avalon_st_clock_crosser:clock_xer                                                                        ; 0.25 mW (0.19 mW)                    ; 0.09 mW (0.06 mW)               ; --                                ; 0.16 mW (0.12 mW)                 ; |top_ent|niosv:u0|niosv_intel_niosv_m_0:intel_niosv_m_0|niosv_dm_top:dbg_mod|niosv_dm_jtag2mm:dtm_inst|altera_avalon_st_handshake_clock_crosser:rsp_clk_xer|altera_avalon_st_clock_crosser:clock_xer                                                                                                                                                ;
;                             |altera_std_synchronizer_nocut:in_to_out_synchronizer                                                        ; 0.00 mW (0.00 mW)                    ; 0.00 mW (0.00 mW)               ; --                                ; 0.00 mW (0.00 mW)                 ; |top_ent|niosv:u0|niosv_intel_niosv_m_0:intel_niosv_m_0|niosv_dm_top:dbg_mod|niosv_dm_jtag2mm:dtm_inst|altera_avalon_st_handshake_clock_crosser:rsp_clk_xer|altera_avalon_st_clock_crosser:clock_xer|altera_std_synchronizer_nocut:in_to_out_synchronizer                                                                                           ;
;                             |altera_std_synchronizer_nocut:out_to_in_synchronizer                                                        ; 0.01 mW (0.01 mW)                    ; 0.00 mW (0.00 mW)               ; --                                ; 0.00 mW (0.00 mW)                 ; |top_ent|niosv:u0|niosv_intel_niosv_m_0:intel_niosv_m_0|niosv_dm_top:dbg_mod|niosv_dm_jtag2mm:dtm_inst|altera_avalon_st_handshake_clock_crosser:rsp_clk_xer|altera_avalon_st_clock_crosser:clock_xer|altera_std_synchronizer_nocut:out_to_in_synchronizer                                                                                           ;
;                             |altera_avalon_st_pipeline_base:output_stage                                                                 ; 0.05 mW (0.05 mW)                    ; 0.02 mW (0.02 mW)               ; --                                ; 0.03 mW (0.03 mW)                 ; |top_ent|niosv:u0|niosv_intel_niosv_m_0:intel_niosv_m_0|niosv_dm_top:dbg_mod|niosv_dm_jtag2mm:dtm_inst|altera_avalon_st_handshake_clock_crosser:rsp_clk_xer|altera_avalon_st_clock_crosser:clock_xer|altera_avalon_st_pipeline_base:output_stage                                                                                                    ;
;                     |altera_reset_controller:rst_controller                                                                              ; 0.01 mW (0.00 mW)                    ; 0.00 mW (0.00 mW)               ; --                                ; 0.01 mW (0.00 mW)                 ; |top_ent|niosv:u0|niosv_intel_niosv_m_0:intel_niosv_m_0|niosv_dm_top:dbg_mod|niosv_dm_jtag2mm:dtm_inst|altera_reset_controller:rst_controller                                                                                                                                                                                                       ;
;                         |altera_reset_synchronizer:alt_rst_sync_uq1                                                                      ; 0.01 mW (0.01 mW)                    ; 0.00 mW (0.00 mW)               ; --                                ; 0.01 mW (0.01 mW)                 ; |top_ent|niosv:u0|niosv_intel_niosv_m_0:intel_niosv_m_0|niosv_dm_top:dbg_mod|niosv_dm_jtag2mm:dtm_inst|altera_reset_controller:rst_controller|altera_reset_synchronizer:alt_rst_sync_uq1                                                                                                                                                            ;
;                     |sld_virtual_jtag_basic:vjtag_inst                                                                                   ; 0.00 mW (0.00 mW)                    ; 0.00 mW (0.00 mW)               ; --                                ; 0.00 mW (0.00 mW)                 ; |top_ent|niosv:u0|niosv_intel_niosv_m_0:intel_niosv_m_0|niosv_dm_top:dbg_mod|niosv_dm_jtag2mm:dtm_inst|sld_virtual_jtag_basic:vjtag_inst                                                                                                                                                                                                            ;
;                         |sld_virtual_jtag_impl:sld_virtual_jtag_impl_inst                                                                ; 0.00 mW (0.00 mW)                    ; 0.00 mW (0.00 mW)               ; --                                ; 0.00 mW (0.00 mW)                 ; |top_ent|niosv:u0|niosv_intel_niosv_m_0:intel_niosv_m_0|niosv_dm_top:dbg_mod|niosv_dm_jtag2mm:dtm_inst|sld_virtual_jtag_basic:vjtag_inst|sld_virtual_jtag_impl:sld_virtual_jtag_impl_inst                                                                                                                                                           ;
;                             |sld_jtag_endpoint_adapter:jtag_signal_adapter                                                               ; 0.00 mW (0.00 mW)                    ; 0.00 mW (0.00 mW)               ; --                                ; 0.00 mW (0.00 mW)                 ; |top_ent|niosv:u0|niosv_intel_niosv_m_0:intel_niosv_m_0|niosv_dm_top:dbg_mod|niosv_dm_jtag2mm:dtm_inst|sld_virtual_jtag_basic:vjtag_inst|sld_virtual_jtag_impl:sld_virtual_jtag_impl_inst|sld_jtag_endpoint_adapter:jtag_signal_adapter                                                                                                             ;
;                 |altera_reset_controller:rst_controller                                                                                  ; 0.00 mW (0.00 mW)                    ; 0.00 mW (0.00 mW)               ; --                                ; 0.00 mW (0.00 mW)                 ; |top_ent|niosv:u0|niosv_intel_niosv_m_0:intel_niosv_m_0|niosv_dm_top:dbg_mod|altera_reset_controller:rst_controller                                                                                                                                                                                                                                 ;
;             |niosv_intel_niosv_m_0_hart:hart                                                                                             ; 10.66 mW (0.00 mW)                   ; 5.27 mW (0.00 mW)               ; --                                ; 5.39 mW (0.00 mW)                 ; |top_ent|niosv:u0|niosv_intel_niosv_m_0:intel_niosv_m_0|niosv_intel_niosv_m_0_hart:hart                                                                                                                                                                                                                                                             ;
;                 |niosv_m_core:m_core.niosv_m_full_inst                                                                                   ; 10.66 mW (1.13 mW)                   ; 5.27 mW (0.47 mW)               ; --                                ; 5.39 mW (0.66 mW)                 ; |top_ent|niosv:u0|niosv_intel_niosv_m_0:intel_niosv_m_0|niosv_intel_niosv_m_0_hart:hart|niosv_m_core:m_core.niosv_m_full_inst                                                                                                                                                                                                                       ;
;                     |niosv_m_D_stage:D_stage_inst                                                                                        ; 1.09 mW (1.03 mW)                    ; 0.59 mW (0.54 mW)               ; --                                ; 0.50 mW (0.48 mW)                 ; |top_ent|niosv:u0|niosv_intel_niosv_m_0:intel_niosv_m_0|niosv_intel_niosv_m_0_hart:hart|niosv_m_core:m_core.niosv_m_full_inst|niosv_m_D_stage:D_stage_inst                                                                                                                                                                                          ;
;                         |niosv_m_decoder:instr_decoder_inst                                                                              ; 0.07 mW (0.07 mW)                    ; 0.05 mW (0.05 mW)               ; --                                ; 0.02 mW (0.02 mW)                 ; |top_ent|niosv:u0|niosv_intel_niosv_m_0:intel_niosv_m_0|niosv_intel_niosv_m_0_hart:hart|niosv_m_core:m_core.niosv_m_full_inst|niosv_m_D_stage:D_stage_inst|niosv_m_decoder:instr_decoder_inst                                                                                                                                                       ;
;                     |niosv_m_E_stage:E_stage_inst                                                                                        ; 1.75 mW (1.56 mW)                    ; 0.60 mW (0.51 mW)               ; --                                ; 1.15 mW (1.05 mW)                 ; |top_ent|niosv:u0|niosv_intel_niosv_m_0:intel_niosv_m_0|niosv_intel_niosv_m_0_hart:hart|niosv_m_core:m_core.niosv_m_full_inst|niosv_m_E_stage:E_stage_inst                                                                                                                                                                                          ;
;                         |niosv_alu:alu_inst                                                                                              ; 0.19 mW (0.19 mW)                    ; 0.09 mW (0.09 mW)               ; --                                ; 0.10 mW (0.10 mW)                 ; |top_ent|niosv:u0|niosv_intel_niosv_m_0:intel_niosv_m_0|niosv_intel_niosv_m_0_hart:hart|niosv_m_core:m_core.niosv_m_full_inst|niosv_m_E_stage:E_stage_inst|niosv_alu:alu_inst                                                                                                                                                                       ;
;                     |niosv_m_M0_stage:M0_stage_inst                                                                                      ; 1.87 mW (1.34 mW)                    ; 0.83 mW (0.55 mW)               ; --                                ; 1.03 mW (0.79 mW)                 ; |top_ent|niosv:u0|niosv_intel_niosv_m_0:intel_niosv_m_0|niosv_intel_niosv_m_0_hart:hart|niosv_m_core:m_core.niosv_m_full_inst|niosv_m_M0_stage:M0_stage_inst                                                                                                                                                                                        ;
;                         |niosv_shift:shifter_inst                                                                                        ; 0.52 mW (0.52 mW)                    ; 0.28 mW (0.28 mW)               ; --                                ; 0.24 mW (0.24 mW)                 ; |top_ent|niosv:u0|niosv_intel_niosv_m_0:intel_niosv_m_0|niosv_intel_niosv_m_0_hart:hart|niosv_m_core:m_core.niosv_m_full_inst|niosv_m_M0_stage:M0_stage_inst|niosv_shift:shifter_inst                                                                                                                                                               ;
;                     |niosv_m_W_stage:W_stage_inst                                                                                        ; 0.12 mW (0.12 mW)                    ; 0.07 mW (0.07 mW)               ; --                                ; 0.05 mW (0.05 mW)                 ; |top_ent|niosv:u0|niosv_intel_niosv_m_0:intel_niosv_m_0|niosv_intel_niosv_m_0_hart:hart|niosv_m_core:m_core.niosv_m_full_inst|niosv_m_W_stage:W_stage_inst                                                                                                                                                                                          ;
;                     |niosv_csr:csr_inst                                                                                                  ; 2.27 mW (2.26 mW)                    ; 1.11 mW (1.11 mW)               ; --                                ; 1.15 mW (1.15 mW)                 ; |top_ent|niosv:u0|niosv_intel_niosv_m_0:intel_niosv_m_0|niosv_intel_niosv_m_0_hart:hart|niosv_m_core:m_core.niosv_m_full_inst|niosv_csr:csr_inst                                                                                                                                                                                                    ;
;                         |niosv_interrupt_handler:irq_inst                                                                                ; 0.01 mW (0.01 mW)                    ; 0.01 mW (0.01 mW)               ; --                                ; 0.00 mW (0.00 mW)                 ; |top_ent|niosv:u0|niosv_intel_niosv_m_0:intel_niosv_m_0|niosv_intel_niosv_m_0_hart:hart|niosv_m_core:m_core.niosv_m_full_inst|niosv_csr:csr_inst|niosv_interrupt_handler:irq_inst                                                                                                                                                                   ;
;                     |niosv_lsu:lsu_inst                                                                                                  ; 0.46 mW (0.44 mW)                    ; 0.24 mW (0.23 mW)               ; --                                ; 0.23 mW (0.21 mW)                 ; |top_ent|niosv:u0|niosv_intel_niosv_m_0:intel_niosv_m_0|niosv_intel_niosv_m_0_hart:hart|niosv_m_core:m_core.niosv_m_full_inst|niosv_lsu:lsu_inst                                                                                                                                                                                                    ;
;                         |niosv_mem_op_state:read_cmd                                                                                     ; 0.02 mW (0.02 mW)                    ; 0.01 mW (0.01 mW)               ; --                                ; 0.01 mW (0.01 mW)                 ; |top_ent|niosv:u0|niosv_intel_niosv_m_0:intel_niosv_m_0|niosv_intel_niosv_m_0_hart:hart|niosv_m_core:m_core.niosv_m_full_inst|niosv_lsu:lsu_inst|niosv_mem_op_state:read_cmd                                                                                                                                                                        ;
;                         |niosv_mem_op_state:wr_addr                                                                                      ; 0.01 mW (0.01 mW)                    ; 0.00 mW (0.00 mW)               ; --                                ; 0.00 mW (0.00 mW)                 ; |top_ent|niosv:u0|niosv_intel_niosv_m_0:intel_niosv_m_0|niosv_intel_niosv_m_0_hart:hart|niosv_m_core:m_core.niosv_m_full_inst|niosv_lsu:lsu_inst|niosv_mem_op_state:wr_addr                                                                                                                                                                         ;
;                     |niosv_m_instr_prefetch:prefetch_inst                                                                                ; 1.03 mW (0.61 mW)                    ; 0.61 mW (0.37 mW)               ; --                                ; 0.42 mW (0.24 mW)                 ; |top_ent|niosv:u0|niosv_intel_niosv_m_0:intel_niosv_m_0|niosv_intel_niosv_m_0_hart:hart|niosv_m_core:m_core.niosv_m_full_inst|niosv_m_instr_prefetch:prefetch_inst                                                                                                                                                                                  ;
;                         |niosv_instr_buffer:buffer_inst                                                                                  ; 0.42 mW (0.42 mW)                    ; 0.24 mW (0.24 mW)               ; --                                ; 0.18 mW (0.18 mW)                 ; |top_ent|niosv:u0|niosv_intel_niosv_m_0:intel_niosv_m_0|niosv_intel_niosv_m_0_hart:hart|niosv_m_core:m_core.niosv_m_full_inst|niosv_m_instr_prefetch:prefetch_inst|niosv_instr_buffer:buffer_inst                                                                                                                                                   ;
;                     |niosv_reg_file:reg_file_inst                                                                                        ; 0.95 mW (0.00 mW)                    ; 0.75 mW (0.00 mW)               ; --                                ; 0.20 mW (0.00 mW)                 ; |top_ent|niosv:u0|niosv_intel_niosv_m_0:intel_niosv_m_0|niosv_intel_niosv_m_0_hart:hart|niosv_m_core:m_core.niosv_m_full_inst|niosv_reg_file:reg_file_inst                                                                                                                                                                                          ;
;                         |niosv_ram:reg_file_a                                                                                            ; 0.47 mW (0.00 mW)                    ; 0.38 mW (0.00 mW)               ; --                                ; 0.10 mW (0.00 mW)                 ; |top_ent|niosv:u0|niosv_intel_niosv_m_0:intel_niosv_m_0|niosv_intel_niosv_m_0_hart:hart|niosv_m_core:m_core.niosv_m_full_inst|niosv_reg_file:reg_file_inst|niosv_ram:reg_file_a                                                                                                                                                                     ;
;                             |altsyncram:ram_no_ecc.data_ram_inst                                                                         ; 0.47 mW (0.00 mW)                    ; 0.38 mW (0.00 mW)               ; --                                ; 0.10 mW (0.00 mW)                 ; |top_ent|niosv:u0|niosv_intel_niosv_m_0:intel_niosv_m_0|niosv_intel_niosv_m_0_hart:hart|niosv_m_core:m_core.niosv_m_full_inst|niosv_reg_file:reg_file_inst|niosv_ram:reg_file_a|altsyncram:ram_no_ecc.data_ram_inst                                                                                                                                 ;
;                                 |altsyncram_ejs1:auto_generated                                                                          ; 0.47 mW (0.47 mW)                    ; 0.38 mW (0.38 mW)               ; --                                ; 0.10 mW (0.10 mW)                 ; |top_ent|niosv:u0|niosv_intel_niosv_m_0:intel_niosv_m_0|niosv_intel_niosv_m_0_hart:hart|niosv_m_core:m_core.niosv_m_full_inst|niosv_reg_file:reg_file_inst|niosv_ram:reg_file_a|altsyncram:ram_no_ecc.data_ram_inst|altsyncram_ejs1:auto_generated                                                                                                  ;
;                         |niosv_ram:reg_file_b                                                                                            ; 0.48 mW (0.00 mW)                    ; 0.38 mW (0.00 mW)               ; --                                ; 0.10 mW (0.00 mW)                 ; |top_ent|niosv:u0|niosv_intel_niosv_m_0:intel_niosv_m_0|niosv_intel_niosv_m_0_hart:hart|niosv_m_core:m_core.niosv_m_full_inst|niosv_reg_file:reg_file_inst|niosv_ram:reg_file_b                                                                                                                                                                     ;
;                             |altsyncram:ram_no_ecc.data_ram_inst                                                                         ; 0.48 mW (0.00 mW)                    ; 0.38 mW (0.00 mW)               ; --                                ; 0.10 mW (0.00 mW)                 ; |top_ent|niosv:u0|niosv_intel_niosv_m_0:intel_niosv_m_0|niosv_intel_niosv_m_0_hart:hart|niosv_m_core:m_core.niosv_m_full_inst|niosv_reg_file:reg_file_inst|niosv_ram:reg_file_b|altsyncram:ram_no_ecc.data_ram_inst                                                                                                                                 ;
;                                 |altsyncram_ejs1:auto_generated                                                                          ; 0.48 mW (0.48 mW)                    ; 0.38 mW (0.38 mW)               ; --                                ; 0.10 mW (0.10 mW)                 ; |top_ent|niosv:u0|niosv_intel_niosv_m_0:intel_niosv_m_0|niosv_intel_niosv_m_0_hart:hart|niosv_m_core:m_core.niosv_m_full_inst|niosv_reg_file:reg_file_inst|niosv_ram:reg_file_b|altsyncram:ram_no_ecc.data_ram_inst|altsyncram_ejs1:auto_generated                                                                                                  ;
;             |niosv_timer_msip:timer_module                                                                                               ; 0.69 mW (0.69 mW)                    ; 0.34 mW (0.34 mW)               ; --                                ; 0.35 mW (0.35 mW)                 ; |top_ent|niosv:u0|niosv_intel_niosv_m_0:intel_niosv_m_0|niosv_timer_msip:timer_module                                                                                                                                                                                                                                                               ;
;         |niosv_mm_interconnect_0:mm_interconnect_0                                                                                       ; 3.52 mW (0.00 mW)                    ; 1.64 mW (0.00 mW)               ; --                                ; 1.88 mW (0.00 mW)                 ; |top_ent|niosv:u0|niosv_mm_interconnect_0:mm_interconnect_0                                                                                                                                                                                                                                                                                         ;
;             |niosv_mm_interconnect_0_avalon_st_adapter:avalon_st_adapter                                                                 ; 0.00 mW (0.00 mW)                    ; 0.00 mW (0.00 mW)               ; --                                ; 0.00 mW (0.00 mW)                 ; |top_ent|niosv:u0|niosv_mm_interconnect_0:mm_interconnect_0|niosv_mm_interconnect_0_avalon_st_adapter:avalon_st_adapter                                                                                                                                                                                                                             ;
;             |niosv_mm_interconnect_0_avalon_st_adapter:avalon_st_adapter_001                                                             ; 0.00 mW (0.00 mW)                    ; 0.00 mW (0.00 mW)               ; --                                ; 0.00 mW (0.00 mW)                 ; |top_ent|niosv:u0|niosv_mm_interconnect_0:mm_interconnect_0|niosv_mm_interconnect_0_avalon_st_adapter:avalon_st_adapter_001                                                                                                                                                                                                                         ;
;             |niosv_mm_interconnect_0_avalon_st_adapter:avalon_st_adapter_002                                                             ; 0.00 mW (0.00 mW)                    ; 0.00 mW (0.00 mW)               ; --                                ; 0.00 mW (0.00 mW)                 ; |top_ent|niosv:u0|niosv_mm_interconnect_0:mm_interconnect_0|niosv_mm_interconnect_0_avalon_st_adapter:avalon_st_adapter_002                                                                                                                                                                                                                         ;
;             |niosv_mm_interconnect_0_avalon_st_adapter:avalon_st_adapter_003                                                             ; 0.00 mW (0.00 mW)                    ; 0.00 mW (0.00 mW)               ; --                                ; 0.00 mW (0.00 mW)                 ; |top_ent|niosv:u0|niosv_mm_interconnect_0:mm_interconnect_0|niosv_mm_interconnect_0_avalon_st_adapter:avalon_st_adapter_003                                                                                                                                                                                                                         ;
;             |niosv_mm_interconnect_0_cmd_demux:cmd_demux                                                                                 ; 0.01 mW (0.01 mW)                    ; 0.00 mW (0.00 mW)               ; --                                ; 0.00 mW (0.00 mW)                 ; |top_ent|niosv:u0|niosv_mm_interconnect_0:mm_interconnect_0|niosv_mm_interconnect_0_cmd_demux:cmd_demux                                                                                                                                                                                                                                             ;
;             |niosv_mm_interconnect_0_cmd_demux:cmd_demux_001                                                                             ; 0.00 mW (0.00 mW)                    ; 0.00 mW (0.00 mW)               ; --                                ; 0.00 mW (0.00 mW)                 ; |top_ent|niosv:u0|niosv_mm_interconnect_0:mm_interconnect_0|niosv_mm_interconnect_0_cmd_demux:cmd_demux_001                                                                                                                                                                                                                                         ;
;             |niosv_mm_interconnect_0_cmd_mux:cmd_mux                                                                                     ; 0.14 mW (0.13 mW)                    ; 0.05 mW (0.04 mW)               ; --                                ; 0.09 mW (0.09 mW)                 ; |top_ent|niosv:u0|niosv_mm_interconnect_0:mm_interconnect_0|niosv_mm_interconnect_0_cmd_mux:cmd_mux                                                                                                                                                                                                                                                 ;
;                 |altera_merlin_arbitrator:arb                                                                                            ; 0.01 mW (0.01 mW)                    ; 0.01 mW (0.01 mW)               ; --                                ; 0.01 mW (0.00 mW)                 ; |top_ent|niosv:u0|niosv_mm_interconnect_0:mm_interconnect_0|niosv_mm_interconnect_0_cmd_mux:cmd_mux|altera_merlin_arbitrator:arb                                                                                                                                                                                                                    ;
;                     |altera_merlin_arb_adder:adder                                                                                       ; 0.00 mW (0.00 mW)                    ; 0.00 mW (0.00 mW)               ; --                                ; 0.00 mW (0.00 mW)                 ; |top_ent|niosv:u0|niosv_mm_interconnect_0:mm_interconnect_0|niosv_mm_interconnect_0_cmd_mux:cmd_mux|altera_merlin_arbitrator:arb|altera_merlin_arb_adder:adder                                                                                                                                                                                      ;
;             |niosv_mm_interconnect_0_cmd_mux_001:cmd_mux_001                                                                             ; 0.04 mW (0.03 mW)                    ; 0.03 mW (0.02 mW)               ; --                                ; 0.01 mW (0.01 mW)                 ; |top_ent|niosv:u0|niosv_mm_interconnect_0:mm_interconnect_0|niosv_mm_interconnect_0_cmd_mux_001:cmd_mux_001                                                                                                                                                                                                                                         ;
;                 |altera_merlin_arbitrator:arb                                                                                            ; 0.01 mW (0.01 mW)                    ; 0.01 mW (0.01 mW)               ; --                                ; 0.00 mW (0.00 mW)                 ; |top_ent|niosv:u0|niosv_mm_interconnect_0:mm_interconnect_0|niosv_mm_interconnect_0_cmd_mux_001:cmd_mux_001|altera_merlin_arbitrator:arb                                                                                                                                                                                                            ;
;             |niosv_mm_interconnect_0_cmd_mux:cmd_mux_002                                                                                 ; 1.10 mW (1.09 mW)                    ; 0.05 mW (0.04 mW)               ; --                                ; 1.05 mW (1.05 mW)                 ; |top_ent|niosv:u0|niosv_mm_interconnect_0:mm_interconnect_0|niosv_mm_interconnect_0_cmd_mux:cmd_mux_002                                                                                                                                                                                                                                             ;
;                 |altera_merlin_arbitrator:arb                                                                                            ; 0.01 mW (0.01 mW)                    ; 0.01 mW (0.01 mW)               ; --                                ; 0.00 mW (0.00 mW)                 ; |top_ent|niosv:u0|niosv_mm_interconnect_0:mm_interconnect_0|niosv_mm_interconnect_0_cmd_mux:cmd_mux_002|altera_merlin_arbitrator:arb                                                                                                                                                                                                                ;
;                     |altera_merlin_arb_adder:adder                                                                                       ; 0.00 mW (0.00 mW)                    ; 0.00 mW (0.00 mW)               ; --                                ; 0.00 mW (0.00 mW)                 ; |top_ent|niosv:u0|niosv_mm_interconnect_0:mm_interconnect_0|niosv_mm_interconnect_0_cmd_mux:cmd_mux_002|altera_merlin_arbitrator:arb|altera_merlin_arb_adder:adder                                                                                                                                                                                  ;
;             |niosv_mm_interconnect_0_cmd_mux_001:cmd_mux_003                                                                             ; 0.10 mW (0.09 mW)                    ; 0.03 mW (0.03 mW)               ; --                                ; 0.07 mW (0.07 mW)                 ; |top_ent|niosv:u0|niosv_mm_interconnect_0:mm_interconnect_0|niosv_mm_interconnect_0_cmd_mux_001:cmd_mux_003                                                                                                                                                                                                                                         ;
;                 |altera_merlin_arbitrator:arb                                                                                            ; 0.01 mW (0.01 mW)                    ; 0.01 mW (0.01 mW)               ; --                                ; 0.00 mW (0.00 mW)                 ; |top_ent|niosv:u0|niosv_mm_interconnect_0:mm_interconnect_0|niosv_mm_interconnect_0_cmd_mux_001:cmd_mux_003|altera_merlin_arbitrator:arb                                                                                                                                                                                                            ;
;             |altera_merlin_axi_master_ni:intel_niosv_m_0_data_manager_agent                                                              ; 0.00 mW (0.00 mW)                    ; 0.00 mW (0.00 mW)               ; --                                ; 0.00 mW (0.00 mW)                 ; |top_ent|niosv:u0|niosv_mm_interconnect_0:mm_interconnect_0|altera_merlin_axi_master_ni:intel_niosv_m_0_data_manager_agent                                                                                                                                                                                                                          ;
;             |altera_merlin_slave_agent:intel_niosv_m_0_dm_agent_agent                                                                    ; 0.02 mW (0.02 mW)                    ; 0.00 mW (0.00 mW)               ; --                                ; 0.01 mW (0.01 mW)                 ; |top_ent|niosv:u0|niosv_mm_interconnect_0:mm_interconnect_0|altera_merlin_slave_agent:intel_niosv_m_0_dm_agent_agent                                                                                                                                                                                                                                ;
;             |altera_avalon_sc_fifo:intel_niosv_m_0_dm_agent_agent_rdata_fifo                                                             ; 0.38 mW (0.38 mW)                    ; 0.29 mW (0.29 mW)               ; --                                ; 0.09 mW (0.09 mW)                 ; |top_ent|niosv:u0|niosv_mm_interconnect_0:mm_interconnect_0|altera_avalon_sc_fifo:intel_niosv_m_0_dm_agent_agent_rdata_fifo                                                                                                                                                                                                                         ;
;             |altera_avalon_sc_fifo:intel_niosv_m_0_dm_agent_agent_rsp_fifo                                                               ; 0.12 mW (0.12 mW)                    ; 0.09 mW (0.09 mW)               ; --                                ; 0.03 mW (0.03 mW)                 ; |top_ent|niosv:u0|niosv_mm_interconnect_0:mm_interconnect_0|altera_avalon_sc_fifo:intel_niosv_m_0_dm_agent_agent_rsp_fifo                                                                                                                                                                                                                           ;
;             |altera_merlin_traffic_limiter:intel_niosv_m_0_instruction_manager_rd_limiter                                                ; 0.03 mW (0.03 mW)                    ; 0.03 mW (0.03 mW)               ; --                                ; 0.01 mW (0.01 mW)                 ; |top_ent|niosv:u0|niosv_mm_interconnect_0:mm_interconnect_0|altera_merlin_traffic_limiter:intel_niosv_m_0_instruction_manager_rd_limiter                                                                                                                                                                                                            ;
;             |altera_merlin_slave_agent:intel_niosv_m_0_timer_sw_agent_agent                                                              ; 0.01 mW (0.01 mW)                    ; 0.00 mW (0.00 mW)               ; --                                ; 0.01 mW (0.01 mW)                 ; |top_ent|niosv:u0|niosv_mm_interconnect_0:mm_interconnect_0|altera_merlin_slave_agent:intel_niosv_m_0_timer_sw_agent_agent                                                                                                                                                                                                                          ;
;             |altera_avalon_sc_fifo:intel_niosv_m_0_timer_sw_agent_agent_rdata_fifo                                                       ; 0.43 mW (0.43 mW)                    ; 0.35 mW (0.35 mW)               ; --                                ; 0.09 mW (0.09 mW)                 ; |top_ent|niosv:u0|niosv_mm_interconnect_0:mm_interconnect_0|altera_avalon_sc_fifo:intel_niosv_m_0_timer_sw_agent_agent_rdata_fifo                                                                                                                                                                                                                   ;
;             |altera_avalon_sc_fifo:intel_niosv_m_0_timer_sw_agent_agent_rsp_fifo                                                         ; 0.07 mW (0.07 mW)                    ; 0.05 mW (0.05 mW)               ; --                                ; 0.01 mW (0.01 mW)                 ; |top_ent|niosv:u0|niosv_mm_interconnect_0:mm_interconnect_0|altera_avalon_sc_fifo:intel_niosv_m_0_timer_sw_agent_agent_rsp_fifo                                                                                                                                                                                                                     ;
;             |altera_merlin_slave_agent:onchip_memory2_0_s1_agent                                                                         ; 0.06 mW (0.06 mW)                    ; 0.00 mW (0.00 mW)               ; --                                ; 0.05 mW (0.05 mW)                 ; |top_ent|niosv:u0|niosv_mm_interconnect_0:mm_interconnect_0|altera_merlin_slave_agent:onchip_memory2_0_s1_agent                                                                                                                                                                                                                                     ;
;                 |altera_merlin_burst_uncompressor:uncompressor                                                                           ; 0.00 mW (0.00 mW)                    ; 0.00 mW (0.00 mW)               ; --                                ; 0.00 mW (0.00 mW)                 ; |top_ent|niosv:u0|niosv_mm_interconnect_0:mm_interconnect_0|altera_merlin_slave_agent:onchip_memory2_0_s1_agent|altera_merlin_burst_uncompressor:uncompressor                                                                                                                                                                                       ;
;             |altera_avalon_sc_fifo:onchip_memory2_0_s1_agent_rdata_fifo                                                                  ; 0.33 mW (0.33 mW)                    ; 0.26 mW (0.26 mW)               ; --                                ; 0.07 mW (0.07 mW)                 ; |top_ent|niosv:u0|niosv_mm_interconnect_0:mm_interconnect_0|altera_avalon_sc_fifo:onchip_memory2_0_s1_agent_rdata_fifo                                                                                                                                                                                                                              ;
;             |altera_avalon_sc_fifo:onchip_memory2_0_s1_agent_rsp_fifo                                                                    ; 0.04 mW (0.04 mW)                    ; 0.03 mW (0.03 mW)               ; --                                ; 0.01 mW (0.01 mW)                 ; |top_ent|niosv:u0|niosv_mm_interconnect_0:mm_interconnect_0|altera_avalon_sc_fifo:onchip_memory2_0_s1_agent_rsp_fifo                                                                                                                                                                                                                                ;
;             |altera_merlin_slave_translator:onchip_memory2_0_s1_translator                                                               ; 0.01 mW (0.01 mW)                    ; 0.00 mW (0.00 mW)               ; --                                ; 0.00 mW (0.00 mW)                 ; |top_ent|niosv:u0|niosv_mm_interconnect_0:mm_interconnect_0|altera_merlin_slave_translator:onchip_memory2_0_s1_translator                                                                                                                                                                                                                           ;
;             |altera_merlin_slave_agent:pio_0_s1_agent                                                                                    ; 0.00 mW (0.00 mW)                    ; 0.00 mW (0.00 mW)               ; --                                ; 0.00 mW (0.00 mW)                 ; |top_ent|niosv:u0|niosv_mm_interconnect_0:mm_interconnect_0|altera_merlin_slave_agent:pio_0_s1_agent                                                                                                                                                                                                                                                ;
;             |altera_avalon_sc_fifo:pio_0_s1_agent_rdata_fifo                                                                             ; 0.24 mW (0.24 mW)                    ; 0.20 mW (0.20 mW)               ; --                                ; 0.04 mW (0.04 mW)                 ; |top_ent|niosv:u0|niosv_mm_interconnect_0:mm_interconnect_0|altera_avalon_sc_fifo:pio_0_s1_agent_rdata_fifo                                                                                                                                                                                                                                         ;
;             |altera_avalon_sc_fifo:pio_0_s1_agent_rsp_fifo                                                                               ; 0.03 mW (0.03 mW)                    ; 0.03 mW (0.03 mW)               ; --                                ; 0.01 mW (0.01 mW)                 ; |top_ent|niosv:u0|niosv_mm_interconnect_0:mm_interconnect_0|altera_avalon_sc_fifo:pio_0_s1_agent_rsp_fifo                                                                                                                                                                                                                                           ;
;             |altera_merlin_slave_translator:pio_0_s1_translator                                                                          ; 0.07 mW (0.07 mW)                    ; 0.03 mW (0.03 mW)               ; --                                ; 0.04 mW (0.04 mW)                 ; |top_ent|niosv:u0|niosv_mm_interconnect_0:mm_interconnect_0|altera_merlin_slave_translator:pio_0_s1_translator                                                                                                                                                                                                                                      ;
;             |niosv_mm_interconnect_0_router:router                                                                                       ; 0.01 mW (0.01 mW)                    ; 0.00 mW (0.00 mW)               ; --                                ; 0.01 mW (0.01 mW)                 ; |top_ent|niosv:u0|niosv_mm_interconnect_0:mm_interconnect_0|niosv_mm_interconnect_0_router:router                                                                                                                                                                                                                                                   ;
;             |niosv_mm_interconnect_0_router:router_001                                                                                   ; 0.00 mW (0.00 mW)                    ; 0.00 mW (0.00 mW)               ; --                                ; 0.00 mW (0.00 mW)                 ; |top_ent|niosv:u0|niosv_mm_interconnect_0:mm_interconnect_0|niosv_mm_interconnect_0_router:router_001                                                                                                                                                                                                                                               ;
;             |niosv_mm_interconnect_0_router_002:router_002                                                                               ; 0.00 mW (0.00 mW)                    ; 0.00 mW (0.00 mW)               ; --                                ; 0.00 mW (0.00 mW)                 ; |top_ent|niosv:u0|niosv_mm_interconnect_0:mm_interconnect_0|niosv_mm_interconnect_0_router_002:router_002                                                                                                                                                                                                                                           ;
;             |niosv_mm_interconnect_0_router_002:router_003                                                                               ; 0.00 mW (0.00 mW)                    ; 0.00 mW (0.00 mW)               ; --                                ; 0.00 mW (0.00 mW)                 ; |top_ent|niosv:u0|niosv_mm_interconnect_0:mm_interconnect_0|niosv_mm_interconnect_0_router_002:router_003                                                                                                                                                                                                                                           ;
;             |niosv_mm_interconnect_0_router_004:router_004                                                                               ; 0.00 mW (0.00 mW)                    ; 0.00 mW (0.00 mW)               ; --                                ; 0.00 mW (0.00 mW)                 ; |top_ent|niosv:u0|niosv_mm_interconnect_0:mm_interconnect_0|niosv_mm_interconnect_0_router_004:router_004                                                                                                                                                                                                                                           ;
;             |niosv_mm_interconnect_0_router_005:router_005                                                                               ; 0.00 mW (0.00 mW)                    ; 0.00 mW (0.00 mW)               ; --                                ; 0.00 mW (0.00 mW)                 ; |top_ent|niosv:u0|niosv_mm_interconnect_0:mm_interconnect_0|niosv_mm_interconnect_0_router_005:router_005                                                                                                                                                                                                                                           ;
;             |niosv_mm_interconnect_0_router_004:router_006                                                                               ; 0.00 mW (0.00 mW)                    ; 0.00 mW (0.00 mW)               ; --                                ; 0.00 mW (0.00 mW)                 ; |top_ent|niosv:u0|niosv_mm_interconnect_0:mm_interconnect_0|niosv_mm_interconnect_0_router_004:router_006                                                                                                                                                                                                                                           ;
;             |niosv_mm_interconnect_0_router_005:router_007                                                                               ; 0.00 mW (0.00 mW)                    ; 0.00 mW (0.00 mW)               ; --                                ; 0.00 mW (0.00 mW)                 ; |top_ent|niosv:u0|niosv_mm_interconnect_0:mm_interconnect_0|niosv_mm_interconnect_0_router_005:router_007                                                                                                                                                                                                                                           ;
;             |niosv_mm_interconnect_0_cmd_demux:rsp_demux                                                                                 ; 0.00 mW (0.00 mW)                    ; 0.00 mW (0.00 mW)               ; --                                ; 0.00 mW (0.00 mW)                 ; |top_ent|niosv:u0|niosv_mm_interconnect_0:mm_interconnect_0|niosv_mm_interconnect_0_cmd_demux:rsp_demux                                                                                                                                                                                                                                             ;
;             |niosv_mm_interconnect_0_rsp_demux_001:rsp_demux_001                                                                         ; 0.00 mW (0.00 mW)                    ; 0.00 mW (0.00 mW)               ; --                                ; 0.00 mW (0.00 mW)                 ; |top_ent|niosv:u0|niosv_mm_interconnect_0:mm_interconnect_0|niosv_mm_interconnect_0_rsp_demux_001:rsp_demux_001                                                                                                                                                                                                                                     ;
;             |niosv_mm_interconnect_0_cmd_demux:rsp_demux_002                                                                             ; 0.01 mW (0.01 mW)                    ; 0.00 mW (0.00 mW)               ; --                                ; 0.00 mW (0.00 mW)                 ; |top_ent|niosv:u0|niosv_mm_interconnect_0:mm_interconnect_0|niosv_mm_interconnect_0_cmd_demux:rsp_demux_002                                                                                                                                                                                                                                         ;
;             |niosv_mm_interconnect_0_rsp_demux_001:rsp_demux_003                                                                         ; 0.01 mW (0.01 mW)                    ; 0.00 mW (0.00 mW)               ; --                                ; 0.00 mW (0.00 mW)                 ; |top_ent|niosv:u0|niosv_mm_interconnect_0:mm_interconnect_0|niosv_mm_interconnect_0_rsp_demux_001:rsp_demux_003                                                                                                                                                                                                                                     ;
;             |niosv_mm_interconnect_0_rsp_mux:rsp_mux                                                                                     ; 0.00 mW (0.00 mW)                    ; 0.00 mW (0.00 mW)               ; --                                ; 0.00 mW (0.00 mW)                 ; |top_ent|niosv:u0|niosv_mm_interconnect_0:mm_interconnect_0|niosv_mm_interconnect_0_rsp_mux:rsp_mux                                                                                                                                                                                                                                                 ;
;                 |altera_merlin_arbitrator:arb                                                                                            ; 0.00 mW (0.00 mW)                    ; 0.00 mW (0.00 mW)               ; --                                ; 0.00 mW (0.00 mW)                 ; |top_ent|niosv:u0|niosv_mm_interconnect_0:mm_interconnect_0|niosv_mm_interconnect_0_rsp_mux:rsp_mux|altera_merlin_arbitrator:arb                                                                                                                                                                                                                    ;
;             |niosv_mm_interconnect_0_rsp_mux:rsp_mux_001                                                                                 ; 0.22 mW (0.22 mW)                    ; 0.09 mW (0.09 mW)               ; --                                ; 0.12 mW (0.12 mW)                 ; |top_ent|niosv:u0|niosv_mm_interconnect_0:mm_interconnect_0|niosv_mm_interconnect_0_rsp_mux:rsp_mux_001                                                                                                                                                                                                                                             ;
;                 |altera_merlin_arbitrator:arb                                                                                            ; 0.00 mW (0.00 mW)                    ; 0.00 mW (0.00 mW)               ; --                                ; 0.00 mW (0.00 mW)                 ; |top_ent|niosv:u0|niosv_mm_interconnect_0:mm_interconnect_0|niosv_mm_interconnect_0_rsp_mux:rsp_mux_001|altera_merlin_arbitrator:arb                                                                                                                                                                                                                ;
;             |niosv_mm_interconnect_0_rsp_mux_002:rsp_mux_002                                                                             ; 0.00 mW (0.00 mW)                    ; 0.00 mW (0.00 mW)               ; --                                ; 0.00 mW (0.00 mW)                 ; |top_ent|niosv:u0|niosv_mm_interconnect_0:mm_interconnect_0|niosv_mm_interconnect_0_rsp_mux_002:rsp_mux_002                                                                                                                                                                                                                                         ;
;                 |altera_merlin_arbitrator:arb                                                                                            ; 0.00 mW (0.00 mW)                    ; 0.00 mW (0.00 mW)               ; --                                ; 0.00 mW (0.00 mW)                 ; |top_ent|niosv:u0|niosv_mm_interconnect_0:mm_interconnect_0|niosv_mm_interconnect_0_rsp_mux_002:rsp_mux_002|altera_merlin_arbitrator:arb                                                                                                                                                                                                            ;
;             |niosv_mm_interconnect_0_rsp_mux_002:rsp_mux_003                                                                             ; 0.04 mW (0.04 mW)                    ; 0.01 mW (0.01 mW)               ; --                                ; 0.03 mW (0.03 mW)                 ; |top_ent|niosv:u0|niosv_mm_interconnect_0:mm_interconnect_0|niosv_mm_interconnect_0_rsp_mux_002:rsp_mux_003                                                                                                                                                                                                                                         ;
;                 |altera_merlin_arbitrator:arb                                                                                            ; 0.00 mW (0.00 mW)                    ; 0.00 mW (0.00 mW)               ; --                                ; 0.00 mW (0.00 mW)                 ; |top_ent|niosv:u0|niosv_mm_interconnect_0:mm_interconnect_0|niosv_mm_interconnect_0_rsp_mux_002:rsp_mux_003|altera_merlin_arbitrator:arb                                                                                                                                                                                                            ;
;         |niosv_onchip_memory2_0:onchip_memory2_0                                                                                         ; 0.40 mW (0.00 mW)                    ; 0.23 mW (0.00 mW)               ; --                                ; 0.17 mW (0.00 mW)                 ; |top_ent|niosv:u0|niosv_onchip_memory2_0:onchip_memory2_0                                                                                                                                                                                                                                                                                           ;
;             |altsyncram:the_altsyncram                                                                                                   ; 0.40 mW (0.00 mW)                    ; 0.23 mW (0.00 mW)               ; --                                ; 0.17 mW (0.00 mW)                 ; |top_ent|niosv:u0|niosv_onchip_memory2_0:onchip_memory2_0|altsyncram:the_altsyncram                                                                                                                                                                                                                                                                 ;
;                 |altsyncram_qju1:auto_generated                                                                                          ; 0.40 mW (0.38 mW)                    ; 0.23 mW (0.23 mW)               ; --                                ; 0.17 mW (0.15 mW)                 ; |top_ent|niosv:u0|niosv_onchip_memory2_0:onchip_memory2_0|altsyncram:the_altsyncram|altsyncram_qju1:auto_generated                                                                                                                                                                                                                                  ;
;                     |decode_5la:decode3                                                                                                  ; 0.02 mW (0.02 mW)                    ; 0.00 mW (0.00 mW)               ; --                                ; 0.02 mW (0.02 mW)                 ; |top_ent|niosv:u0|niosv_onchip_memory2_0:onchip_memory2_0|altsyncram:the_altsyncram|altsyncram_qju1:auto_generated|decode_5la:decode3                                                                                                                                                                                                               ;
;         |niosv_pio_0:pio_0                                                                                                               ; 0.17 mW (0.17 mW)                    ; 0.04 mW (0.04 mW)               ; --                                ; 0.13 mW (0.13 mW)                 ; |top_ent|niosv:u0|niosv_pio_0:pio_0                                                                                                                                                                                                                                                                                                                 ;
;         |altera_reset_controller:rst_controller                                                                                          ; 0.13 mW (0.13 mW)                    ; 0.00 mW (0.00 mW)               ; --                                ; 0.12 mW (0.12 mW)                 ; |top_ent|niosv:u0|altera_reset_controller:rst_controller                                                                                                                                                                                                                                                                                            ;
;             |altera_reset_synchronizer:alt_rst_req_sync_uq1                                                                              ; 0.00 mW (0.00 mW)                    ; 0.00 mW (0.00 mW)               ; --                                ; 0.00 mW (0.00 mW)                 ; |top_ent|niosv:u0|altera_reset_controller:rst_controller|altera_reset_synchronizer:alt_rst_req_sync_uq1                                                                                                                                                                                                                                             ;
;             |altera_reset_synchronizer:alt_rst_sync_uq1                                                                                  ; 0.00 mW (0.00 mW)                    ; 0.00 mW (0.00 mW)               ; --                                ; 0.00 mW (0.00 mW)                 ; |top_ent|niosv:u0|altera_reset_controller:rst_controller|altera_reset_synchronizer:alt_rst_sync_uq1                                                                                                                                                                                                                                                 ;
+------------------------------------------------------------------------------------------------------------------------------------------+--------------------------------------+---------------------------------+-----------------------------------+-----------------------------------+-----------------------------------------------------------------------------------------------------------------------------------------------------------------------------------------------------------------------------------------------------------------------------------------------------------------------------------------------------+
(1) Value in parentheses is the power consumed at that level of hierarchy. Value not in parentheses is the power consumed at that level of hierarchy plus the power consumed by all levels of hierarchy below it.

(2) The "Block Thermal Static Power" for all levels of hierarchy except the top-level hierarchy is part of the "Core Static Thermal Power Dissipation" value found on the PowerPlay Power Analyzer-->Summary report panel. The "Core Static Thermal Power Dissipation" also contains the thermal static power dissipated by the routing.


+------------------------------------------------------------------------+
; Core Dynamic Thermal Power Dissipation by Clock Domain                 ;
+---------------------+-----------------------+--------------------------+
; Clock Domain        ; Clock Frequency (MHz) ; Total Core Dynamic Power ;
+---------------------+-----------------------+--------------------------+
; CLOCK_50            ; 50.00                 ; 24.20                    ;
; altera_reserved_tck ; 30.00                 ; 1.89                     ;
; No clock domain     ; 0.00                  ; 0.00                     ;
+---------------------+-----------------------+--------------------------+


+------------------------------------------------------------------------------------------------------------------------------------+
; Current Drawn from Voltage Supplies Summary                                                                                        ;
+----------------+-------------------------+---------------------------+--------------------------+----------------------------------+
; Voltage Supply ; Total Current Drawn (1) ; Dynamic Current Drawn (1) ; Static Current Drawn (1) ; Minimum Power Supply Current (2) ;
+----------------+-------------------------+---------------------------+--------------------------+----------------------------------+
; VCC            ; 74.28 mA                ; 24.28 mA                  ; 50.00 mA                 ; 74.28 mA                         ;
; VCCIO          ; 2.88 mA                 ; 1.96 mA                   ; 0.92 mA                  ; 2.88 mA                          ;
; VCCPD          ; 3.60 mA                 ; 1.21 mA                   ; 2.40 mA                  ; 3.60 mA                          ;
; VCCA_FPLL      ; 2.03 mA                 ; 0.00 mA                   ; 2.03 mA                  ; 2.03 mA                          ;
; VCCPGM         ; 0.33 mA                 ; 0.00 mA                   ; 0.33 mA                  ; 0.33 mA                          ;
; VCCBAT         ; 0.00 mA                 ; 0.00 mA                   ; 0.00 mA                  ; 0.00 mA                          ;
; VCCE_GXB       ; 0.00 mA                 ; 0.00 mA                   ; 0.00 mA                  ; 0.00 mA                          ;
; VCCL_GXB       ; 0.00 mA                 ; 0.00 mA                   ; 0.00 mA                  ; 0.00 mA                          ;
; VCCH_GXB       ; 0.00 mA                 ; 0.00 mA                   ; 0.00 mA                  ; 0.00 mA                          ;
; VCCAUX         ; 87.02 mA                ; 0.00 mA                   ; 87.02 mA                 ; 87.02 mA                         ;
; VCC_HPS        ; 9.54 mA                 ; 0.00 mA                   ; 9.54 mA                  ; 9.54 mA                          ;
; VCCIO_HPS      ; 0.00 mA                 ; 0.00 mA                   ; 0.00 mA                  ; 0.00 mA                          ;
; VCCPD_HPS      ; 0.00 mA                 ; 0.00 mA                   ; 0.00 mA                  ; 0.00 mA                          ;
; VCCRSTCLK_HPS  ; 0.14 mA                 ; 0.00 mA                   ; 0.14 mA                  ; 0.14 mA                          ;
; VCCPLL_HPS     ; 0.66 mA                 ; 0.00 mA                   ; 0.66 mA                  ; 0.66 mA                          ;
; VCCAUX_SHARED  ; 48.74 mA                ; 0.00 mA                   ; 48.74 mA                 ; 48.74 mA                         ;
+----------------+-------------------------+---------------------------+--------------------------+----------------------------------+
(1) Currents reported in columns "Total Current Drawn", "Dynamic Current Drawn", and "Static Current Drawn" are sufficient for user operation of the device.  
(2) Currents reported in column "Minimum Power Supply Current" do not include transient power-up currents. For transient power-up currents, see the device family datasheet, errata sheet, and/or ES guidelines document, as appropriate. 


+-----------------------------------------------------------------------------------------------+
; VCCIO Supply Current Drawn by I/O Bank                                                        ;
+----------+---------------+---------------------+-----------------------+----------------------+
; I/O Bank ; VCCIO Voltage ; Total Current Drawn ; Dynamic Current Drawn ; Static Current Drawn ;
+----------+---------------+---------------------+-----------------------+----------------------+
; B2L      ; --            ; --                  ; --                    ; --                   ;
; B1L      ; --            ; --                  ; --                    ; --                   ;
; B0L      ; --            ; --                  ; --                    ; --                   ;
; 3A       ; 2.5V          ; 0.20 mA             ; 0.12 mA               ; 0.08 mA              ;
; 3B       ; 2.5V          ; 0.07 mA             ; 0.00 mA               ; 0.07 mA              ;
; 4A       ; 2.5V          ; 0.09 mA             ; 0.02 mA               ; 0.07 mA              ;
; 5A       ; 2.5V          ; 1.37 mA             ; 1.26 mA               ; 0.12 mA              ;
; 5B       ; 2.5V          ; 0.65 mA             ; 0.56 mA               ; 0.09 mA              ;
; 6B       ; 2.5V          ; 0.07 mA             ; 0.00 mA               ; 0.07 mA              ;
; 6A       ; 2.5V          ; 0.07 mA             ; 0.00 mA               ; 0.07 mA              ;
; 7A       ; 2.5V          ; 0.07 mA             ; 0.00 mA               ; 0.07 mA              ;
; 7B       ; 2.5V          ; 0.07 mA             ; 0.00 mA               ; 0.07 mA              ;
; 7C       ; 2.5V          ; 0.07 mA             ; 0.00 mA               ; 0.07 mA              ;
; 7D       ; 2.5V          ; 0.07 mA             ; 0.00 mA               ; 0.07 mA              ;
; 8A       ; 2.5V          ; 0.07 mA             ; 0.00 mA               ; 0.07 mA              ;
; 9A       ; --            ; --                  ; --                    ; --                   ;
+----------+---------------+---------------------+-----------------------+----------------------+


+-----------------------------------------------------------------------------------------------------------------------------------+
; VCCIO Supply Current Drawn by Voltage                                                                                             ;
+---------------+-------------------------+---------------------------+--------------------------+----------------------------------+
; VCCIO Voltage ; Total Current Drawn (1) ; Dynamic Current Drawn (1) ; Static Current Drawn (1) ; Minimum Power Supply Current (2) ;
+---------------+-------------------------+---------------------------+--------------------------+----------------------------------+
; 2.5V          ; 2.88 mA                 ; 1.96 mA                   ; 0.92 mA                  ; 2.88 mA                          ;
+---------------+-------------------------+---------------------------+--------------------------+----------------------------------+
(1) Currents reported in columns "Total Current Drawn", "Dynamic Current Drawn", and "Static Current Drawn" are sufficient for user operation of the device.  
(2) Currents reported in column "Minimum Power Supply Current" do not include transient power-up currents. For transient power-up currents, see the device family datasheet, errata sheet, and/or ES guidelines document, as appropriate. 


+-----------------------------------------------------------------------------------------------+
; VCCPD Supply Current Drawn by I/O Bank                                                        ;
+----------+---------------+---------------------+-----------------------+----------------------+
; I/O Bank ; VCCPD Voltage ; Total Current Drawn ; Dynamic Current Drawn ; Static Current Drawn ;
+----------+---------------+---------------------+-----------------------+----------------------+
; B2L      ; --            ; --                  ; --                    ; --                   ;
; B1L      ; --            ; --                  ; --                    ; --                   ;
; B0L      ; --            ; --                  ; --                    ; --                   ;
; 3A       ; 2.5V          ; 0.28 mA             ; 0.08 mA               ; 0.20 mA              ;
; 3B       ; 2.5V          ; 0.20 mA             ; 0.00 mA               ; 0.20 mA              ;
; 4A       ; 2.5V          ; 0.20 mA             ; 0.00 mA               ; 0.20 mA              ;
; 5A       ; 2.5V          ; 1.00 mA             ; 0.77 mA               ; 0.22 mA              ;
; 5B       ; 2.5V          ; 0.56 mA             ; 0.35 mA               ; 0.21 mA              ;
; 6B       ; 2.5V          ; 0.20 mA             ; 0.00 mA               ; 0.20 mA              ;
; 6A       ; 2.5V          ; 0.20 mA             ; 0.00 mA               ; 0.20 mA              ;
; 7A       ; 2.5V          ; 0.20 mA             ; 0.00 mA               ; 0.20 mA              ;
; 7B       ; 2.5V          ; 0.20 mA             ; 0.00 mA               ; 0.20 mA              ;
; 7C       ; 2.5V          ; 0.20 mA             ; 0.00 mA               ; 0.20 mA              ;
; 7D       ; 2.5V          ; 0.20 mA             ; 0.00 mA               ; 0.20 mA              ;
; 8A       ; 2.5V          ; 0.20 mA             ; 0.00 mA               ; 0.20 mA              ;
; 9A       ; --            ; --                  ; --                    ; --                   ;
+----------+---------------+---------------------+-----------------------+----------------------+


+-----------------------------------------------------------------------------------------------------------------------------------+
; VCCPD Supply Current Drawn by Voltage                                                                                             ;
+---------------+-------------------------+---------------------------+--------------------------+----------------------------------+
; VCCPD Voltage ; Total Current Drawn (1) ; Dynamic Current Drawn (1) ; Static Current Drawn (1) ; Minimum Power Supply Current (2) ;
+---------------+-------------------------+---------------------------+--------------------------+----------------------------------+
; 2.5V          ; 3.60 mA                 ; 1.21 mA                   ; 2.40 mA                  ; 3.60 mA                          ;
+---------------+-------------------------+---------------------------+--------------------------+----------------------------------+
(1) Currents reported in columns "Total Current Drawn", "Dynamic Current Drawn", and "Static Current Drawn" are sufficient for user operation of the device.  
(2) Currents reported in column "Minimum Power Supply Current" do not include transient power-up currents. For transient power-up currents, see the device family datasheet, errata sheet, and/or ES guidelines document, as appropriate. 


+----------------------------------------------------------------------------------------------------------------------------------------------------+
; Confidence Metric Details                                                                                                                          ;
+----------------------------------------------------------------------------------------+--------------+------------+---------------+---------------+
; Data Source                                                                            ; Total        ; Pin        ; Registered    ; Combinational ;
+----------------------------------------------------------------------------------------+--------------+------------+---------------+---------------+
; Simulation (from file)                                                                 ;              ;            ;               ;               ;
;     -- Number of signals with Toggle Rate from Simulation                              ; 0 (0.0%)     ; 0 (0.0%)   ; 0 (0.0%)      ; 0 (0.0%)      ;
;     -- Number of signals with Static Probability from Simulation                       ; 0 (0.0%)     ; 0 (0.0%)   ; 0 (0.0%)      ; 0 (0.0%)      ;
;                                                                                        ;              ;            ;               ;               ;
; Node, entity or clock assignment                                                       ;              ;            ;               ;               ;
;     -- Number of signals with Toggle Rate from Node, entity or clock assignment        ; 3 (0.0%)     ; 2 (4.2%)   ; 0 (0.0%)      ; 1 (0.0%)      ;
;     -- Number of signals with Static Probability from Node, entity or clock assignment ; 3 (0.0%)     ; 2 (4.2%)   ; 0 (0.0%)      ; 1 (0.0%)      ;
;                                                                                        ;              ;            ;               ;               ;
; Vectorless estimation                                                                  ;              ;            ;               ;               ;
;     -- Number of signals with Toggle Rate from Vectorless estimation                   ; 8503 (99.9%) ; 44 (91.7%) ; 3611 (100.0%) ; 4848 (100.0%) ;
;     -- Number of signals with Zero toggle rate, from Vectorless estimation             ; 143 (1.7%)   ; 0 (0.0%)   ; 60 (1.7%)     ; 83 (1.7%)     ;
;     -- Number of signals with Static Probability from Vectorless estimation            ; 8503 (99.9%) ; 44 (91.7%) ; 3611 (100.0%) ; 4848 (100.0%) ;
;                                                                                        ;              ;            ;               ;               ;
; Default assignment                                                                     ;              ;            ;               ;               ;
;     -- Number of signals with Toggle Rate from Default assignment                      ; 2 (0.0%)     ; 2 (4.2%)   ; 0 (0.0%)      ; 0 (0.0%)      ;
;     -- Number of signals with Static Probability from Default assignment               ; 2 (0.0%)     ; 2 (4.2%)   ; 0 (0.0%)      ; 0 (0.0%)      ;
;                                                                                        ;              ;            ;               ;               ;
; Assumed 0                                                                              ;              ;            ;               ;               ;
;     -- Number of signals with Toggle Rate assumed 0                                    ; 0 (0.0%)     ; 0 (0.0%)   ; 0 (0.0%)      ; 0 (0.0%)      ;
+----------------------------------------------------------------------------------------+--------------+------------+---------------+---------------+


+---------------------------------------------------------------------------------------------------------------------------------------------+
; Signal Activities                                                                                                                           ;
+--------+------+---------------------------------------------+-------------------------+--------------------+--------------------------------+
; Signal ; Type ; Toggle Rate (millions of transitions / sec) ; Toggle Rate Data Source ; Static Probability ; Static Probability Data Source ;
+--------+------+---------------------------------------------+-------------------------+--------------------+--------------------------------+
(1) The "Signal Activity" Table has been hidden. To show this table, please select the "Write signal activities to report file" option under "PowerPlay Power Analyzer Settings".


+-------------------------+
; Power Analyzer Messages ;
+-------------------------+
Info: *******************************************************************
Info: Running Quartus Prime Power Analyzer
    Info: Version 25.1std.0 Build 1129 10/21/2025 SC Lite Edition
    Info: Processing started: Wed Jul  8 09:27:02 2026
Info: Command: quartus_pow --read_settings_files=off --write_settings_files=off niosv -c niosv
Warning (18236): Number of processors has not been specified which may cause overloading on shared machines.  Set the global assignment NUM_PARALLEL_PROCESSORS in your QSF to an appropriate value for best performance.
Info (21077): Low junction temperature is 0 degrees C
Info (21077): High junction temperature is 85 degrees C
Info (332164): Evaluating HDL-embedded SDC commands
    Info (332165): Entity sld_hub
        Info (332166): create_clock -name altera_reserved_tck [get_ports {altera_reserved_tck}] -period 30MHz   
        Info (332166): if { [string equal quartus_fit $::TimeQuestInfo(nameofexecutable)] } { set_max_delay -to [get_ports { altera_reserved_tdo } ] 0 }
        Info (332166): set_clock_groups -asynchronous -group {altera_reserved_tck}
Info (332104): Reading SDC File: 'niosv/synthesis/submodules/altera_reset_controller.sdc'
Info (332104): Reading SDC File: 'niosv/synthesis/submodules/altera_avalon_st_handshake_clock_crosser.sdc'
Info (332104): Reading SDC File: 'niosv/niosv.sdc'
Info (332143): No user constrained clock uncertainty found in the design. Calling "derive_clock_uncertainty"
Info (332123): Deriving Clock Uncertainty. Please refer to report_sdc in the Timing Analyzer to see clock uncertainties.
Info (223000): Starting Vectorless Power Activity Estimation
Info (223001): Completed Vectorless Power Activity Estimation
Critical Warning (215050): HPS power is being analyzed for a device with an HPS without HPS power.
Info (218000): Using Advanced I/O Power to simulate I/O buffers with the specified board trace model
Info (334003): Started post-fitting delay annotation
Info (334004): Delay annotation completed successfully
Info (215049): Average toggle rate for this design is 5.937 millions of transitions / sec
Info (215031): Total thermal power estimate for the design is 455.48 mW
Info: Quartus Prime Power Analyzer was successful. 0 errors, 2 warnings
    Info: Peak virtual memory: 5692 megabytes
    Info: Processing ended: Wed Jul  8 09:27:10 2026
    Info: Elapsed time: 00:00:08
    Info: Total CPU time (on all processors): 00:00:15


