Timing Analyzer report for niosv
Wed Jul  8 09:27:24 2026
Quartus Prime Version 25.1std.0 Build 1129 10/21/2025 SC Lite Edition


---------------------
; Table of Contents ;
---------------------
  1. Legal Notice
  2. Timing Analyzer Summary
  3. Parallel Compilation
  4. SDC File List
  5. Clocks
  6. Slow 1100mV 85C Model Fmax Summary
  7. Timing Closure Recommendations
  8. Slow 1100mV 85C Model Setup Summary
  9. Slow 1100mV 85C Model Hold Summary
 10. Slow 1100mV 85C Model Recovery Summary
 11. Slow 1100mV 85C Model Removal Summary
 12. Slow 1100mV 85C Model Minimum Pulse Width Summary
 13. Slow 1100mV 85C Model Metastability Summary
 14. Slow 1100mV 0C Model Fmax Summary
 15. Slow 1100mV 0C Model Setup Summary
 16. Slow 1100mV 0C Model Hold Summary
 17. Slow 1100mV 0C Model Recovery Summary
 18. Slow 1100mV 0C Model Removal Summary
 19. Slow 1100mV 0C Model Minimum Pulse Width Summary
 20. Slow 1100mV 0C Model Metastability Summary
 21. Fast 1100mV 85C Model Setup Summary
 22. Fast 1100mV 85C Model Hold Summary
 23. Fast 1100mV 85C Model Recovery Summary
 24. Fast 1100mV 85C Model Removal Summary
 25. Fast 1100mV 85C Model Minimum Pulse Width Summary
 26. Fast 1100mV 85C Model Metastability Summary
 27. Fast 1100mV 0C Model Setup Summary
 28. Fast 1100mV 0C Model Hold Summary
 29. Fast 1100mV 0C Model Recovery Summary
 30. Fast 1100mV 0C Model Removal Summary
 31. Fast 1100mV 0C Model Minimum Pulse Width Summary
 32. Fast 1100mV 0C Model Metastability Summary
 33. Multicorner Timing Analysis Summary
 34. Board Trace Model Assignments
 35. Input Transition Times
 36. Signal Integrity Metrics (Slow 1100mv 0c Model)
 37. Signal Integrity Metrics (Slow 1100mv 85c Model)
 38. Signal Integrity Metrics (Fast 1100mv 0c Model)
 39. Signal Integrity Metrics (Fast 1100mv 85c Model)
 40. Setup Transfers
 41. Hold Transfers
 42. Recovery Transfers
 43. Removal Transfers
 44. Report TCCS
 45. Report RSKM
 46. Unconstrained Paths Summary
 47. Clock Status Summary
 48. Unconstrained Input Ports
 49. Unconstrained Output Ports
 50. Unconstrained Input Ports
 51. Unconstrained Output Ports
 52. Timing Analyzer Messages



----------------
; Legal Notice ;
----------------
Copyright (C) 2025  Altera Corporation. All rights reserved.
Your use of Altera Corporation's design tools, logic functions 
and other software and tools, and any partner logic 
functions, and any output files from any of the foregoing 
(including device programming or simulation files), and any 
associated documentation or information are expressly subject 
to the terms and conditions of the Altera Program License 
Subscription Agreement, the Altera Quartus Prime License Agreement,
the Altera IP License Agreement, or other applicable license
agreement, including, without limitation, that your use is for
the sole purpose of programming logic devices manufactured by
Altera and sold by Altera or its authorized distributors.  Please
refer to the Altera Software License Subscription Agreements 
on the Quartus Prime software download page.



+---------------------------------------------------------------------------------+
; Timing Analyzer Summary                                                         ;
+-----------------------+---------------------------------------------------------+
; Quartus Prime Version ; Version 25.1std.0 Build 1129 10/21/2025 SC Lite Edition ;
; Timing Analyzer       ; Legacy Timing Analyzer                                  ;
; Revision Name         ; niosv                                                   ;
; Device Family         ; Cyclone V                                               ;
; Device Name           ; 5CSEMA5F31C6                                            ;
; Timing Models         ; Final                                                   ;
; Delay Model           ; Combined                                                ;
; Rise/Fall Delays      ; Enabled                                                 ;
+-----------------------+---------------------------------------------------------+


+------------------------------------------+
; Parallel Compilation                     ;
+----------------------------+-------------+
; Processors                 ; Number      ;
+----------------------------+-------------+
; Number detected on machine ; 12          ;
; Maximum allowed            ; 10          ;
;                            ;             ;
; Average used               ; 2.85        ;
; Maximum used               ; 10          ;
;                            ;             ;
; Usage by Processor         ; % Time Used ;
;     Processor 1            ; 100.0%      ;
;     Processor 2            ;  22.8%      ;
;     Processor 3            ;  22.6%      ;
;     Processor 4            ;  22.4%      ;
;     Processor 5            ;  19.6%      ;
;     Processor 6            ;  19.6%      ;
;     Processor 7            ;  19.6%      ;
;     Processor 8            ;  19.6%      ;
;     Processor 9            ;  19.5%      ;
;     Processor 10           ;  19.5%      ;
+----------------------------+-------------+


+-------------------------------------------------------------------------------------------------------------+
; SDC File List                                                                                               ;
+-------------------------------------------------------------------------+--------+--------------------------+
; SDC File Path                                                           ; Status ; Read at                  ;
+-------------------------------------------------------------------------+--------+--------------------------+
; niosv/synthesis/submodules/altera_reset_controller.sdc                  ; OK     ; Wed Jul  8 09:27:12 2026 ;
; niosv/synthesis/submodules/altera_avalon_st_handshake_clock_crosser.sdc ; OK     ; Wed Jul  8 09:27:12 2026 ;
; niosv/niosv.sdc                                                         ; OK     ; Wed Jul  8 09:27:12 2026 ;
+-------------------------------------------------------------------------+--------+--------------------------+


+----------------------------------------------------------------------------------------------------------------------------------------------------------------------------------------------------------+
; Clocks                                                                                                                                                                                                   ;
+---------------------+------+--------+-----------+-------+--------+------------+-----------+-------------+-------+--------+-----------+------------+----------+--------+--------+-------------------------+
; Clock Name          ; Type ; Period ; Frequency ; Rise  ; Fall   ; Duty Cycle ; Divide by ; Multiply by ; Phase ; Offset ; Edge List ; Edge Shift ; Inverted ; Master ; Source ; Targets                 ;
+---------------------+------+--------+-----------+-------+--------+------------+-----------+-------------+-------+--------+-----------+------------+----------+--------+--------+-------------------------+
; altera_reserved_tck ; Base ; 33.333 ; 30.0 MHz  ; 0.000 ; 16.666 ;            ;           ;             ;       ;        ;           ;            ;          ;        ;        ; { altera_reserved_tck } ;
; CLOCK_50            ; Base ; 20.000 ; 50.0 MHz  ; 0.000 ; 10.000 ;            ;           ;             ;       ;        ;           ;            ;          ;        ;        ; { CLOCK_50 }            ;
+---------------------+------+--------+-----------+-------+--------+------------+-----------+-------------+-------+--------+-----------+------------+----------+--------+--------+-------------------------+


+----------------------------------------------------------+
; Slow 1100mV 85C Model Fmax Summary                       ;
+-----------+-----------------+---------------------+------+
; Fmax      ; Restricted Fmax ; Clock Name          ; Note ;
+-----------+-----------------+---------------------+------+
; 81.87 MHz ; 81.87 MHz       ; altera_reserved_tck ;      ;
; 86.4 MHz  ; 86.4 MHz        ; CLOCK_50            ;      ;
+-----------+-----------------+---------------------+------+
This panel reports FMAX for every clock in the design, regardless of the user-specified clock periods.  FMAX is only computed for paths where the source and destination registers or ports are driven by the same clock.  Paths of different clocks, including generated clocks, are ignored.  For paths between a clock and its inversion, FMAX is computed as if the rising and falling edges are scaled along with FMAX, such that the duty cycle (in terms of a percentage) is maintained. Altera recommends that you always use clock constraints and other slack reports for sign-off analysis.


----------------------------------
; Timing Closure Recommendations ;
----------------------------------
HTML report is unavailable in plain text report export.


+----------------------------------------------+
; Slow 1100mV 85C Model Setup Summary          ;
+---------------------+--------+---------------+
; Clock               ; Slack  ; End Point TNS ;
+---------------------+--------+---------------+
; CLOCK_50            ; 8.426  ; 0.000         ;
; altera_reserved_tck ; 10.559 ; 0.000         ;
+---------------------+--------+---------------+


+---------------------------------------------+
; Slow 1100mV 85C Model Hold Summary          ;
+---------------------+-------+---------------+
; Clock               ; Slack ; End Point TNS ;
+---------------------+-------+---------------+
; CLOCK_50            ; 0.114 ; 0.000         ;
; altera_reserved_tck ; 0.153 ; 0.000         ;
+---------------------+-------+---------------+


+----------------------------------------------+
; Slow 1100mV 85C Model Recovery Summary       ;
+---------------------+--------+---------------+
; Clock               ; Slack  ; End Point TNS ;
+---------------------+--------+---------------+
; CLOCK_50            ; 14.146 ; 0.000         ;
; altera_reserved_tck ; 30.397 ; 0.000         ;
+---------------------+--------+---------------+


+---------------------------------------------+
; Slow 1100mV 85C Model Removal Summary       ;
+---------------------+-------+---------------+
; Clock               ; Slack ; End Point TNS ;
+---------------------+-------+---------------+
; altera_reserved_tck ; 0.858 ; 0.000         ;
; CLOCK_50            ; 0.970 ; 0.000         ;
+---------------------+-------+---------------+


+---------------------------------------------------+
; Slow 1100mV 85C Model Minimum Pulse Width Summary ;
+---------------------+--------+--------------------+
; Clock               ; Slack  ; End Point TNS      ;
+---------------------+--------+--------------------+
; CLOCK_50            ; 8.870  ; 0.000              ;
; altera_reserved_tck ; 15.525 ; 0.000              ;
+---------------------+--------+--------------------+


-----------------------------------------------
; Slow 1100mV 85C Model Metastability Summary ;
-----------------------------------------------
Worst-Case MTBF of Design is 1e+09 years or 3.15e+16 seconds.
Typical MTBF of Design is 1e+09 years or 3.15e+16 seconds.

Number of Synchronizer Chains Found: 95
Shortest Synchronizer Chain: 2 Registers
Fraction of Chains for which MTBFs Could Not be Calculated: 0.958
Worst Case Available Settling Time: 37.177 ns

Worst-Case MTBF values are calculated based on the worst-case silicon characteristics, with worst-case operating conditions.
  - Under worst-case conditions, an increase of 100ps in available settling time will increase MTBF values by a factor of 79.4
Typical MTBF values are calculated based on the nominal silicon characteristics, at nominal operating conditions.
  - Under typical conditions, an increase of 100ps in available settling time will increase MTBF values by a factor of 17.8



+----------------------------------------------------------+
; Slow 1100mV 0C Model Fmax Summary                        ;
+-----------+-----------------+---------------------+------+
; Fmax      ; Restricted Fmax ; Clock Name          ; Note ;
+-----------+-----------------+---------------------+------+
; 83.33 MHz ; 83.33 MHz       ; altera_reserved_tck ;      ;
; 89.52 MHz ; 89.52 MHz       ; CLOCK_50            ;      ;
+-----------+-----------------+---------------------+------+
This panel reports FMAX for every clock in the design, regardless of the user-specified clock periods.  FMAX is only computed for paths where the source and destination registers or ports are driven by the same clock.  Paths of different clocks, including generated clocks, are ignored.  For paths between a clock and its inversion, FMAX is computed as if the rising and falling edges are scaled along with FMAX, such that the duty cycle (in terms of a percentage) is maintained. Altera recommends that you always use clock constraints and other slack reports for sign-off analysis.


+----------------------------------------------+
; Slow 1100mV 0C Model Setup Summary           ;
+---------------------+--------+---------------+
; Clock               ; Slack  ; End Point TNS ;
+---------------------+--------+---------------+
; CLOCK_50            ; 8.829  ; 0.000         ;
; altera_reserved_tck ; 10.666 ; 0.000         ;
+---------------------+--------+---------------+


+---------------------------------------------+
; Slow 1100mV 0C Model Hold Summary           ;
+---------------------+-------+---------------+
; Clock               ; Slack ; End Point TNS ;
+---------------------+-------+---------------+
; CLOCK_50            ; 0.072 ; 0.000         ;
; altera_reserved_tck ; 0.139 ; 0.000         ;
+---------------------+-------+---------------+


+----------------------------------------------+
; Slow 1100mV 0C Model Recovery Summary        ;
+---------------------+--------+---------------+
; Clock               ; Slack  ; End Point TNS ;
+---------------------+--------+---------------+
; CLOCK_50            ; 14.396 ; 0.000         ;
; altera_reserved_tck ; 30.494 ; 0.000         ;
+---------------------+--------+---------------+


+---------------------------------------------+
; Slow 1100mV 0C Model Removal Summary        ;
+---------------------+-------+---------------+
; Clock               ; Slack ; End Point TNS ;
+---------------------+-------+---------------+
; altera_reserved_tck ; 0.811 ; 0.000         ;
; CLOCK_50            ; 0.928 ; 0.000         ;
+---------------------+-------+---------------+


+--------------------------------------------------+
; Slow 1100mV 0C Model Minimum Pulse Width Summary ;
+---------------------+--------+-------------------+
; Clock               ; Slack  ; End Point TNS     ;
+---------------------+--------+-------------------+
; CLOCK_50            ; 8.817  ; 0.000             ;
; altera_reserved_tck ; 15.550 ; 0.000             ;
+---------------------+--------+-------------------+


----------------------------------------------
; Slow 1100mV 0C Model Metastability Summary ;
----------------------------------------------
Worst-Case MTBF of Design is 1e+09 years or 3.15e+16 seconds.
Typical MTBF of Design is 1e+09 years or 3.15e+16 seconds.

Number of Synchronizer Chains Found: 95
Shortest Synchronizer Chain: 2 Registers
Fraction of Chains for which MTBFs Could Not be Calculated: 0.958
Worst Case Available Settling Time: 37.292 ns

Worst-Case MTBF values are calculated based on the worst-case silicon characteristics, with worst-case operating conditions.
  - Under worst-case conditions, an increase of 100ps in available settling time will increase MTBF values by a factor of 5.2
Typical MTBF values are calculated based on the nominal silicon characteristics, at nominal operating conditions.
  - Under typical conditions, an increase of 100ps in available settling time will increase MTBF values by a factor of 17.8



+----------------------------------------------+
; Fast 1100mV 85C Model Setup Summary          ;
+---------------------+--------+---------------+
; Clock               ; Slack  ; End Point TNS ;
+---------------------+--------+---------------+
; CLOCK_50            ; 12.491 ; 0.000         ;
; altera_reserved_tck ; 13.113 ; 0.000         ;
+---------------------+--------+---------------+


+---------------------------------------------+
; Fast 1100mV 85C Model Hold Summary          ;
+---------------------+-------+---------------+
; Clock               ; Slack ; End Point TNS ;
+---------------------+-------+---------------+
; altera_reserved_tck ; 0.040 ; 0.000         ;
; CLOCK_50            ; 0.102 ; 0.000         ;
+---------------------+-------+---------------+


+----------------------------------------------+
; Fast 1100mV 85C Model Recovery Summary       ;
+---------------------+--------+---------------+
; Clock               ; Slack  ; End Point TNS ;
+---------------------+--------+---------------+
; CLOCK_50            ; 15.864 ; 0.000         ;
; altera_reserved_tck ; 31.316 ; 0.000         ;
+---------------------+--------+---------------+


+---------------------------------------------+
; Fast 1100mV 85C Model Removal Summary       ;
+---------------------+-------+---------------+
; Clock               ; Slack ; End Point TNS ;
+---------------------+-------+---------------+
; altera_reserved_tck ; 0.404 ; 0.000         ;
; CLOCK_50            ; 0.558 ; 0.000         ;
+---------------------+-------+---------------+


+---------------------------------------------------+
; Fast 1100mV 85C Model Minimum Pulse Width Summary ;
+---------------------+--------+--------------------+
; Clock               ; Slack  ; End Point TNS      ;
+---------------------+--------+--------------------+
; CLOCK_50            ; 8.786  ; 0.000              ;
; altera_reserved_tck ; 15.254 ; 0.000              ;
+---------------------+--------+--------------------+


-----------------------------------------------
; Fast 1100mV 85C Model Metastability Summary ;
-----------------------------------------------
Worst-Case MTBF of Design is 1e+09 years or 3.15e+16 seconds.
Typical MTBF of Design is 1e+09 years or 3.15e+16 seconds.

Number of Synchronizer Chains Found: 95
Shortest Synchronizer Chain: 2 Registers
Fraction of Chains for which MTBFs Could Not be Calculated: 0.958
Worst Case Available Settling Time: 38.332 ns

Worst-Case MTBF values are calculated based on the worst-case silicon characteristics, with worst-case operating conditions.
  - Under worst-case conditions, an increase of 100ps in available settling time will increase MTBF values by a factor of 79.4
Typical MTBF values are calculated based on the nominal silicon characteristics, at nominal operating conditions.
  - Under typical conditions, an increase of 100ps in available settling time will increase MTBF values by a factor of 17.8



+----------------------------------------------+
; Fast 1100mV 0C Model Setup Summary           ;
+---------------------+--------+---------------+
; Clock               ; Slack  ; End Point TNS ;
+---------------------+--------+---------------+
; CLOCK_50            ; 13.355 ; 0.000         ;
; altera_reserved_tck ; 13.488 ; 0.000         ;
+---------------------+--------+---------------+


+---------------------------------------------+
; Fast 1100mV 0C Model Hold Summary           ;
+---------------------+-------+---------------+
; Clock               ; Slack ; End Point TNS ;
+---------------------+-------+---------------+
; altera_reserved_tck ; 0.027 ; 0.000         ;
; CLOCK_50            ; 0.070 ; 0.000         ;
+---------------------+-------+---------------+


+----------------------------------------------+
; Fast 1100mV 0C Model Recovery Summary        ;
+---------------------+--------+---------------+
; Clock               ; Slack  ; End Point TNS ;
+---------------------+--------+---------------+
; CLOCK_50            ; 16.372 ; 0.000         ;
; altera_reserved_tck ; 31.518 ; 0.000         ;
+---------------------+--------+---------------+


+---------------------------------------------+
; Fast 1100mV 0C Model Removal Summary        ;
+---------------------+-------+---------------+
; Clock               ; Slack ; End Point TNS ;
+---------------------+-------+---------------+
; altera_reserved_tck ; 0.344 ; 0.000         ;
; CLOCK_50            ; 0.499 ; 0.000         ;
+---------------------+-------+---------------+


+--------------------------------------------------+
; Fast 1100mV 0C Model Minimum Pulse Width Summary ;
+---------------------+--------+-------------------+
; Clock               ; Slack  ; End Point TNS     ;
+---------------------+--------+-------------------+
; CLOCK_50            ; 8.778  ; 0.000             ;
; altera_reserved_tck ; 15.258 ; 0.000             ;
+---------------------+--------+-------------------+


----------------------------------------------
; Fast 1100mV 0C Model Metastability Summary ;
----------------------------------------------
Worst-Case MTBF of Design is 1e+09 years or 3.15e+16 seconds.
Typical MTBF of Design is 1e+09 years or 3.15e+16 seconds.

Number of Synchronizer Chains Found: 95
Shortest Synchronizer Chain: 2 Registers
Fraction of Chains for which MTBFs Could Not be Calculated: 0.958
Worst Case Available Settling Time: 38.457 ns

Worst-Case MTBF values are calculated based on the worst-case silicon characteristics, with worst-case operating conditions.
  - Under worst-case conditions, an increase of 100ps in available settling time will increase MTBF values by a factor of 5.2
Typical MTBF values are calculated based on the nominal silicon characteristics, at nominal operating conditions.
  - Under typical conditions, an increase of 100ps in available settling time will increase MTBF values by a factor of 17.8



+----------------------------------------------------------------------------------+
; Multicorner Timing Analysis Summary                                              ;
+----------------------+--------+-------+----------+---------+---------------------+
; Clock                ; Setup  ; Hold  ; Recovery ; Removal ; Minimum Pulse Width ;
+----------------------+--------+-------+----------+---------+---------------------+
; Worst-case Slack     ; 8.426  ; 0.027 ; 14.146   ; 0.344   ; 8.778               ;
;  CLOCK_50            ; 8.426  ; 0.070 ; 14.146   ; 0.499   ; 8.778               ;
;  altera_reserved_tck ; 10.559 ; 0.027 ; 30.397   ; 0.344   ; 15.254              ;
; Design-wide TNS      ; 0.0    ; 0.0   ; 0.0      ; 0.0     ; 0.0                 ;
;  CLOCK_50            ; 0.000  ; 0.000 ; 0.000    ; 0.000   ; 0.000               ;
;  altera_reserved_tck ; 0.000  ; 0.000 ; 0.000    ; 0.000   ; 0.000               ;
+----------------------+--------+-------+----------+---------+---------------------+


+------------------------------------------------------------------------------------------------------------------------------------------------------------------------------------------------------------------------------------------------------------------------------------------------------------------------------------------------------------------------------------------------------------------------+
; Board Trace Model Assignments                                                                                                                                                                                                                                                                                                                                                                                          ;
+---------------------+--------------+-------------------+-------------------------+-------------------------+---------------+---------------------+----------------+------------------+--------+------------------+------------------------+------------------------+--------------+---------------+-----------------+-------+---------------------+--------------------+---------------+-----------------+-------------+
; Pin                 ; I/O Standard ; Near Tline Length ; Near Tline L per Length ; Near Tline C per Length ; Near Series R ; Near Differential R ; Near Pull-up R ; Near Pull-down R ; Near C ; Far Tline Length ; Far Tline L per Length ; Far Tline C per Length ; Far Series R ; Far Pull-up R ; Far Pull-down R ; Far C ; Termination Voltage ; Far Differential R ; EBD File Name ; EBD Signal Name ; EBD Far-end ;
+---------------------+--------------+-------------------+-------------------------+-------------------------+---------------+---------------------+----------------+------------------+--------+------------------+------------------------+------------------------+--------------+---------------+-----------------+-------+---------------------+--------------------+---------------+-----------------+-------------+
; HEX0[0]             ; 2.5 V        ; 0 in              ; 0 H/in                  ; 0 F/in                  ; short         ; -                   ; open           ; open             ; open   ; 0 in             ; 0 H/in                 ; 0 F/in                 ; short        ; open          ; open            ; open  ; 0 V                 ; -                  ; n/a           ; n/a             ; n/a         ;
; HEX0[1]             ; 2.5 V        ; 0 in              ; 0 H/in                  ; 0 F/in                  ; short         ; -                   ; open           ; open             ; open   ; 0 in             ; 0 H/in                 ; 0 F/in                 ; short        ; open          ; open            ; open  ; 0 V                 ; -                  ; n/a           ; n/a             ; n/a         ;
; HEX0[2]             ; 2.5 V        ; 0 in              ; 0 H/in                  ; 0 F/in                  ; short         ; -                   ; open           ; open             ; open   ; 0 in             ; 0 H/in                 ; 0 F/in                 ; short        ; open          ; open            ; open  ; 0 V                 ; -                  ; n/a           ; n/a             ; n/a         ;
; HEX0[3]             ; 2.5 V        ; 0 in              ; 0 H/in                  ; 0 F/in                  ; short         ; -                   ; open           ; open             ; open   ; 0 in             ; 0 H/in                 ; 0 F/in                 ; short        ; open          ; open            ; open  ; 0 V                 ; -                  ; n/a           ; n/a             ; n/a         ;
; HEX0[4]             ; 2.5 V        ; 0 in              ; 0 H/in                  ; 0 F/in                  ; short         ; -                   ; open           ; open             ; open   ; 0 in             ; 0 H/in                 ; 0 F/in                 ; short        ; open          ; open            ; open  ; 0 V                 ; -                  ; n/a           ; n/a             ; n/a         ;
; HEX0[5]             ; 2.5 V        ; 0 in              ; 0 H/in                  ; 0 F/in                  ; short         ; -                   ; open           ; open             ; open   ; 0 in             ; 0 H/in                 ; 0 F/in                 ; short        ; open          ; open            ; open  ; 0 V                 ; -                  ; n/a           ; n/a             ; n/a         ;
; HEX0[6]             ; 2.5 V        ; 0 in              ; 0 H/in                  ; 0 F/in                  ; short         ; -                   ; open           ; open             ; open   ; 0 in             ; 0 H/in                 ; 0 F/in                 ; short        ; open          ; open            ; open  ; 0 V                 ; -                  ; n/a           ; n/a             ; n/a         ;
; HEX1[0]             ; 2.5 V        ; 0 in              ; 0 H/in                  ; 0 F/in                  ; short         ; -                   ; open           ; open             ; open   ; 0 in             ; 0 H/in                 ; 0 F/in                 ; short        ; open          ; open            ; open  ; 0 V                 ; -                  ; n/a           ; n/a             ; n/a         ;
; HEX1[1]             ; 2.5 V        ; 0 in              ; 0 H/in                  ; 0 F/in                  ; short         ; -                   ; open           ; open             ; open   ; 0 in             ; 0 H/in                 ; 0 F/in                 ; short        ; open          ; open            ; open  ; 0 V                 ; -                  ; n/a           ; n/a             ; n/a         ;
; HEX1[2]             ; 2.5 V        ; 0 in              ; 0 H/in                  ; 0 F/in                  ; short         ; -                   ; open           ; open             ; open   ; 0 in             ; 0 H/in                 ; 0 F/in                 ; short        ; open          ; open            ; open  ; 0 V                 ; -                  ; n/a           ; n/a             ; n/a         ;
; HEX1[3]             ; 2.5 V        ; 0 in              ; 0 H/in                  ; 0 F/in                  ; short         ; -                   ; open           ; open             ; open   ; 0 in             ; 0 H/in                 ; 0 F/in                 ; short        ; open          ; open            ; open  ; 0 V                 ; -                  ; n/a           ; n/a             ; n/a         ;
; HEX1[4]             ; 2.5 V        ; 0 in              ; 0 H/in                  ; 0 F/in                  ; short         ; -                   ; open           ; open             ; open   ; 0 in             ; 0 H/in                 ; 0 F/in                 ; short        ; open          ; open            ; open  ; 0 V                 ; -                  ; n/a           ; n/a             ; n/a         ;
; HEX1[5]             ; 2.5 V        ; 0 in              ; 0 H/in                  ; 0 F/in                  ; short         ; -                   ; open           ; open             ; open   ; 0 in             ; 0 H/in                 ; 0 F/in                 ; short        ; open          ; open            ; open  ; 0 V                 ; -                  ; n/a           ; n/a             ; n/a         ;
; HEX1[6]             ; 2.5 V        ; 0 in              ; 0 H/in                  ; 0 F/in                  ; short         ; -                   ; open           ; open             ; open   ; 0 in             ; 0 H/in                 ; 0 F/in                 ; short        ; open          ; open            ; open  ; 0 V                 ; -                  ; n/a           ; n/a             ; n/a         ;
; HEX2[0]             ; 2.5 V        ; 0 in              ; 0 H/in                  ; 0 F/in                  ; short         ; -                   ; open           ; open             ; open   ; 0 in             ; 0 H/in                 ; 0 F/in                 ; short        ; open          ; open            ; open  ; 0 V                 ; -                  ; n/a           ; n/a             ; n/a         ;
; HEX2[1]             ; 2.5 V        ; 0 in              ; 0 H/in                  ; 0 F/in                  ; short         ; -                   ; open           ; open             ; open   ; 0 in             ; 0 H/in                 ; 0 F/in                 ; short        ; open          ; open            ; open  ; 0 V                 ; -                  ; n/a           ; n/a             ; n/a         ;
; HEX2[2]             ; 2.5 V        ; 0 in              ; 0 H/in                  ; 0 F/in                  ; short         ; -                   ; open           ; open             ; open   ; 0 in             ; 0 H/in                 ; 0 F/in                 ; short        ; open          ; open            ; open  ; 0 V                 ; -                  ; n/a           ; n/a             ; n/a         ;
; HEX2[3]             ; 2.5 V        ; 0 in              ; 0 H/in                  ; 0 F/in                  ; short         ; -                   ; open           ; open             ; open   ; 0 in             ; 0 H/in                 ; 0 F/in                 ; short        ; open          ; open            ; open  ; 0 V                 ; -                  ; n/a           ; n/a             ; n/a         ;
; HEX2[4]             ; 2.5 V        ; 0 in              ; 0 H/in                  ; 0 F/in                  ; short         ; -                   ; open           ; open             ; open   ; 0 in             ; 0 H/in                 ; 0 F/in                 ; short        ; open          ; open            ; open  ; 0 V                 ; -                  ; n/a           ; n/a             ; n/a         ;
; HEX2[5]             ; 2.5 V        ; 0 in              ; 0 H/in                  ; 0 F/in                  ; short         ; -                   ; open           ; open             ; open   ; 0 in             ; 0 H/in                 ; 0 F/in                 ; short        ; open          ; open            ; open  ; 0 V                 ; -                  ; n/a           ; n/a             ; n/a         ;
; HEX2[6]             ; 2.5 V        ; 0 in              ; 0 H/in                  ; 0 F/in                  ; short         ; -                   ; open           ; open             ; open   ; 0 in             ; 0 H/in                 ; 0 F/in                 ; short        ; open          ; open            ; open  ; 0 V                 ; -                  ; n/a           ; n/a             ; n/a         ;
; HEX3[0]             ; 2.5 V        ; 0 in              ; 0 H/in                  ; 0 F/in                  ; short         ; -                   ; open           ; open             ; open   ; 0 in             ; 0 H/in                 ; 0 F/in                 ; short        ; open          ; open            ; open  ; 0 V                 ; -                  ; n/a           ; n/a             ; n/a         ;
; HEX3[1]             ; 2.5 V        ; 0 in              ; 0 H/in                  ; 0 F/in                  ; short         ; -                   ; open           ; open             ; open   ; 0 in             ; 0 H/in                 ; 0 F/in                 ; short        ; open          ; open            ; open  ; 0 V                 ; -                  ; n/a           ; n/a             ; n/a         ;
; HEX3[2]             ; 2.5 V        ; 0 in              ; 0 H/in                  ; 0 F/in                  ; short         ; -                   ; open           ; open             ; open   ; 0 in             ; 0 H/in                 ; 0 F/in                 ; short        ; open          ; open            ; open  ; 0 V                 ; -                  ; n/a           ; n/a             ; n/a         ;
; HEX3[3]             ; 2.5 V        ; 0 in              ; 0 H/in                  ; 0 F/in                  ; short         ; -                   ; open           ; open             ; open   ; 0 in             ; 0 H/in                 ; 0 F/in                 ; short        ; open          ; open            ; open  ; 0 V                 ; -                  ; n/a           ; n/a             ; n/a         ;
; HEX3[4]             ; 2.5 V        ; 0 in              ; 0 H/in                  ; 0 F/in                  ; short         ; -                   ; open           ; open             ; open   ; 0 in             ; 0 H/in                 ; 0 F/in                 ; short        ; open          ; open            ; open  ; 0 V                 ; -                  ; n/a           ; n/a             ; n/a         ;
; HEX3[5]             ; 2.5 V        ; 0 in              ; 0 H/in                  ; 0 F/in                  ; short         ; -                   ; open           ; open             ; open   ; 0 in             ; 0 H/in                 ; 0 F/in                 ; short        ; open          ; open            ; open  ; 0 V                 ; -                  ; n/a           ; n/a             ; n/a         ;
; HEX3[6]             ; 2.5 V        ; 0 in              ; 0 H/in                  ; 0 F/in                  ; short         ; -                   ; open           ; open             ; open   ; 0 in             ; 0 H/in                 ; 0 F/in                 ; short        ; open          ; open            ; open  ; 0 V                 ; -                  ; n/a           ; n/a             ; n/a         ;
; HEX4[0]             ; 2.5 V        ; 0 in              ; 0 H/in                  ; 0 F/in                  ; short         ; -                   ; open           ; open             ; open   ; 0 in             ; 0 H/in                 ; 0 F/in                 ; short        ; open          ; open            ; open  ; 0 V                 ; -                  ; n/a           ; n/a             ; n/a         ;
; HEX4[1]             ; 2.5 V        ; 0 in              ; 0 H/in                  ; 0 F/in                  ; short         ; -                   ; open           ; open             ; open   ; 0 in             ; 0 H/in                 ; 0 F/in                 ; short        ; open          ; open            ; open  ; 0 V                 ; -                  ; n/a           ; n/a             ; n/a         ;
; HEX4[2]             ; 2.5 V        ; 0 in              ; 0 H/in                  ; 0 F/in                  ; short         ; -                   ; open           ; open             ; open   ; 0 in             ; 0 H/in                 ; 0 F/in                 ; short        ; open          ; open            ; open  ; 0 V                 ; -                  ; n/a           ; n/a             ; n/a         ;
; HEX4[3]             ; 2.5 V        ; 0 in              ; 0 H/in                  ; 0 F/in                  ; short         ; -                   ; open           ; open             ; open   ; 0 in             ; 0 H/in                 ; 0 F/in                 ; short        ; open          ; open            ; open  ; 0 V                 ; -                  ; n/a           ; n/a             ; n/a         ;
; HEX4[4]             ; 2.5 V        ; 0 in              ; 0 H/in                  ; 0 F/in                  ; short         ; -                   ; open           ; open             ; open   ; 0 in             ; 0 H/in                 ; 0 F/in                 ; short        ; open          ; open            ; open  ; 0 V                 ; -                  ; n/a           ; n/a             ; n/a         ;
; HEX4[5]             ; 2.5 V        ; 0 in              ; 0 H/in                  ; 0 F/in                  ; short         ; -                   ; open           ; open             ; open   ; 0 in             ; 0 H/in                 ; 0 F/in                 ; short        ; open          ; open            ; open  ; 0 V                 ; -                  ; n/a           ; n/a             ; n/a         ;
; HEX4[6]             ; 2.5 V        ; 0 in              ; 0 H/in                  ; 0 F/in                  ; short         ; -                   ; open           ; open             ; open   ; 0 in             ; 0 H/in                 ; 0 F/in                 ; short        ; open          ; open            ; open  ; 0 V                 ; -                  ; n/a           ; n/a             ; n/a         ;
; HEX5[0]             ; 2.5 V        ; 0 in              ; 0 H/in                  ; 0 F/in                  ; short         ; -                   ; open           ; open             ; open   ; 0 in             ; 0 H/in                 ; 0 F/in                 ; short        ; open          ; open            ; open  ; 0 V                 ; -                  ; n/a           ; n/a             ; n/a         ;
; HEX5[1]             ; 2.5 V        ; 0 in              ; 0 H/in                  ; 0 F/in                  ; short         ; -                   ; open           ; open             ; open   ; 0 in             ; 0 H/in                 ; 0 F/in                 ; short        ; open          ; open            ; open  ; 0 V                 ; -                  ; n/a           ; n/a             ; n/a         ;
; HEX5[2]             ; 2.5 V        ; 0 in              ; 0 H/in                  ; 0 F/in                  ; short         ; -                   ; open           ; open             ; open   ; 0 in             ; 0 H/in                 ; 0 F/in                 ; short        ; open          ; open            ; open  ; 0 V                 ; -                  ; n/a           ; n/a             ; n/a         ;
; HEX5[3]             ; 2.5 V        ; 0 in              ; 0 H/in                  ; 0 F/in                  ; short         ; -                   ; open           ; open             ; open   ; 0 in             ; 0 H/in                 ; 0 F/in                 ; short        ; open          ; open            ; open  ; 0 V                 ; -                  ; n/a           ; n/a             ; n/a         ;
; HEX5[4]             ; 2.5 V        ; 0 in              ; 0 H/in                  ; 0 F/in                  ; short         ; -                   ; open           ; open             ; open   ; 0 in             ; 0 H/in                 ; 0 F/in                 ; short        ; open          ; open            ; open  ; 0 V                 ; -                  ; n/a           ; n/a             ; n/a         ;
; HEX5[5]             ; 2.5 V        ; 0 in              ; 0 H/in                  ; 0 F/in                  ; short         ; -                   ; open           ; open             ; open   ; 0 in             ; 0 H/in                 ; 0 F/in                 ; short        ; open          ; open            ; open  ; 0 V                 ; -                  ; n/a           ; n/a             ; n/a         ;
; HEX5[6]             ; 2.5 V        ; 0 in              ; 0 H/in                  ; 0 F/in                  ; short         ; -                   ; open           ; open             ; open   ; 0 in             ; 0 H/in                 ; 0 F/in                 ; short        ; open          ; open            ; open  ; 0 V                 ; -                  ; n/a           ; n/a             ; n/a         ;
; altera_reserved_tdo ; 2.5 V        ; 0 in              ; 0 H/in                  ; 0 F/in                  ; short         ; -                   ; open           ; open             ; open   ; 0 in             ; 0 H/in                 ; 0 F/in                 ; short        ; open          ; open            ; open  ; 0 V                 ; -                  ; n/a           ; n/a             ; n/a         ;
+---------------------+--------------+-------------------+-------------------------+-------------------------+---------------+---------------------+----------------+------------------+--------+------------------+------------------------+------------------------+--------------+---------------+-----------------+-------+---------------------+--------------------+---------------+-----------------+-------------+


+------------------------------------------------------------------------+
; Input Transition Times                                                 ;
+---------------------+--------------+-----------------+-----------------+
; Pin                 ; I/O Standard ; 10-90 Rise Time ; 90-10 Fall Time ;
+---------------------+--------------+-----------------+-----------------+
; CLOCK_50            ; 2.5 V        ; 2000 ps         ; 2000 ps         ;
; RESET_N             ; 2.5 V        ; 2000 ps         ; 2000 ps         ;
; altera_reserved_tms ; 2.5 V        ; 2000 ps         ; 2000 ps         ;
; altera_reserved_tck ; 2.5 V        ; 2000 ps         ; 2000 ps         ;
; altera_reserved_tdi ; 2.5 V        ; 2000 ps         ; 2000 ps         ;
+---------------------+--------------+-----------------+-----------------+


+--------------------------------------------------------------------------------------------------------------------------------------------------------------------------------------------------------------------------------------------------------------------------------------------------------------------------------------------------------------------------------------------------------------------------------------------------------------------------------------------------------------------------------------------------------------------------------------------------------------------------------------------------------------------------------------------------+
; Signal Integrity Metrics (Slow 1100mv 0c Model)                                                                                                                                                                                                                                                                                                                                                                                                                                                                                                                                                                                                                                                  ;
+---------------------+--------------+---------------------+---------------------+------------------------------+------------------------------+---------------------+---------------------+--------------------------------------+--------------------------------------+-----------------------------+-----------------------------+----------------------------+----------------------------+-----------------------------+-----------------------------+--------------------+--------------------+-------------------------------------+-------------------------------------+----------------------------+----------------------------+---------------------------+---------------------------+
; Pin                 ; I/O Standard ; Board Delay on Rise ; Board Delay on Fall ; Steady State Voh at FPGA Pin ; Steady State Vol at FPGA Pin ; Voh Max at FPGA Pin ; Vol Min at FPGA Pin ; Ringback Voltage on Rise at FPGA Pin ; Ringback Voltage on Fall at FPGA Pin ; 10-90 Rise Time at FPGA Pin ; 90-10 Fall Time at FPGA Pin ; Monotonic Rise at FPGA Pin ; Monotonic Fall at FPGA Pin ; Steady State Voh at Far-end ; Steady State Vol at Far-end ; Voh Max at Far-end ; Vol Min at Far-end ; Ringback Voltage on Rise at Far-end ; Ringback Voltage on Fall at Far-end ; 10-90 Rise Time at Far-end ; 90-10 Fall Time at Far-end ; Monotonic Rise at Far-end ; Monotonic Fall at Far-end ;
+---------------------+--------------+---------------------+---------------------+------------------------------+------------------------------+---------------------+---------------------+--------------------------------------+--------------------------------------+-----------------------------+-----------------------------+----------------------------+----------------------------+-----------------------------+-----------------------------+--------------------+--------------------+-------------------------------------+-------------------------------------+----------------------------+----------------------------+---------------------------+---------------------------+
; HEX0[0]             ; 2.5 V        ; 0 s                 ; 0 s                 ; 2.32 V                       ; 3.52e-07 V                   ; 2.42 V              ; -0.0568 V           ; 0.173 V                              ; 0.113 V                              ; 4.5e-10 s                   ; 4.35e-10 s                  ; No                         ; No                         ; 2.32 V                      ; 3.52e-07 V                  ; 2.42 V             ; -0.0568 V          ; 0.173 V                             ; 0.113 V                             ; 4.5e-10 s                  ; 4.35e-10 s                 ; No                        ; No                        ;
; HEX0[1]             ; 2.5 V        ; 0 s                 ; 0 s                 ; 2.32 V                       ; 3.52e-07 V                   ; 2.42 V              ; -0.0568 V           ; 0.173 V                              ; 0.113 V                              ; 4.5e-10 s                   ; 4.35e-10 s                  ; No                         ; No                         ; 2.32 V                      ; 3.52e-07 V                  ; 2.42 V             ; -0.0568 V          ; 0.173 V                             ; 0.113 V                             ; 4.5e-10 s                  ; 4.35e-10 s                 ; No                        ; No                        ;
; HEX0[2]             ; 2.5 V        ; 0 s                 ; 0 s                 ; 2.32 V                       ; 3.52e-07 V                   ; 2.42 V              ; -0.0557 V           ; 0.175 V                              ; 0.114 V                              ; 4.5e-10 s                   ; 4.35e-10 s                  ; No                         ; No                         ; 2.32 V                      ; 3.52e-07 V                  ; 2.42 V             ; -0.0557 V          ; 0.175 V                             ; 0.114 V                             ; 4.5e-10 s                  ; 4.35e-10 s                 ; No                        ; No                        ;
; HEX0[3]             ; 2.5 V        ; 0 s                 ; 0 s                 ; 2.32 V                       ; 3.52e-07 V                   ; 2.42 V              ; -0.0568 V           ; 0.173 V                              ; 0.113 V                              ; 4.5e-10 s                   ; 4.35e-10 s                  ; No                         ; No                         ; 2.32 V                      ; 3.52e-07 V                  ; 2.42 V             ; -0.0568 V          ; 0.173 V                             ; 0.113 V                             ; 4.5e-10 s                  ; 4.35e-10 s                 ; No                        ; No                        ;
; HEX0[4]             ; 2.5 V        ; 0 s                 ; 0 s                 ; 2.32 V                       ; 3.52e-07 V                   ; 2.42 V              ; -0.0557 V           ; 0.175 V                              ; 0.114 V                              ; 4.5e-10 s                   ; 4.35e-10 s                  ; No                         ; No                         ; 2.32 V                      ; 3.52e-07 V                  ; 2.42 V             ; -0.0557 V          ; 0.175 V                             ; 0.114 V                             ; 4.5e-10 s                  ; 4.35e-10 s                 ; No                        ; No                        ;
; HEX0[5]             ; 2.5 V        ; 0 s                 ; 0 s                 ; 2.32 V                       ; 3.52e-07 V                   ; 2.42 V              ; -0.0568 V           ; 0.173 V                              ; 0.113 V                              ; 4.5e-10 s                   ; 4.35e-10 s                  ; No                         ; No                         ; 2.32 V                      ; 3.52e-07 V                  ; 2.42 V             ; -0.0568 V          ; 0.173 V                             ; 0.113 V                             ; 4.5e-10 s                  ; 4.35e-10 s                 ; No                        ; No                        ;
; HEX0[6]             ; 2.5 V        ; 0 s                 ; 0 s                 ; 2.32 V                       ; 3.52e-07 V                   ; 2.42 V              ; -0.0557 V           ; 0.175 V                              ; 0.114 V                              ; 4.5e-10 s                   ; 4.35e-10 s                  ; No                         ; No                         ; 2.32 V                      ; 3.52e-07 V                  ; 2.42 V             ; -0.0557 V          ; 0.175 V                             ; 0.114 V                             ; 4.5e-10 s                  ; 4.35e-10 s                 ; No                        ; No                        ;
; HEX1[0]             ; 2.5 V        ; 0 s                 ; 0 s                 ; 2.32 V                       ; 3.52e-07 V                   ; 2.42 V              ; -0.0568 V           ; 0.173 V                              ; 0.113 V                              ; 4.5e-10 s                   ; 4.35e-10 s                  ; No                         ; No                         ; 2.32 V                      ; 3.52e-07 V                  ; 2.42 V             ; -0.0568 V          ; 0.173 V                             ; 0.113 V                             ; 4.5e-10 s                  ; 4.35e-10 s                 ; No                        ; No                        ;
; HEX1[1]             ; 2.5 V        ; 0 s                 ; 0 s                 ; 2.32 V                       ; 3.52e-07 V                   ; 2.42 V              ; -0.0557 V           ; 0.175 V                              ; 0.114 V                              ; 4.5e-10 s                   ; 4.35e-10 s                  ; No                         ; No                         ; 2.32 V                      ; 3.52e-07 V                  ; 2.42 V             ; -0.0557 V          ; 0.175 V                             ; 0.114 V                             ; 4.5e-10 s                  ; 4.35e-10 s                 ; No                        ; No                        ;
; HEX1[2]             ; 2.5 V        ; 0 s                 ; 0 s                 ; 2.32 V                       ; 3.52e-07 V                   ; 2.42 V              ; -0.0568 V           ; 0.173 V                              ; 0.113 V                              ; 4.5e-10 s                   ; 4.35e-10 s                  ; No                         ; No                         ; 2.32 V                      ; 3.52e-07 V                  ; 2.42 V             ; -0.0568 V          ; 0.173 V                             ; 0.113 V                             ; 4.5e-10 s                  ; 4.35e-10 s                 ; No                        ; No                        ;
; HEX1[3]             ; 2.5 V        ; 0 s                 ; 0 s                 ; 2.32 V                       ; 3.52e-07 V                   ; 2.42 V              ; -0.0557 V           ; 0.175 V                              ; 0.114 V                              ; 4.5e-10 s                   ; 4.35e-10 s                  ; No                         ; No                         ; 2.32 V                      ; 3.52e-07 V                  ; 2.42 V             ; -0.0557 V          ; 0.175 V                             ; 0.114 V                             ; 4.5e-10 s                  ; 4.35e-10 s                 ; No                        ; No                        ;
; HEX1[4]             ; 2.5 V        ; 0 s                 ; 0 s                 ; 2.32 V                       ; 3.52e-07 V                   ; 2.42 V              ; -0.0568 V           ; 0.173 V                              ; 0.113 V                              ; 4.5e-10 s                   ; 4.35e-10 s                  ; No                         ; No                         ; 2.32 V                      ; 3.52e-07 V                  ; 2.42 V             ; -0.0568 V          ; 0.173 V                             ; 0.113 V                             ; 4.5e-10 s                  ; 4.35e-10 s                 ; No                        ; No                        ;
; HEX1[5]             ; 2.5 V        ; 0 s                 ; 0 s                 ; 2.32 V                       ; 3.52e-07 V                   ; 2.42 V              ; -0.0557 V           ; 0.175 V                              ; 0.114 V                              ; 4.5e-10 s                   ; 4.35e-10 s                  ; No                         ; No                         ; 2.32 V                      ; 3.52e-07 V                  ; 2.42 V             ; -0.0557 V          ; 0.175 V                             ; 0.114 V                             ; 4.5e-10 s                  ; 4.35e-10 s                 ; No                        ; No                        ;
; HEX1[6]             ; 2.5 V        ; 0 s                 ; 0 s                 ; 2.32 V                       ; 3.52e-07 V                   ; 2.42 V              ; -0.0557 V           ; 0.175 V                              ; 0.114 V                              ; 4.5e-10 s                   ; 4.35e-10 s                  ; No                         ; No                         ; 2.32 V                      ; 3.52e-07 V                  ; 2.42 V             ; -0.0557 V          ; 0.175 V                             ; 0.114 V                             ; 4.5e-10 s                  ; 4.35e-10 s                 ; No                        ; No                        ;
; HEX2[0]             ; 2.5 V        ; 0 s                 ; 0 s                 ; 2.32 V                       ; 3.07e-07 V                   ; 2.36 V              ; -0.0231 V           ; 0.14 V                               ; 0.089 V                              ; 4.52e-10 s                  ; 4.35e-10 s                  ; No                         ; Yes                        ; 2.32 V                      ; 3.07e-07 V                  ; 2.36 V             ; -0.0231 V          ; 0.14 V                              ; 0.089 V                             ; 4.52e-10 s                 ; 4.35e-10 s                 ; No                        ; Yes                       ;
; HEX2[1]             ; 2.5 V        ; 0 s                 ; 0 s                 ; 2.32 V                       ; 3.52e-07 V                   ; 2.42 V              ; -0.0568 V           ; 0.173 V                              ; 0.113 V                              ; 4.5e-10 s                   ; 4.35e-10 s                  ; No                         ; No                         ; 2.32 V                      ; 3.52e-07 V                  ; 2.42 V             ; -0.0568 V          ; 0.173 V                             ; 0.113 V                             ; 4.5e-10 s                  ; 4.35e-10 s                 ; No                        ; No                        ;
; HEX2[2]             ; 2.5 V        ; 0 s                 ; 0 s                 ; 2.32 V                       ; 3.52e-07 V                   ; 2.42 V              ; -0.0557 V           ; 0.175 V                              ; 0.114 V                              ; 4.5e-10 s                   ; 4.35e-10 s                  ; No                         ; No                         ; 2.32 V                      ; 3.52e-07 V                  ; 2.42 V             ; -0.0557 V          ; 0.175 V                             ; 0.114 V                             ; 4.5e-10 s                  ; 4.35e-10 s                 ; No                        ; No                        ;
; HEX2[3]             ; 2.5 V        ; 0 s                 ; 0 s                 ; 2.32 V                       ; 3.52e-07 V                   ; 2.42 V              ; -0.0568 V           ; 0.173 V                              ; 0.113 V                              ; 4.5e-10 s                   ; 4.35e-10 s                  ; No                         ; No                         ; 2.32 V                      ; 3.52e-07 V                  ; 2.42 V             ; -0.0568 V          ; 0.173 V                             ; 0.113 V                             ; 4.5e-10 s                  ; 4.35e-10 s                 ; No                        ; No                        ;
; HEX2[4]             ; 2.5 V        ; 0 s                 ; 0 s                 ; 2.32 V                       ; 3.52e-07 V                   ; 2.42 V              ; -0.0568 V           ; 0.173 V                              ; 0.113 V                              ; 4.5e-10 s                   ; 4.35e-10 s                  ; No                         ; No                         ; 2.32 V                      ; 3.52e-07 V                  ; 2.42 V             ; -0.0568 V          ; 0.173 V                             ; 0.113 V                             ; 4.5e-10 s                  ; 4.35e-10 s                 ; No                        ; No                        ;
; HEX2[5]             ; 2.5 V        ; 0 s                 ; 0 s                 ; 2.32 V                       ; 3.52e-07 V                   ; 2.42 V              ; -0.0557 V           ; 0.175 V                              ; 0.114 V                              ; 4.5e-10 s                   ; 4.35e-10 s                  ; No                         ; No                         ; 2.32 V                      ; 3.52e-07 V                  ; 2.42 V             ; -0.0557 V          ; 0.175 V                             ; 0.114 V                             ; 4.5e-10 s                  ; 4.35e-10 s                 ; No                        ; No                        ;
; HEX2[6]             ; 2.5 V        ; 0 s                 ; 0 s                 ; 2.32 V                       ; 3.52e-07 V                   ; 2.42 V              ; -0.0557 V           ; 0.175 V                              ; 0.114 V                              ; 4.5e-10 s                   ; 4.35e-10 s                  ; No                         ; No                         ; 2.32 V                      ; 3.52e-07 V                  ; 2.42 V             ; -0.0557 V          ; 0.175 V                             ; 0.114 V                             ; 4.5e-10 s                  ; 4.35e-10 s                 ; No                        ; No                        ;
; HEX3[0]             ; 2.5 V        ; 0 s                 ; 0 s                 ; 2.32 V                       ; 3.6e-07 V                    ; 2.41 V              ; -0.0463 V           ; 0.201 V                              ; 0.131 V                              ; 4.61e-10 s                  ; 4.53e-10 s                  ; No                         ; Yes                        ; 2.32 V                      ; 3.6e-07 V                   ; 2.41 V             ; -0.0463 V          ; 0.201 V                             ; 0.131 V                             ; 4.61e-10 s                 ; 4.53e-10 s                 ; No                        ; Yes                       ;
; HEX3[1]             ; 2.5 V        ; 0 s                 ; 0 s                 ; 2.32 V                       ; 3.07e-07 V                   ; 2.36 V              ; -0.0231 V           ; 0.14 V                               ; 0.089 V                              ; 4.52e-10 s                  ; 4.35e-10 s                  ; No                         ; Yes                        ; 2.32 V                      ; 3.07e-07 V                  ; 2.36 V             ; -0.0231 V          ; 0.14 V                              ; 0.089 V                             ; 4.52e-10 s                 ; 4.35e-10 s                 ; No                        ; Yes                       ;
; HEX3[2]             ; 2.5 V        ; 0 s                 ; 0 s                 ; 2.32 V                       ; 3.6e-07 V                    ; 2.41 V              ; -0.0463 V           ; 0.201 V                              ; 0.131 V                              ; 4.61e-10 s                  ; 4.53e-10 s                  ; No                         ; Yes                        ; 2.32 V                      ; 3.6e-07 V                   ; 2.41 V             ; -0.0463 V          ; 0.201 V                             ; 0.131 V                             ; 4.61e-10 s                 ; 4.53e-10 s                 ; No                        ; Yes                       ;
; HEX3[3]             ; 2.5 V        ; 0 s                 ; 0 s                 ; 2.32 V                       ; 3.07e-07 V                   ; 2.36 V              ; -0.0231 V           ; 0.14 V                               ; 0.089 V                              ; 4.52e-10 s                  ; 4.35e-10 s                  ; No                         ; Yes                        ; 2.32 V                      ; 3.07e-07 V                  ; 2.36 V             ; -0.0231 V          ; 0.14 V                              ; 0.089 V                             ; 4.52e-10 s                 ; 4.35e-10 s                 ; No                        ; Yes                       ;
; HEX3[4]             ; 2.5 V        ; 0 s                 ; 0 s                 ; 2.32 V                       ; 3.52e-07 V                   ; 2.42 V              ; -0.0568 V           ; 0.173 V                              ; 0.113 V                              ; 4.5e-10 s                   ; 4.35e-10 s                  ; No                         ; No                         ; 2.32 V                      ; 3.52e-07 V                  ; 2.42 V             ; -0.0568 V          ; 0.173 V                             ; 0.113 V                             ; 4.5e-10 s                  ; 4.35e-10 s                 ; No                        ; No                        ;
; HEX3[5]             ; 2.5 V        ; 0 s                 ; 0 s                 ; 2.32 V                       ; 3.07e-07 V                   ; 2.36 V              ; -0.0231 V           ; 0.14 V                               ; 0.089 V                              ; 4.52e-10 s                  ; 4.35e-10 s                  ; No                         ; Yes                        ; 2.32 V                      ; 3.07e-07 V                  ; 2.36 V             ; -0.0231 V          ; 0.14 V                              ; 0.089 V                             ; 4.52e-10 s                 ; 4.35e-10 s                 ; No                        ; Yes                       ;
; HEX3[6]             ; 2.5 V        ; 0 s                 ; 0 s                 ; 2.32 V                       ; 3.6e-07 V                    ; 2.41 V              ; -0.0463 V           ; 0.201 V                              ; 0.131 V                              ; 4.61e-10 s                  ; 4.53e-10 s                  ; No                         ; Yes                        ; 2.32 V                      ; 3.6e-07 V                   ; 2.41 V             ; -0.0463 V          ; 0.201 V                             ; 0.131 V                             ; 4.61e-10 s                 ; 4.53e-10 s                 ; No                        ; Yes                       ;
; HEX4[0]             ; 2.5 V        ; 0 s                 ; 0 s                 ; 2.32 V                       ; 3.6e-07 V                    ; 2.41 V              ; -0.0463 V           ; 0.201 V                              ; 0.131 V                              ; 4.61e-10 s                  ; 4.53e-10 s                  ; No                         ; Yes                        ; 2.32 V                      ; 3.6e-07 V                   ; 2.41 V             ; -0.0463 V          ; 0.201 V                             ; 0.131 V                             ; 4.61e-10 s                 ; 4.53e-10 s                 ; No                        ; Yes                       ;
; HEX4[1]             ; 2.5 V        ; 0 s                 ; 0 s                 ; 2.32 V                       ; 3.6e-07 V                    ; 2.41 V              ; -0.0463 V           ; 0.201 V                              ; 0.131 V                              ; 4.61e-10 s                  ; 4.53e-10 s                  ; No                         ; Yes                        ; 2.32 V                      ; 3.6e-07 V                   ; 2.41 V             ; -0.0463 V          ; 0.201 V                             ; 0.131 V                             ; 4.61e-10 s                 ; 4.53e-10 s                 ; No                        ; Yes                       ;
; HEX4[2]             ; 2.5 V        ; 0 s                 ; 0 s                 ; 2.32 V                       ; 3.07e-07 V                   ; 2.36 V              ; -0.0231 V           ; 0.14 V                               ; 0.089 V                              ; 4.52e-10 s                  ; 4.35e-10 s                  ; No                         ; Yes                        ; 2.32 V                      ; 3.07e-07 V                  ; 2.36 V             ; -0.0231 V          ; 0.14 V                              ; 0.089 V                             ; 4.52e-10 s                 ; 4.35e-10 s                 ; No                        ; Yes                       ;
; HEX4[3]             ; 2.5 V        ; 0 s                 ; 0 s                 ; 2.32 V                       ; 3.07e-07 V                   ; 2.36 V              ; -0.0231 V           ; 0.14 V                               ; 0.089 V                              ; 4.52e-10 s                  ; 4.35e-10 s                  ; No                         ; Yes                        ; 2.32 V                      ; 3.07e-07 V                  ; 2.36 V             ; -0.0231 V          ; 0.14 V                              ; 0.089 V                             ; 4.52e-10 s                 ; 4.35e-10 s                 ; No                        ; Yes                       ;
; HEX4[4]             ; 2.5 V        ; 0 s                 ; 0 s                 ; 2.32 V                       ; 3.07e-07 V                   ; 2.36 V              ; -0.0231 V           ; 0.14 V                               ; 0.089 V                              ; 4.52e-10 s                  ; 4.35e-10 s                  ; No                         ; Yes                        ; 2.32 V                      ; 3.07e-07 V                  ; 2.36 V             ; -0.0231 V          ; 0.14 V                              ; 0.089 V                             ; 4.52e-10 s                 ; 4.35e-10 s                 ; No                        ; Yes                       ;
; HEX4[5]             ; 2.5 V        ; 0 s                 ; 0 s                 ; 2.32 V                       ; 3.6e-07 V                    ; 2.41 V              ; -0.0463 V           ; 0.201 V                              ; 0.131 V                              ; 4.61e-10 s                  ; 4.53e-10 s                  ; No                         ; Yes                        ; 2.32 V                      ; 3.6e-07 V                   ; 2.41 V             ; -0.0463 V          ; 0.201 V                             ; 0.131 V                             ; 4.61e-10 s                 ; 4.53e-10 s                 ; No                        ; Yes                       ;
; HEX4[6]             ; 2.5 V        ; 0 s                 ; 0 s                 ; 2.32 V                       ; 3.6e-07 V                    ; 2.41 V              ; -0.0463 V           ; 0.201 V                              ; 0.131 V                              ; 4.61e-10 s                  ; 4.53e-10 s                  ; No                         ; Yes                        ; 2.32 V                      ; 3.6e-07 V                   ; 2.41 V             ; -0.0463 V          ; 0.201 V                             ; 0.131 V                             ; 4.61e-10 s                 ; 4.53e-10 s                 ; No                        ; Yes                       ;
; HEX5[0]             ; 2.5 V        ; 0 s                 ; 0 s                 ; 2.32 V                       ; 3.07e-07 V                   ; 2.36 V              ; -0.0231 V           ; 0.14 V                               ; 0.089 V                              ; 4.52e-10 s                  ; 4.35e-10 s                  ; No                         ; Yes                        ; 2.32 V                      ; 3.07e-07 V                  ; 2.36 V             ; -0.0231 V          ; 0.14 V                              ; 0.089 V                             ; 4.52e-10 s                 ; 4.35e-10 s                 ; No                        ; Yes                       ;
; HEX5[1]             ; 2.5 V        ; 0 s                 ; 0 s                 ; 2.32 V                       ; 3.52e-07 V                   ; 2.42 V              ; -0.0557 V           ; 0.175 V                              ; 0.114 V                              ; 4.5e-10 s                   ; 4.35e-10 s                  ; No                         ; No                         ; 2.32 V                      ; 3.52e-07 V                  ; 2.42 V             ; -0.0557 V          ; 0.175 V                             ; 0.114 V                             ; 4.5e-10 s                  ; 4.35e-10 s                 ; No                        ; No                        ;
; HEX5[2]             ; 2.5 V        ; 0 s                 ; 0 s                 ; 2.32 V                       ; 3.07e-07 V                   ; 2.36 V              ; -0.0231 V           ; 0.14 V                               ; 0.089 V                              ; 4.52e-10 s                  ; 4.35e-10 s                  ; No                         ; Yes                        ; 2.32 V                      ; 3.07e-07 V                  ; 2.36 V             ; -0.0231 V          ; 0.14 V                              ; 0.089 V                             ; 4.52e-10 s                 ; 4.35e-10 s                 ; No                        ; Yes                       ;
; HEX5[3]             ; 2.5 V        ; 0 s                 ; 0 s                 ; 2.32 V                       ; 3.07e-07 V                   ; 2.36 V              ; -0.0231 V           ; 0.14 V                               ; 0.089 V                              ; 4.52e-10 s                  ; 4.35e-10 s                  ; No                         ; Yes                        ; 2.32 V                      ; 3.07e-07 V                  ; 2.36 V             ; -0.0231 V          ; 0.14 V                              ; 0.089 V                             ; 4.52e-10 s                 ; 4.35e-10 s                 ; No                        ; Yes                       ;
; HEX5[4]             ; 2.5 V        ; 0 s                 ; 0 s                 ; 2.32 V                       ; 3.52e-07 V                   ; 2.42 V              ; -0.0557 V           ; 0.175 V                              ; 0.114 V                              ; 4.5e-10 s                   ; 4.35e-10 s                  ; No                         ; No                         ; 2.32 V                      ; 3.52e-07 V                  ; 2.42 V             ; -0.0557 V          ; 0.175 V                             ; 0.114 V                             ; 4.5e-10 s                  ; 4.35e-10 s                 ; No                        ; No                        ;
; HEX5[5]             ; 2.5 V        ; 0 s                 ; 0 s                 ; 2.32 V                       ; 3.6e-07 V                    ; 2.41 V              ; -0.0463 V           ; 0.201 V                              ; 0.131 V                              ; 4.61e-10 s                  ; 4.53e-10 s                  ; No                         ; Yes                        ; 2.32 V                      ; 3.6e-07 V                   ; 2.41 V             ; -0.0463 V          ; 0.201 V                             ; 0.131 V                             ; 4.61e-10 s                 ; 4.53e-10 s                 ; No                        ; Yes                       ;
; HEX5[6]             ; 2.5 V        ; 0 s                 ; 0 s                 ; 2.32 V                       ; 3.52e-07 V                   ; 2.42 V              ; -0.0568 V           ; 0.173 V                              ; 0.113 V                              ; 4.5e-10 s                   ; 4.35e-10 s                  ; No                         ; No                         ; 2.32 V                      ; 3.52e-07 V                  ; 2.42 V             ; -0.0568 V          ; 0.173 V                             ; 0.113 V                             ; 4.5e-10 s                  ; 4.35e-10 s                 ; No                        ; No                        ;
; altera_reserved_tdo ; 2.5 V        ; 0 s                 ; 0 s                 ; 2.32 V                       ; 3.2e-07 V                    ; 2.41 V              ; -0.0651 V           ; 0.154 V                              ; 0.111 V                              ; 4.52e-10 s                  ; 4.28e-10 s                  ; No                         ; No                         ; 2.32 V                      ; 3.2e-07 V                   ; 2.41 V             ; -0.0651 V          ; 0.154 V                             ; 0.111 V                             ; 4.52e-10 s                 ; 4.28e-10 s                 ; No                        ; No                        ;
+---------------------+--------------+---------------------+---------------------+------------------------------+------------------------------+---------------------+---------------------+--------------------------------------+--------------------------------------+-----------------------------+-----------------------------+----------------------------+----------------------------+-----------------------------+-----------------------------+--------------------+--------------------+-------------------------------------+-------------------------------------+----------------------------+----------------------------+---------------------------+---------------------------+


+--------------------------------------------------------------------------------------------------------------------------------------------------------------------------------------------------------------------------------------------------------------------------------------------------------------------------------------------------------------------------------------------------------------------------------------------------------------------------------------------------------------------------------------------------------------------------------------------------------------------------------------------------------------------------------------------------+
; Signal Integrity Metrics (Slow 1100mv 85c Model)                                                                                                                                                                                                                                                                                                                                                                                                                                                                                                                                                                                                                                                 ;
+---------------------+--------------+---------------------+---------------------+------------------------------+------------------------------+---------------------+---------------------+--------------------------------------+--------------------------------------+-----------------------------+-----------------------------+----------------------------+----------------------------+-----------------------------+-----------------------------+--------------------+--------------------+-------------------------------------+-------------------------------------+----------------------------+----------------------------+---------------------------+---------------------------+
; Pin                 ; I/O Standard ; Board Delay on Rise ; Board Delay on Fall ; Steady State Voh at FPGA Pin ; Steady State Vol at FPGA Pin ; Voh Max at FPGA Pin ; Vol Min at FPGA Pin ; Ringback Voltage on Rise at FPGA Pin ; Ringback Voltage on Fall at FPGA Pin ; 10-90 Rise Time at FPGA Pin ; 90-10 Fall Time at FPGA Pin ; Monotonic Rise at FPGA Pin ; Monotonic Fall at FPGA Pin ; Steady State Voh at Far-end ; Steady State Vol at Far-end ; Voh Max at Far-end ; Vol Min at Far-end ; Ringback Voltage on Rise at Far-end ; Ringback Voltage on Fall at Far-end ; 10-90 Rise Time at Far-end ; 90-10 Fall Time at Far-end ; Monotonic Rise at Far-end ; Monotonic Fall at Far-end ;
+---------------------+--------------+---------------------+---------------------+------------------------------+------------------------------+---------------------+---------------------+--------------------------------------+--------------------------------------+-----------------------------+-----------------------------+----------------------------+----------------------------+-----------------------------+-----------------------------+--------------------+--------------------+-------------------------------------+-------------------------------------+----------------------------+----------------------------+---------------------------+---------------------------+
; HEX0[0]             ; 2.5 V        ; 0 s                 ; 0 s                 ; 2.32 V                       ; 3.88e-05 V                   ; 2.39 V              ; -0.0374 V           ; 0.189 V                              ; 0.158 V                              ; 4.66e-10 s                  ; 4.67e-10 s                  ; No                         ; Yes                        ; 2.32 V                      ; 3.88e-05 V                  ; 2.39 V             ; -0.0374 V          ; 0.189 V                             ; 0.158 V                             ; 4.66e-10 s                 ; 4.67e-10 s                 ; No                        ; Yes                       ;
; HEX0[1]             ; 2.5 V        ; 0 s                 ; 0 s                 ; 2.32 V                       ; 3.88e-05 V                   ; 2.39 V              ; -0.0374 V           ; 0.189 V                              ; 0.158 V                              ; 4.66e-10 s                  ; 4.67e-10 s                  ; No                         ; Yes                        ; 2.32 V                      ; 3.88e-05 V                  ; 2.39 V             ; -0.0374 V          ; 0.189 V                             ; 0.158 V                             ; 4.66e-10 s                 ; 4.67e-10 s                 ; No                        ; Yes                       ;
; HEX0[2]             ; 2.5 V        ; 0 s                 ; 0 s                 ; 2.32 V                       ; 3.88e-05 V                   ; 2.39 V              ; -0.037 V            ; 0.188 V                              ; 0.158 V                              ; 4.67e-10 s                  ; 4.67e-10 s                  ; No                         ; Yes                        ; 2.32 V                      ; 3.88e-05 V                  ; 2.39 V             ; -0.037 V           ; 0.188 V                             ; 0.158 V                             ; 4.67e-10 s                 ; 4.67e-10 s                 ; No                        ; Yes                       ;
; HEX0[3]             ; 2.5 V        ; 0 s                 ; 0 s                 ; 2.32 V                       ; 3.88e-05 V                   ; 2.39 V              ; -0.0374 V           ; 0.189 V                              ; 0.158 V                              ; 4.66e-10 s                  ; 4.67e-10 s                  ; No                         ; Yes                        ; 2.32 V                      ; 3.88e-05 V                  ; 2.39 V             ; -0.0374 V          ; 0.189 V                             ; 0.158 V                             ; 4.66e-10 s                 ; 4.67e-10 s                 ; No                        ; Yes                       ;
; HEX0[4]             ; 2.5 V        ; 0 s                 ; 0 s                 ; 2.32 V                       ; 3.88e-05 V                   ; 2.39 V              ; -0.037 V            ; 0.188 V                              ; 0.158 V                              ; 4.67e-10 s                  ; 4.67e-10 s                  ; No                         ; Yes                        ; 2.32 V                      ; 3.88e-05 V                  ; 2.39 V             ; -0.037 V           ; 0.188 V                             ; 0.158 V                             ; 4.67e-10 s                 ; 4.67e-10 s                 ; No                        ; Yes                       ;
; HEX0[5]             ; 2.5 V        ; 0 s                 ; 0 s                 ; 2.32 V                       ; 3.88e-05 V                   ; 2.39 V              ; -0.0374 V           ; 0.189 V                              ; 0.158 V                              ; 4.66e-10 s                  ; 4.67e-10 s                  ; No                         ; Yes                        ; 2.32 V                      ; 3.88e-05 V                  ; 2.39 V             ; -0.0374 V          ; 0.189 V                             ; 0.158 V                             ; 4.66e-10 s                 ; 4.67e-10 s                 ; No                        ; Yes                       ;
; HEX0[6]             ; 2.5 V        ; 0 s                 ; 0 s                 ; 2.32 V                       ; 3.88e-05 V                   ; 2.39 V              ; -0.037 V            ; 0.188 V                              ; 0.158 V                              ; 4.67e-10 s                  ; 4.67e-10 s                  ; No                         ; Yes                        ; 2.32 V                      ; 3.88e-05 V                  ; 2.39 V             ; -0.037 V           ; 0.188 V                             ; 0.158 V                             ; 4.67e-10 s                 ; 4.67e-10 s                 ; No                        ; Yes                       ;
; HEX1[0]             ; 2.5 V        ; 0 s                 ; 0 s                 ; 2.32 V                       ; 3.88e-05 V                   ; 2.39 V              ; -0.0374 V           ; 0.189 V                              ; 0.158 V                              ; 4.66e-10 s                  ; 4.67e-10 s                  ; No                         ; Yes                        ; 2.32 V                      ; 3.88e-05 V                  ; 2.39 V             ; -0.0374 V          ; 0.189 V                             ; 0.158 V                             ; 4.66e-10 s                 ; 4.67e-10 s                 ; No                        ; Yes                       ;
; HEX1[1]             ; 2.5 V        ; 0 s                 ; 0 s                 ; 2.32 V                       ; 3.88e-05 V                   ; 2.39 V              ; -0.037 V            ; 0.188 V                              ; 0.158 V                              ; 4.67e-10 s                  ; 4.67e-10 s                  ; No                         ; Yes                        ; 2.32 V                      ; 3.88e-05 V                  ; 2.39 V             ; -0.037 V           ; 0.188 V                             ; 0.158 V                             ; 4.67e-10 s                 ; 4.67e-10 s                 ; No                        ; Yes                       ;
; HEX1[2]             ; 2.5 V        ; 0 s                 ; 0 s                 ; 2.32 V                       ; 3.88e-05 V                   ; 2.39 V              ; -0.0374 V           ; 0.189 V                              ; 0.158 V                              ; 4.66e-10 s                  ; 4.67e-10 s                  ; No                         ; Yes                        ; 2.32 V                      ; 3.88e-05 V                  ; 2.39 V             ; -0.0374 V          ; 0.189 V                             ; 0.158 V                             ; 4.66e-10 s                 ; 4.67e-10 s                 ; No                        ; Yes                       ;
; HEX1[3]             ; 2.5 V        ; 0 s                 ; 0 s                 ; 2.32 V                       ; 3.88e-05 V                   ; 2.39 V              ; -0.037 V            ; 0.188 V                              ; 0.158 V                              ; 4.67e-10 s                  ; 4.67e-10 s                  ; No                         ; Yes                        ; 2.32 V                      ; 3.88e-05 V                  ; 2.39 V             ; -0.037 V           ; 0.188 V                             ; 0.158 V                             ; 4.67e-10 s                 ; 4.67e-10 s                 ; No                        ; Yes                       ;
; HEX1[4]             ; 2.5 V        ; 0 s                 ; 0 s                 ; 2.32 V                       ; 3.88e-05 V                   ; 2.39 V              ; -0.0374 V           ; 0.189 V                              ; 0.158 V                              ; 4.66e-10 s                  ; 4.67e-10 s                  ; No                         ; Yes                        ; 2.32 V                      ; 3.88e-05 V                  ; 2.39 V             ; -0.0374 V          ; 0.189 V                             ; 0.158 V                             ; 4.66e-10 s                 ; 4.67e-10 s                 ; No                        ; Yes                       ;
; HEX1[5]             ; 2.5 V        ; 0 s                 ; 0 s                 ; 2.32 V                       ; 3.88e-05 V                   ; 2.39 V              ; -0.037 V            ; 0.188 V                              ; 0.158 V                              ; 4.67e-10 s                  ; 4.67e-10 s                  ; No                         ; Yes                        ; 2.32 V                      ; 3.88e-05 V                  ; 2.39 V             ; -0.037 V           ; 0.188 V                             ; 0.158 V                             ; 4.67e-10 s                 ; 4.67e-10 s                 ; No                        ; Yes                       ;
; HEX1[6]             ; 2.5 V        ; 0 s                 ; 0 s                 ; 2.32 V                       ; 3.88e-05 V                   ; 2.39 V              ; -0.037 V            ; 0.188 V                              ; 0.158 V                              ; 4.67e-10 s                  ; 4.67e-10 s                  ; No                         ; Yes                        ; 2.32 V                      ; 3.88e-05 V                  ; 2.39 V             ; -0.037 V           ; 0.188 V                             ; 0.158 V                             ; 4.67e-10 s                 ; 4.67e-10 s                 ; No                        ; Yes                       ;
; HEX2[0]             ; 2.5 V        ; 0 s                 ; 0 s                 ; 2.32 V                       ; 3.49e-05 V                   ; 2.34 V              ; -0.0118 V           ; 0.182 V                              ; 0.051 V                              ; 4.81e-10 s                  ; 4.83e-10 s                  ; Yes                        ; Yes                        ; 2.32 V                      ; 3.49e-05 V                  ; 2.34 V             ; -0.0118 V          ; 0.182 V                             ; 0.051 V                             ; 4.81e-10 s                 ; 4.83e-10 s                 ; Yes                       ; Yes                       ;
; HEX2[1]             ; 2.5 V        ; 0 s                 ; 0 s                 ; 2.32 V                       ; 3.88e-05 V                   ; 2.39 V              ; -0.0374 V           ; 0.189 V                              ; 0.158 V                              ; 4.66e-10 s                  ; 4.67e-10 s                  ; No                         ; Yes                        ; 2.32 V                      ; 3.88e-05 V                  ; 2.39 V             ; -0.0374 V          ; 0.189 V                             ; 0.158 V                             ; 4.66e-10 s                 ; 4.67e-10 s                 ; No                        ; Yes                       ;
; HEX2[2]             ; 2.5 V        ; 0 s                 ; 0 s                 ; 2.32 V                       ; 3.88e-05 V                   ; 2.39 V              ; -0.037 V            ; 0.188 V                              ; 0.158 V                              ; 4.67e-10 s                  ; 4.67e-10 s                  ; No                         ; Yes                        ; 2.32 V                      ; 3.88e-05 V                  ; 2.39 V             ; -0.037 V           ; 0.188 V                             ; 0.158 V                             ; 4.67e-10 s                 ; 4.67e-10 s                 ; No                        ; Yes                       ;
; HEX2[3]             ; 2.5 V        ; 0 s                 ; 0 s                 ; 2.32 V                       ; 3.88e-05 V                   ; 2.39 V              ; -0.0374 V           ; 0.189 V                              ; 0.158 V                              ; 4.66e-10 s                  ; 4.67e-10 s                  ; No                         ; Yes                        ; 2.32 V                      ; 3.88e-05 V                  ; 2.39 V             ; -0.0374 V          ; 0.189 V                             ; 0.158 V                             ; 4.66e-10 s                 ; 4.67e-10 s                 ; No                        ; Yes                       ;
; HEX2[4]             ; 2.5 V        ; 0 s                 ; 0 s                 ; 2.32 V                       ; 3.88e-05 V                   ; 2.39 V              ; -0.0374 V           ; 0.189 V                              ; 0.158 V                              ; 4.66e-10 s                  ; 4.67e-10 s                  ; No                         ; Yes                        ; 2.32 V                      ; 3.88e-05 V                  ; 2.39 V             ; -0.0374 V          ; 0.189 V                             ; 0.158 V                             ; 4.66e-10 s                 ; 4.67e-10 s                 ; No                        ; Yes                       ;
; HEX2[5]             ; 2.5 V        ; 0 s                 ; 0 s                 ; 2.32 V                       ; 3.88e-05 V                   ; 2.39 V              ; -0.037 V            ; 0.188 V                              ; 0.158 V                              ; 4.67e-10 s                  ; 4.67e-10 s                  ; No                         ; Yes                        ; 2.32 V                      ; 3.88e-05 V                  ; 2.39 V             ; -0.037 V           ; 0.188 V                             ; 0.158 V                             ; 4.67e-10 s                 ; 4.67e-10 s                 ; No                        ; Yes                       ;
; HEX2[6]             ; 2.5 V        ; 0 s                 ; 0 s                 ; 2.32 V                       ; 3.88e-05 V                   ; 2.39 V              ; -0.037 V            ; 0.188 V                              ; 0.158 V                              ; 4.67e-10 s                  ; 4.67e-10 s                  ; No                         ; Yes                        ; 2.32 V                      ; 3.88e-05 V                  ; 2.39 V             ; -0.037 V           ; 0.188 V                             ; 0.158 V                             ; 4.67e-10 s                 ; 4.67e-10 s                 ; No                        ; Yes                       ;
; HEX3[0]             ; 2.5 V        ; 0 s                 ; 0 s                 ; 2.32 V                       ; 3.96e-05 V                   ; 2.38 V              ; -0.0306 V           ; 0.23 V                               ; 0.206 V                              ; 4.83e-10 s                  ; 5.01e-10 s                  ; No                         ; Yes                        ; 2.32 V                      ; 3.96e-05 V                  ; 2.38 V             ; -0.0306 V          ; 0.23 V                              ; 0.206 V                             ; 4.83e-10 s                 ; 5.01e-10 s                 ; No                        ; Yes                       ;
; HEX3[1]             ; 2.5 V        ; 0 s                 ; 0 s                 ; 2.32 V                       ; 3.49e-05 V                   ; 2.34 V              ; -0.0118 V           ; 0.182 V                              ; 0.051 V                              ; 4.81e-10 s                  ; 4.83e-10 s                  ; Yes                        ; Yes                        ; 2.32 V                      ; 3.49e-05 V                  ; 2.34 V             ; -0.0118 V          ; 0.182 V                             ; 0.051 V                             ; 4.81e-10 s                 ; 4.83e-10 s                 ; Yes                       ; Yes                       ;
; HEX3[2]             ; 2.5 V        ; 0 s                 ; 0 s                 ; 2.32 V                       ; 3.96e-05 V                   ; 2.38 V              ; -0.0306 V           ; 0.23 V                               ; 0.206 V                              ; 4.83e-10 s                  ; 5.01e-10 s                  ; No                         ; Yes                        ; 2.32 V                      ; 3.96e-05 V                  ; 2.38 V             ; -0.0306 V          ; 0.23 V                              ; 0.206 V                             ; 4.83e-10 s                 ; 5.01e-10 s                 ; No                        ; Yes                       ;
; HEX3[3]             ; 2.5 V        ; 0 s                 ; 0 s                 ; 2.32 V                       ; 3.49e-05 V                   ; 2.34 V              ; -0.0118 V           ; 0.182 V                              ; 0.051 V                              ; 4.81e-10 s                  ; 4.83e-10 s                  ; Yes                        ; Yes                        ; 2.32 V                      ; 3.49e-05 V                  ; 2.34 V             ; -0.0118 V          ; 0.182 V                             ; 0.051 V                             ; 4.81e-10 s                 ; 4.83e-10 s                 ; Yes                       ; Yes                       ;
; HEX3[4]             ; 2.5 V        ; 0 s                 ; 0 s                 ; 2.32 V                       ; 3.88e-05 V                   ; 2.39 V              ; -0.0374 V           ; 0.189 V                              ; 0.158 V                              ; 4.66e-10 s                  ; 4.67e-10 s                  ; No                         ; Yes                        ; 2.32 V                      ; 3.88e-05 V                  ; 2.39 V             ; -0.0374 V          ; 0.189 V                             ; 0.158 V                             ; 4.66e-10 s                 ; 4.67e-10 s                 ; No                        ; Yes                       ;
; HEX3[5]             ; 2.5 V        ; 0 s                 ; 0 s                 ; 2.32 V                       ; 3.49e-05 V                   ; 2.34 V              ; -0.0118 V           ; 0.182 V                              ; 0.051 V                              ; 4.81e-10 s                  ; 4.83e-10 s                  ; Yes                        ; Yes                        ; 2.32 V                      ; 3.49e-05 V                  ; 2.34 V             ; -0.0118 V          ; 0.182 V                             ; 0.051 V                             ; 4.81e-10 s                 ; 4.83e-10 s                 ; Yes                       ; Yes                       ;
; HEX3[6]             ; 2.5 V        ; 0 s                 ; 0 s                 ; 2.32 V                       ; 3.96e-05 V                   ; 2.38 V              ; -0.0306 V           ; 0.23 V                               ; 0.206 V                              ; 4.83e-10 s                  ; 5.01e-10 s                  ; No                         ; Yes                        ; 2.32 V                      ; 3.96e-05 V                  ; 2.38 V             ; -0.0306 V          ; 0.23 V                              ; 0.206 V                             ; 4.83e-10 s                 ; 5.01e-10 s                 ; No                        ; Yes                       ;
; HEX4[0]             ; 2.5 V        ; 0 s                 ; 0 s                 ; 2.32 V                       ; 3.96e-05 V                   ; 2.38 V              ; -0.0306 V           ; 0.23 V                               ; 0.206 V                              ; 4.83e-10 s                  ; 5.01e-10 s                  ; No                         ; Yes                        ; 2.32 V                      ; 3.96e-05 V                  ; 2.38 V             ; -0.0306 V          ; 0.23 V                              ; 0.206 V                             ; 4.83e-10 s                 ; 5.01e-10 s                 ; No                        ; Yes                       ;
; HEX4[1]             ; 2.5 V        ; 0 s                 ; 0 s                 ; 2.32 V                       ; 3.96e-05 V                   ; 2.38 V              ; -0.0306 V           ; 0.23 V                               ; 0.206 V                              ; 4.83e-10 s                  ; 5.01e-10 s                  ; No                         ; Yes                        ; 2.32 V                      ; 3.96e-05 V                  ; 2.38 V             ; -0.0306 V          ; 0.23 V                              ; 0.206 V                             ; 4.83e-10 s                 ; 5.01e-10 s                 ; No                        ; Yes                       ;
; HEX4[2]             ; 2.5 V        ; 0 s                 ; 0 s                 ; 2.32 V                       ; 3.49e-05 V                   ; 2.34 V              ; -0.0118 V           ; 0.182 V                              ; 0.051 V                              ; 4.81e-10 s                  ; 4.83e-10 s                  ; Yes                        ; Yes                        ; 2.32 V                      ; 3.49e-05 V                  ; 2.34 V             ; -0.0118 V          ; 0.182 V                             ; 0.051 V                             ; 4.81e-10 s                 ; 4.83e-10 s                 ; Yes                       ; Yes                       ;
; HEX4[3]             ; 2.5 V        ; 0 s                 ; 0 s                 ; 2.32 V                       ; 3.49e-05 V                   ; 2.34 V              ; -0.0118 V           ; 0.182 V                              ; 0.051 V                              ; 4.81e-10 s                  ; 4.83e-10 s                  ; Yes                        ; Yes                        ; 2.32 V                      ; 3.49e-05 V                  ; 2.34 V             ; -0.0118 V          ; 0.182 V                             ; 0.051 V                             ; 4.81e-10 s                 ; 4.83e-10 s                 ; Yes                       ; Yes                       ;
; HEX4[4]             ; 2.5 V        ; 0 s                 ; 0 s                 ; 2.32 V                       ; 3.49e-05 V                   ; 2.34 V              ; -0.0118 V           ; 0.182 V                              ; 0.051 V                              ; 4.81e-10 s                  ; 4.83e-10 s                  ; Yes                        ; Yes                        ; 2.32 V                      ; 3.49e-05 V                  ; 2.34 V             ; -0.0118 V          ; 0.182 V                             ; 0.051 V                             ; 4.81e-10 s                 ; 4.83e-10 s                 ; Yes                       ; Yes                       ;
; HEX4[5]             ; 2.5 V        ; 0 s                 ; 0 s                 ; 2.32 V                       ; 3.96e-05 V                   ; 2.38 V              ; -0.0306 V           ; 0.23 V                               ; 0.206 V                              ; 4.83e-10 s                  ; 5.01e-10 s                  ; No                         ; Yes                        ; 2.32 V                      ; 3.96e-05 V                  ; 2.38 V             ; -0.0306 V          ; 0.23 V                              ; 0.206 V                             ; 4.83e-10 s                 ; 5.01e-10 s                 ; No                        ; Yes                       ;
; HEX4[6]             ; 2.5 V        ; 0 s                 ; 0 s                 ; 2.32 V                       ; 3.96e-05 V                   ; 2.38 V              ; -0.0306 V           ; 0.23 V                               ; 0.206 V                              ; 4.83e-10 s                  ; 5.01e-10 s                  ; No                         ; Yes                        ; 2.32 V                      ; 3.96e-05 V                  ; 2.38 V             ; -0.0306 V          ; 0.23 V                              ; 0.206 V                             ; 4.83e-10 s                 ; 5.01e-10 s                 ; No                        ; Yes                       ;
; HEX5[0]             ; 2.5 V        ; 0 s                 ; 0 s                 ; 2.32 V                       ; 3.49e-05 V                   ; 2.34 V              ; -0.0118 V           ; 0.182 V                              ; 0.051 V                              ; 4.81e-10 s                  ; 4.83e-10 s                  ; Yes                        ; Yes                        ; 2.32 V                      ; 3.49e-05 V                  ; 2.34 V             ; -0.0118 V          ; 0.182 V                             ; 0.051 V                             ; 4.81e-10 s                 ; 4.83e-10 s                 ; Yes                       ; Yes                       ;
; HEX5[1]             ; 2.5 V        ; 0 s                 ; 0 s                 ; 2.32 V                       ; 3.88e-05 V                   ; 2.39 V              ; -0.037 V            ; 0.188 V                              ; 0.158 V                              ; 4.67e-10 s                  ; 4.67e-10 s                  ; No                         ; Yes                        ; 2.32 V                      ; 3.88e-05 V                  ; 2.39 V             ; -0.037 V           ; 0.188 V                             ; 0.158 V                             ; 4.67e-10 s                 ; 4.67e-10 s                 ; No                        ; Yes                       ;
; HEX5[2]             ; 2.5 V        ; 0 s                 ; 0 s                 ; 2.32 V                       ; 3.49e-05 V                   ; 2.34 V              ; -0.0118 V           ; 0.182 V                              ; 0.051 V                              ; 4.81e-10 s                  ; 4.83e-10 s                  ; Yes                        ; Yes                        ; 2.32 V                      ; 3.49e-05 V                  ; 2.34 V             ; -0.0118 V          ; 0.182 V                             ; 0.051 V                             ; 4.81e-10 s                 ; 4.83e-10 s                 ; Yes                       ; Yes                       ;
; HEX5[3]             ; 2.5 V        ; 0 s                 ; 0 s                 ; 2.32 V                       ; 3.49e-05 V                   ; 2.34 V              ; -0.0118 V           ; 0.182 V                              ; 0.051 V                              ; 4.81e-10 s                  ; 4.83e-10 s                  ; Yes                        ; Yes                        ; 2.32 V                      ; 3.49e-05 V                  ; 2.34 V             ; -0.0118 V          ; 0.182 V                             ; 0.051 V                             ; 4.81e-10 s                 ; 4.83e-10 s                 ; Yes                       ; Yes                       ;
; HEX5[4]             ; 2.5 V        ; 0 s                 ; 0 s                 ; 2.32 V                       ; 3.88e-05 V                   ; 2.39 V              ; -0.037 V            ; 0.188 V                              ; 0.158 V                              ; 4.67e-10 s                  ; 4.67e-10 s                  ; No                         ; Yes                        ; 2.32 V                      ; 3.88e-05 V                  ; 2.39 V             ; -0.037 V           ; 0.188 V                             ; 0.158 V                             ; 4.67e-10 s                 ; 4.67e-10 s                 ; No                        ; Yes                       ;
; HEX5[5]             ; 2.5 V        ; 0 s                 ; 0 s                 ; 2.32 V                       ; 3.96e-05 V                   ; 2.38 V              ; -0.0306 V           ; 0.23 V                               ; 0.206 V                              ; 4.83e-10 s                  ; 5.01e-10 s                  ; No                         ; Yes                        ; 2.32 V                      ; 3.96e-05 V                  ; 2.38 V             ; -0.0306 V          ; 0.23 V                              ; 0.206 V                             ; 4.83e-10 s                 ; 5.01e-10 s                 ; No                        ; Yes                       ;
; HEX5[6]             ; 2.5 V        ; 0 s                 ; 0 s                 ; 2.32 V                       ; 3.88e-05 V                   ; 2.39 V              ; -0.0374 V           ; 0.189 V                              ; 0.158 V                              ; 4.66e-10 s                  ; 4.67e-10 s                  ; No                         ; Yes                        ; 2.32 V                      ; 3.88e-05 V                  ; 2.39 V             ; -0.0374 V          ; 0.189 V                             ; 0.158 V                             ; 4.66e-10 s                 ; 4.67e-10 s                 ; No                        ; Yes                       ;
; altera_reserved_tdo ; 2.5 V        ; 0 s                 ; 0 s                 ; 2.32 V                       ; 3.5e-05 V                    ; 2.37 V              ; -0.0422 V           ; 0.168 V                              ; 0.143 V                              ; 4.71e-10 s                  ; 4.57e-10 s                  ; No                         ; Yes                        ; 2.32 V                      ; 3.5e-05 V                   ; 2.37 V             ; -0.0422 V          ; 0.168 V                             ; 0.143 V                             ; 4.71e-10 s                 ; 4.57e-10 s                 ; No                        ; Yes                       ;
+---------------------+--------------+---------------------+---------------------+------------------------------+------------------------------+---------------------+---------------------+--------------------------------------+--------------------------------------+-----------------------------+-----------------------------+----------------------------+----------------------------+-----------------------------+-----------------------------+--------------------+--------------------+-------------------------------------+-------------------------------------+----------------------------+----------------------------+---------------------------+---------------------------+


+--------------------------------------------------------------------------------------------------------------------------------------------------------------------------------------------------------------------------------------------------------------------------------------------------------------------------------------------------------------------------------------------------------------------------------------------------------------------------------------------------------------------------------------------------------------------------------------------------------------------------------------------------------------------------------------------------+
; Signal Integrity Metrics (Fast 1100mv 0c Model)                                                                                                                                                                                                                                                                                                                                                                                                                                                                                                                                                                                                                                                  ;
+---------------------+--------------+---------------------+---------------------+------------------------------+------------------------------+---------------------+---------------------+--------------------------------------+--------------------------------------+-----------------------------+-----------------------------+----------------------------+----------------------------+-----------------------------+-----------------------------+--------------------+--------------------+-------------------------------------+-------------------------------------+----------------------------+----------------------------+---------------------------+---------------------------+
; Pin                 ; I/O Standard ; Board Delay on Rise ; Board Delay on Fall ; Steady State Voh at FPGA Pin ; Steady State Vol at FPGA Pin ; Voh Max at FPGA Pin ; Vol Min at FPGA Pin ; Ringback Voltage on Rise at FPGA Pin ; Ringback Voltage on Fall at FPGA Pin ; 10-90 Rise Time at FPGA Pin ; 90-10 Fall Time at FPGA Pin ; Monotonic Rise at FPGA Pin ; Monotonic Fall at FPGA Pin ; Steady State Voh at Far-end ; Steady State Vol at Far-end ; Voh Max at Far-end ; Vol Min at Far-end ; Ringback Voltage on Rise at Far-end ; Ringback Voltage on Fall at Far-end ; 10-90 Rise Time at Far-end ; 90-10 Fall Time at Far-end ; Monotonic Rise at Far-end ; Monotonic Fall at Far-end ;
+---------------------+--------------+---------------------+---------------------+------------------------------+------------------------------+---------------------+---------------------+--------------------------------------+--------------------------------------+-----------------------------+-----------------------------+----------------------------+----------------------------+-----------------------------+-----------------------------+--------------------+--------------------+-------------------------------------+-------------------------------------+----------------------------+----------------------------+---------------------------+---------------------------+
; HEX0[0]             ; 2.5 V        ; 0 s                 ; 0 s                 ; 2.75 V                       ; 4.14e-06 V                   ; 2.91 V              ; -0.119 V            ; 0.326 V                              ; 0.298 V                              ; 2.74e-10 s                  ; 2.8e-10 s                   ; No                         ; No                         ; 2.75 V                      ; 4.14e-06 V                  ; 2.91 V             ; -0.119 V           ; 0.326 V                             ; 0.298 V                             ; 2.74e-10 s                 ; 2.8e-10 s                  ; No                        ; No                        ;
; HEX0[1]             ; 2.5 V        ; 0 s                 ; 0 s                 ; 2.75 V                       ; 4.14e-06 V                   ; 2.91 V              ; -0.119 V            ; 0.326 V                              ; 0.298 V                              ; 2.74e-10 s                  ; 2.8e-10 s                   ; No                         ; No                         ; 2.75 V                      ; 4.14e-06 V                  ; 2.91 V             ; -0.119 V           ; 0.326 V                             ; 0.298 V                             ; 2.74e-10 s                 ; 2.8e-10 s                  ; No                        ; No                        ;
; HEX0[2]             ; 2.5 V        ; 0 s                 ; 0 s                 ; 2.75 V                       ; 4.14e-06 V                   ; 2.91 V              ; -0.121 V            ; 0.326 V                              ; 0.297 V                              ; 2.74e-10 s                  ; 2.8e-10 s                   ; No                         ; No                         ; 2.75 V                      ; 4.14e-06 V                  ; 2.91 V             ; -0.121 V           ; 0.326 V                             ; 0.297 V                             ; 2.74e-10 s                 ; 2.8e-10 s                  ; No                        ; No                        ;
; HEX0[3]             ; 2.5 V        ; 0 s                 ; 0 s                 ; 2.75 V                       ; 4.14e-06 V                   ; 2.91 V              ; -0.119 V            ; 0.326 V                              ; 0.298 V                              ; 2.74e-10 s                  ; 2.8e-10 s                   ; No                         ; No                         ; 2.75 V                      ; 4.14e-06 V                  ; 2.91 V             ; -0.119 V           ; 0.326 V                             ; 0.298 V                             ; 2.74e-10 s                 ; 2.8e-10 s                  ; No                        ; No                        ;
; HEX0[4]             ; 2.5 V        ; 0 s                 ; 0 s                 ; 2.75 V                       ; 4.14e-06 V                   ; 2.91 V              ; -0.121 V            ; 0.326 V                              ; 0.297 V                              ; 2.74e-10 s                  ; 2.8e-10 s                   ; No                         ; No                         ; 2.75 V                      ; 4.14e-06 V                  ; 2.91 V             ; -0.121 V           ; 0.326 V                             ; 0.297 V                             ; 2.74e-10 s                 ; 2.8e-10 s                  ; No                        ; No                        ;
; HEX0[5]             ; 2.5 V        ; 0 s                 ; 0 s                 ; 2.75 V                       ; 4.14e-06 V                   ; 2.91 V              ; -0.119 V            ; 0.326 V                              ; 0.298 V                              ; 2.74e-10 s                  ; 2.8e-10 s                   ; No                         ; No                         ; 2.75 V                      ; 4.14e-06 V                  ; 2.91 V             ; -0.119 V           ; 0.326 V                             ; 0.298 V                             ; 2.74e-10 s                 ; 2.8e-10 s                  ; No                        ; No                        ;
; HEX0[6]             ; 2.5 V        ; 0 s                 ; 0 s                 ; 2.75 V                       ; 4.14e-06 V                   ; 2.91 V              ; -0.121 V            ; 0.326 V                              ; 0.297 V                              ; 2.74e-10 s                  ; 2.8e-10 s                   ; No                         ; No                         ; 2.75 V                      ; 4.14e-06 V                  ; 2.91 V             ; -0.121 V           ; 0.326 V                             ; 0.297 V                             ; 2.74e-10 s                 ; 2.8e-10 s                  ; No                        ; No                        ;
; HEX1[0]             ; 2.5 V        ; 0 s                 ; 0 s                 ; 2.75 V                       ; 4.14e-06 V                   ; 2.91 V              ; -0.119 V            ; 0.326 V                              ; 0.298 V                              ; 2.74e-10 s                  ; 2.8e-10 s                   ; No                         ; No                         ; 2.75 V                      ; 4.14e-06 V                  ; 2.91 V             ; -0.119 V           ; 0.326 V                             ; 0.298 V                             ; 2.74e-10 s                 ; 2.8e-10 s                  ; No                        ; No                        ;
; HEX1[1]             ; 2.5 V        ; 0 s                 ; 0 s                 ; 2.75 V                       ; 4.14e-06 V                   ; 2.91 V              ; -0.121 V            ; 0.326 V                              ; 0.297 V                              ; 2.74e-10 s                  ; 2.8e-10 s                   ; No                         ; No                         ; 2.75 V                      ; 4.14e-06 V                  ; 2.91 V             ; -0.121 V           ; 0.326 V                             ; 0.297 V                             ; 2.74e-10 s                 ; 2.8e-10 s                  ; No                        ; No                        ;
; HEX1[2]             ; 2.5 V        ; 0 s                 ; 0 s                 ; 2.75 V                       ; 4.14e-06 V                   ; 2.91 V              ; -0.119 V            ; 0.326 V                              ; 0.298 V                              ; 2.74e-10 s                  ; 2.8e-10 s                   ; No                         ; No                         ; 2.75 V                      ; 4.14e-06 V                  ; 2.91 V             ; -0.119 V           ; 0.326 V                             ; 0.298 V                             ; 2.74e-10 s                 ; 2.8e-10 s                  ; No                        ; No                        ;
; HEX1[3]             ; 2.5 V        ; 0 s                 ; 0 s                 ; 2.75 V                       ; 4.14e-06 V                   ; 2.91 V              ; -0.121 V            ; 0.326 V                              ; 0.297 V                              ; 2.74e-10 s                  ; 2.8e-10 s                   ; No                         ; No                         ; 2.75 V                      ; 4.14e-06 V                  ; 2.91 V             ; -0.121 V           ; 0.326 V                             ; 0.297 V                             ; 2.74e-10 s                 ; 2.8e-10 s                  ; No                        ; No                        ;
; HEX1[4]             ; 2.5 V        ; 0 s                 ; 0 s                 ; 2.75 V                       ; 4.14e-06 V                   ; 2.91 V              ; -0.119 V            ; 0.326 V                              ; 0.298 V                              ; 2.74e-10 s                  ; 2.8e-10 s                   ; No                         ; No                         ; 2.75 V                      ; 4.14e-06 V                  ; 2.91 V             ; -0.119 V           ; 0.326 V                             ; 0.298 V                             ; 2.74e-10 s                 ; 2.8e-10 s                  ; No                        ; No                        ;
; HEX1[5]             ; 2.5 V        ; 0 s                 ; 0 s                 ; 2.75 V                       ; 4.14e-06 V                   ; 2.91 V              ; -0.121 V            ; 0.326 V                              ; 0.297 V                              ; 2.74e-10 s                  ; 2.8e-10 s                   ; No                         ; No                         ; 2.75 V                      ; 4.14e-06 V                  ; 2.91 V             ; -0.121 V           ; 0.326 V                             ; 0.297 V                             ; 2.74e-10 s                 ; 2.8e-10 s                  ; No                        ; No                        ;
; HEX1[6]             ; 2.5 V        ; 0 s                 ; 0 s                 ; 2.75 V                       ; 4.14e-06 V                   ; 2.91 V              ; -0.121 V            ; 0.326 V                              ; 0.297 V                              ; 2.74e-10 s                  ; 2.8e-10 s                   ; No                         ; No                         ; 2.75 V                      ; 4.14e-06 V                  ; 2.91 V             ; -0.121 V           ; 0.326 V                             ; 0.297 V                             ; 2.74e-10 s                 ; 2.8e-10 s                  ; No                        ; No                        ;
; HEX2[0]             ; 2.5 V        ; 0 s                 ; 0 s                 ; 2.75 V                       ; 3.54e-06 V                   ; 2.81 V              ; -0.0578 V           ; 0.303 V                              ; 0.28 V                               ; 2.93e-10 s                  ; 3.01e-10 s                  ; No                         ; No                         ; 2.75 V                      ; 3.54e-06 V                  ; 2.81 V             ; -0.0578 V          ; 0.303 V                             ; 0.28 V                              ; 2.93e-10 s                 ; 3.01e-10 s                 ; No                        ; No                        ;
; HEX2[1]             ; 2.5 V        ; 0 s                 ; 0 s                 ; 2.75 V                       ; 4.14e-06 V                   ; 2.91 V              ; -0.119 V            ; 0.326 V                              ; 0.298 V                              ; 2.74e-10 s                  ; 2.8e-10 s                   ; No                         ; No                         ; 2.75 V                      ; 4.14e-06 V                  ; 2.91 V             ; -0.119 V           ; 0.326 V                             ; 0.298 V                             ; 2.74e-10 s                 ; 2.8e-10 s                  ; No                        ; No                        ;
; HEX2[2]             ; 2.5 V        ; 0 s                 ; 0 s                 ; 2.75 V                       ; 4.14e-06 V                   ; 2.91 V              ; -0.121 V            ; 0.326 V                              ; 0.297 V                              ; 2.74e-10 s                  ; 2.8e-10 s                   ; No                         ; No                         ; 2.75 V                      ; 4.14e-06 V                  ; 2.91 V             ; -0.121 V           ; 0.326 V                             ; 0.297 V                             ; 2.74e-10 s                 ; 2.8e-10 s                  ; No                        ; No                        ;
; HEX2[3]             ; 2.5 V        ; 0 s                 ; 0 s                 ; 2.75 V                       ; 4.14e-06 V                   ; 2.91 V              ; -0.119 V            ; 0.326 V                              ; 0.298 V                              ; 2.74e-10 s                  ; 2.8e-10 s                   ; No                         ; No                         ; 2.75 V                      ; 4.14e-06 V                  ; 2.91 V             ; -0.119 V           ; 0.326 V                             ; 0.298 V                             ; 2.74e-10 s                 ; 2.8e-10 s                  ; No                        ; No                        ;
; HEX2[4]             ; 2.5 V        ; 0 s                 ; 0 s                 ; 2.75 V                       ; 4.14e-06 V                   ; 2.91 V              ; -0.119 V            ; 0.326 V                              ; 0.298 V                              ; 2.74e-10 s                  ; 2.8e-10 s                   ; No                         ; No                         ; 2.75 V                      ; 4.14e-06 V                  ; 2.91 V             ; -0.119 V           ; 0.326 V                             ; 0.298 V                             ; 2.74e-10 s                 ; 2.8e-10 s                  ; No                        ; No                        ;
; HEX2[5]             ; 2.5 V        ; 0 s                 ; 0 s                 ; 2.75 V                       ; 4.14e-06 V                   ; 2.91 V              ; -0.121 V            ; 0.326 V                              ; 0.297 V                              ; 2.74e-10 s                  ; 2.8e-10 s                   ; No                         ; No                         ; 2.75 V                      ; 4.14e-06 V                  ; 2.91 V             ; -0.121 V           ; 0.326 V                             ; 0.297 V                             ; 2.74e-10 s                 ; 2.8e-10 s                  ; No                        ; No                        ;
; HEX2[6]             ; 2.5 V        ; 0 s                 ; 0 s                 ; 2.75 V                       ; 4.14e-06 V                   ; 2.91 V              ; -0.121 V            ; 0.326 V                              ; 0.297 V                              ; 2.74e-10 s                  ; 2.8e-10 s                   ; No                         ; No                         ; 2.75 V                      ; 4.14e-06 V                  ; 2.91 V             ; -0.121 V           ; 0.326 V                             ; 0.297 V                             ; 2.74e-10 s                 ; 2.8e-10 s                  ; No                        ; No                        ;
; HEX3[0]             ; 2.5 V        ; 0 s                 ; 0 s                 ; 2.75 V                       ; 4.25e-06 V                   ; 2.9 V               ; -0.107 V            ; 0.378 V                              ; 0.16 V                               ; 2.87e-10 s                  ; 4.28e-10 s                  ; No                         ; No                         ; 2.75 V                      ; 4.25e-06 V                  ; 2.9 V              ; -0.107 V           ; 0.378 V                             ; 0.16 V                              ; 2.87e-10 s                 ; 4.28e-10 s                 ; No                        ; No                        ;
; HEX3[1]             ; 2.5 V        ; 0 s                 ; 0 s                 ; 2.75 V                       ; 3.54e-06 V                   ; 2.81 V              ; -0.0578 V           ; 0.303 V                              ; 0.28 V                               ; 2.93e-10 s                  ; 3.01e-10 s                  ; No                         ; No                         ; 2.75 V                      ; 3.54e-06 V                  ; 2.81 V             ; -0.0578 V          ; 0.303 V                             ; 0.28 V                              ; 2.93e-10 s                 ; 3.01e-10 s                 ; No                        ; No                        ;
; HEX3[2]             ; 2.5 V        ; 0 s                 ; 0 s                 ; 2.75 V                       ; 4.25e-06 V                   ; 2.9 V               ; -0.107 V            ; 0.378 V                              ; 0.16 V                               ; 2.87e-10 s                  ; 4.28e-10 s                  ; No                         ; No                         ; 2.75 V                      ; 4.25e-06 V                  ; 2.9 V              ; -0.107 V           ; 0.378 V                             ; 0.16 V                              ; 2.87e-10 s                 ; 4.28e-10 s                 ; No                        ; No                        ;
; HEX3[3]             ; 2.5 V        ; 0 s                 ; 0 s                 ; 2.75 V                       ; 3.54e-06 V                   ; 2.81 V              ; -0.0578 V           ; 0.303 V                              ; 0.28 V                               ; 2.93e-10 s                  ; 3.01e-10 s                  ; No                         ; No                         ; 2.75 V                      ; 3.54e-06 V                  ; 2.81 V             ; -0.0578 V          ; 0.303 V                             ; 0.28 V                              ; 2.93e-10 s                 ; 3.01e-10 s                 ; No                        ; No                        ;
; HEX3[4]             ; 2.5 V        ; 0 s                 ; 0 s                 ; 2.75 V                       ; 4.14e-06 V                   ; 2.91 V              ; -0.119 V            ; 0.326 V                              ; 0.298 V                              ; 2.74e-10 s                  ; 2.8e-10 s                   ; No                         ; No                         ; 2.75 V                      ; 4.14e-06 V                  ; 2.91 V             ; -0.119 V           ; 0.326 V                             ; 0.298 V                             ; 2.74e-10 s                 ; 2.8e-10 s                  ; No                        ; No                        ;
; HEX3[5]             ; 2.5 V        ; 0 s                 ; 0 s                 ; 2.75 V                       ; 3.54e-06 V                   ; 2.81 V              ; -0.0578 V           ; 0.303 V                              ; 0.28 V                               ; 2.93e-10 s                  ; 3.01e-10 s                  ; No                         ; No                         ; 2.75 V                      ; 3.54e-06 V                  ; 2.81 V             ; -0.0578 V          ; 0.303 V                             ; 0.28 V                              ; 2.93e-10 s                 ; 3.01e-10 s                 ; No                        ; No                        ;
; HEX3[6]             ; 2.5 V        ; 0 s                 ; 0 s                 ; 2.75 V                       ; 4.25e-06 V                   ; 2.9 V               ; -0.107 V            ; 0.378 V                              ; 0.16 V                               ; 2.87e-10 s                  ; 4.28e-10 s                  ; No                         ; No                         ; 2.75 V                      ; 4.25e-06 V                  ; 2.9 V              ; -0.107 V           ; 0.378 V                             ; 0.16 V                              ; 2.87e-10 s                 ; 4.28e-10 s                 ; No                        ; No                        ;
; HEX4[0]             ; 2.5 V        ; 0 s                 ; 0 s                 ; 2.75 V                       ; 4.25e-06 V                   ; 2.9 V               ; -0.107 V            ; 0.378 V                              ; 0.16 V                               ; 2.87e-10 s                  ; 4.28e-10 s                  ; No                         ; No                         ; 2.75 V                      ; 4.25e-06 V                  ; 2.9 V              ; -0.107 V           ; 0.378 V                             ; 0.16 V                              ; 2.87e-10 s                 ; 4.28e-10 s                 ; No                        ; No                        ;
; HEX4[1]             ; 2.5 V        ; 0 s                 ; 0 s                 ; 2.75 V                       ; 4.25e-06 V                   ; 2.9 V               ; -0.107 V            ; 0.378 V                              ; 0.16 V                               ; 2.87e-10 s                  ; 4.28e-10 s                  ; No                         ; No                         ; 2.75 V                      ; 4.25e-06 V                  ; 2.9 V              ; -0.107 V           ; 0.378 V                             ; 0.16 V                              ; 2.87e-10 s                 ; 4.28e-10 s                 ; No                        ; No                        ;
; HEX4[2]             ; 2.5 V        ; 0 s                 ; 0 s                 ; 2.75 V                       ; 3.54e-06 V                   ; 2.81 V              ; -0.0578 V           ; 0.303 V                              ; 0.28 V                               ; 2.93e-10 s                  ; 3.01e-10 s                  ; No                         ; No                         ; 2.75 V                      ; 3.54e-06 V                  ; 2.81 V             ; -0.0578 V          ; 0.303 V                             ; 0.28 V                              ; 2.93e-10 s                 ; 3.01e-10 s                 ; No                        ; No                        ;
; HEX4[3]             ; 2.5 V        ; 0 s                 ; 0 s                 ; 2.75 V                       ; 3.54e-06 V                   ; 2.81 V              ; -0.0578 V           ; 0.303 V                              ; 0.28 V                               ; 2.93e-10 s                  ; 3.01e-10 s                  ; No                         ; No                         ; 2.75 V                      ; 3.54e-06 V                  ; 2.81 V             ; -0.0578 V          ; 0.303 V                             ; 0.28 V                              ; 2.93e-10 s                 ; 3.01e-10 s                 ; No                        ; No                        ;
; HEX4[4]             ; 2.5 V        ; 0 s                 ; 0 s                 ; 2.75 V                       ; 3.54e-06 V                   ; 2.81 V              ; -0.0578 V           ; 0.303 V                              ; 0.28 V                               ; 2.93e-10 s                  ; 3.01e-10 s                  ; No                         ; No                         ; 2.75 V                      ; 3.54e-06 V                  ; 2.81 V             ; -0.0578 V          ; 0.303 V                             ; 0.28 V                              ; 2.93e-10 s                 ; 3.01e-10 s                 ; No                        ; No                        ;
; HEX4[5]             ; 2.5 V        ; 0 s                 ; 0 s                 ; 2.75 V                       ; 4.25e-06 V                   ; 2.9 V               ; -0.107 V            ; 0.378 V                              ; 0.16 V                               ; 2.87e-10 s                  ; 4.28e-10 s                  ; No                         ; No                         ; 2.75 V                      ; 4.25e-06 V                  ; 2.9 V              ; -0.107 V           ; 0.378 V                             ; 0.16 V                              ; 2.87e-10 s                 ; 4.28e-10 s                 ; No                        ; No                        ;
; HEX4[6]             ; 2.5 V        ; 0 s                 ; 0 s                 ; 2.75 V                       ; 4.25e-06 V                   ; 2.9 V               ; -0.107 V            ; 0.378 V                              ; 0.16 V                               ; 2.87e-10 s                  ; 4.28e-10 s                  ; No                         ; No                         ; 2.75 V                      ; 4.25e-06 V                  ; 2.9 V              ; -0.107 V           ; 0.378 V                             ; 0.16 V                              ; 2.87e-10 s                 ; 4.28e-10 s                 ; No                        ; No                        ;
; HEX5[0]             ; 2.5 V        ; 0 s                 ; 0 s                 ; 2.75 V                       ; 3.54e-06 V                   ; 2.81 V              ; -0.0578 V           ; 0.303 V                              ; 0.28 V                               ; 2.93e-10 s                  ; 3.01e-10 s                  ; No                         ; No                         ; 2.75 V                      ; 3.54e-06 V                  ; 2.81 V             ; -0.0578 V          ; 0.303 V                             ; 0.28 V                              ; 2.93e-10 s                 ; 3.01e-10 s                 ; No                        ; No                        ;
; HEX5[1]             ; 2.5 V        ; 0 s                 ; 0 s                 ; 2.75 V                       ; 4.14e-06 V                   ; 2.91 V              ; -0.121 V            ; 0.326 V                              ; 0.297 V                              ; 2.74e-10 s                  ; 2.8e-10 s                   ; No                         ; No                         ; 2.75 V                      ; 4.14e-06 V                  ; 2.91 V             ; -0.121 V           ; 0.326 V                             ; 0.297 V                             ; 2.74e-10 s                 ; 2.8e-10 s                  ; No                        ; No                        ;
; HEX5[2]             ; 2.5 V        ; 0 s                 ; 0 s                 ; 2.75 V                       ; 3.54e-06 V                   ; 2.81 V              ; -0.0578 V           ; 0.303 V                              ; 0.28 V                               ; 2.93e-10 s                  ; 3.01e-10 s                  ; No                         ; No                         ; 2.75 V                      ; 3.54e-06 V                  ; 2.81 V             ; -0.0578 V          ; 0.303 V                             ; 0.28 V                              ; 2.93e-10 s                 ; 3.01e-10 s                 ; No                        ; No                        ;
; HEX5[3]             ; 2.5 V        ; 0 s                 ; 0 s                 ; 2.75 V                       ; 3.54e-06 V                   ; 2.81 V              ; -0.0578 V           ; 0.303 V                              ; 0.28 V                               ; 2.93e-10 s                  ; 3.01e-10 s                  ; No                         ; No                         ; 2.75 V                      ; 3.54e-06 V                  ; 2.81 V             ; -0.0578 V          ; 0.303 V                             ; 0.28 V                              ; 2.93e-10 s                 ; 3.01e-10 s                 ; No                        ; No                        ;
; HEX5[4]             ; 2.5 V        ; 0 s                 ; 0 s                 ; 2.75 V                       ; 4.14e-06 V                   ; 2.91 V              ; -0.121 V            ; 0.326 V                              ; 0.297 V                              ; 2.74e-10 s                  ; 2.8e-10 s                   ; No                         ; No                         ; 2.75 V                      ; 4.14e-06 V                  ; 2.91 V             ; -0.121 V           ; 0.326 V                             ; 0.297 V                             ; 2.74e-10 s                 ; 2.8e-10 s                  ; No                        ; No                        ;
; HEX5[5]             ; 2.5 V        ; 0 s                 ; 0 s                 ; 2.75 V                       ; 4.25e-06 V                   ; 2.9 V               ; -0.107 V            ; 0.378 V                              ; 0.16 V                               ; 2.87e-10 s                  ; 4.28e-10 s                  ; No                         ; No                         ; 2.75 V                      ; 4.25e-06 V                  ; 2.9 V              ; -0.107 V           ; 0.378 V                             ; 0.16 V                              ; 2.87e-10 s                 ; 4.28e-10 s                 ; No                        ; No                        ;
; HEX5[6]             ; 2.5 V        ; 0 s                 ; 0 s                 ; 2.75 V                       ; 4.14e-06 V                   ; 2.91 V              ; -0.119 V            ; 0.326 V                              ; 0.298 V                              ; 2.74e-10 s                  ; 2.8e-10 s                   ; No                         ; No                         ; 2.75 V                      ; 4.14e-06 V                  ; 2.91 V             ; -0.119 V           ; 0.326 V                             ; 0.298 V                             ; 2.74e-10 s                 ; 2.8e-10 s                  ; No                        ; No                        ;
; altera_reserved_tdo ; 2.5 V        ; 0 s                 ; 0 s                 ; 2.75 V                       ; 3.79e-06 V                   ; 2.89 V              ; -0.122 V            ; 0.311 V                              ; 0.277 V                              ; 2.78e-10 s                  ; 2.7e-10 s                   ; No                         ; No                         ; 2.75 V                      ; 3.79e-06 V                  ; 2.89 V             ; -0.122 V           ; 0.311 V                             ; 0.277 V                             ; 2.78e-10 s                 ; 2.7e-10 s                  ; No                        ; No                        ;
+---------------------+--------------+---------------------+---------------------+------------------------------+------------------------------+---------------------+---------------------+--------------------------------------+--------------------------------------+-----------------------------+-----------------------------+----------------------------+----------------------------+-----------------------------+-----------------------------+--------------------+--------------------+-------------------------------------+-------------------------------------+----------------------------+----------------------------+---------------------------+---------------------------+


+--------------------------------------------------------------------------------------------------------------------------------------------------------------------------------------------------------------------------------------------------------------------------------------------------------------------------------------------------------------------------------------------------------------------------------------------------------------------------------------------------------------------------------------------------------------------------------------------------------------------------------------------------------------------------------------------------+
; Signal Integrity Metrics (Fast 1100mv 85c Model)                                                                                                                                                                                                                                                                                                                                                                                                                                                                                                                                                                                                                                                 ;
+---------------------+--------------+---------------------+---------------------+------------------------------+------------------------------+---------------------+---------------------+--------------------------------------+--------------------------------------+-----------------------------+-----------------------------+----------------------------+----------------------------+-----------------------------+-----------------------------+--------------------+--------------------+-------------------------------------+-------------------------------------+----------------------------+----------------------------+---------------------------+---------------------------+
; Pin                 ; I/O Standard ; Board Delay on Rise ; Board Delay on Fall ; Steady State Voh at FPGA Pin ; Steady State Vol at FPGA Pin ; Voh Max at FPGA Pin ; Vol Min at FPGA Pin ; Ringback Voltage on Rise at FPGA Pin ; Ringback Voltage on Fall at FPGA Pin ; 10-90 Rise Time at FPGA Pin ; 90-10 Fall Time at FPGA Pin ; Monotonic Rise at FPGA Pin ; Monotonic Fall at FPGA Pin ; Steady State Voh at Far-end ; Steady State Vol at Far-end ; Voh Max at Far-end ; Vol Min at Far-end ; Ringback Voltage on Rise at Far-end ; Ringback Voltage on Fall at Far-end ; 10-90 Rise Time at Far-end ; 90-10 Fall Time at Far-end ; Monotonic Rise at Far-end ; Monotonic Fall at Far-end ;
+---------------------+--------------+---------------------+---------------------+------------------------------+------------------------------+---------------------+---------------------+--------------------------------------+--------------------------------------+-----------------------------+-----------------------------+----------------------------+----------------------------+-----------------------------+-----------------------------+--------------------+--------------------+-------------------------------------+-------------------------------------+----------------------------+----------------------------+---------------------------+---------------------------+
; HEX0[0]             ; 2.5 V        ; 0 s                 ; 0 s                 ; 2.75 V                       ; 0.000242 V                   ; 2.86 V              ; -0.0805 V           ; 0.358 V                              ; 0.156 V                              ; 3.01e-10 s                  ; 4.34e-10 s                  ; No                         ; No                         ; 2.75 V                      ; 0.000242 V                  ; 2.86 V             ; -0.0805 V          ; 0.358 V                             ; 0.156 V                             ; 3.01e-10 s                 ; 4.34e-10 s                 ; No                        ; No                        ;
; HEX0[1]             ; 2.5 V        ; 0 s                 ; 0 s                 ; 2.75 V                       ; 0.000242 V                   ; 2.86 V              ; -0.0805 V           ; 0.358 V                              ; 0.156 V                              ; 3.01e-10 s                  ; 4.34e-10 s                  ; No                         ; No                         ; 2.75 V                      ; 0.000242 V                  ; 2.86 V             ; -0.0805 V          ; 0.358 V                             ; 0.156 V                             ; 3.01e-10 s                 ; 4.34e-10 s                 ; No                        ; No                        ;
; HEX0[2]             ; 2.5 V        ; 0 s                 ; 0 s                 ; 2.75 V                       ; 0.000242 V                   ; 2.86 V              ; -0.0814 V           ; 0.36 V                               ; 0.156 V                              ; 3e-10 s                     ; 4.34e-10 s                  ; No                         ; No                         ; 2.75 V                      ; 0.000242 V                  ; 2.86 V             ; -0.0814 V          ; 0.36 V                              ; 0.156 V                             ; 3e-10 s                    ; 4.34e-10 s                 ; No                        ; No                        ;
; HEX0[3]             ; 2.5 V        ; 0 s                 ; 0 s                 ; 2.75 V                       ; 0.000242 V                   ; 2.86 V              ; -0.0805 V           ; 0.358 V                              ; 0.156 V                              ; 3.01e-10 s                  ; 4.34e-10 s                  ; No                         ; No                         ; 2.75 V                      ; 0.000242 V                  ; 2.86 V             ; -0.0805 V          ; 0.358 V                             ; 0.156 V                             ; 3.01e-10 s                 ; 4.34e-10 s                 ; No                        ; No                        ;
; HEX0[4]             ; 2.5 V        ; 0 s                 ; 0 s                 ; 2.75 V                       ; 0.000242 V                   ; 2.86 V              ; -0.0814 V           ; 0.36 V                               ; 0.156 V                              ; 3e-10 s                     ; 4.34e-10 s                  ; No                         ; No                         ; 2.75 V                      ; 0.000242 V                  ; 2.86 V             ; -0.0814 V          ; 0.36 V                              ; 0.156 V                             ; 3e-10 s                    ; 4.34e-10 s                 ; No                        ; No                        ;
; HEX0[5]             ; 2.5 V        ; 0 s                 ; 0 s                 ; 2.75 V                       ; 0.000242 V                   ; 2.86 V              ; -0.0805 V           ; 0.358 V                              ; 0.156 V                              ; 3.01e-10 s                  ; 4.34e-10 s                  ; No                         ; No                         ; 2.75 V                      ; 0.000242 V                  ; 2.86 V             ; -0.0805 V          ; 0.358 V                             ; 0.156 V                             ; 3.01e-10 s                 ; 4.34e-10 s                 ; No                        ; No                        ;
; HEX0[6]             ; 2.5 V        ; 0 s                 ; 0 s                 ; 2.75 V                       ; 0.000242 V                   ; 2.86 V              ; -0.0814 V           ; 0.36 V                               ; 0.156 V                              ; 3e-10 s                     ; 4.34e-10 s                  ; No                         ; No                         ; 2.75 V                      ; 0.000242 V                  ; 2.86 V             ; -0.0814 V          ; 0.36 V                              ; 0.156 V                             ; 3e-10 s                    ; 4.34e-10 s                 ; No                        ; No                        ;
; HEX1[0]             ; 2.5 V        ; 0 s                 ; 0 s                 ; 2.75 V                       ; 0.000242 V                   ; 2.86 V              ; -0.0805 V           ; 0.358 V                              ; 0.156 V                              ; 3.01e-10 s                  ; 4.34e-10 s                  ; No                         ; No                         ; 2.75 V                      ; 0.000242 V                  ; 2.86 V             ; -0.0805 V          ; 0.358 V                             ; 0.156 V                             ; 3.01e-10 s                 ; 4.34e-10 s                 ; No                        ; No                        ;
; HEX1[1]             ; 2.5 V        ; 0 s                 ; 0 s                 ; 2.75 V                       ; 0.000242 V                   ; 2.86 V              ; -0.0814 V           ; 0.36 V                               ; 0.156 V                              ; 3e-10 s                     ; 4.34e-10 s                  ; No                         ; No                         ; 2.75 V                      ; 0.000242 V                  ; 2.86 V             ; -0.0814 V          ; 0.36 V                              ; 0.156 V                             ; 3e-10 s                    ; 4.34e-10 s                 ; No                        ; No                        ;
; HEX1[2]             ; 2.5 V        ; 0 s                 ; 0 s                 ; 2.75 V                       ; 0.000242 V                   ; 2.86 V              ; -0.0805 V           ; 0.358 V                              ; 0.156 V                              ; 3.01e-10 s                  ; 4.34e-10 s                  ; No                         ; No                         ; 2.75 V                      ; 0.000242 V                  ; 2.86 V             ; -0.0805 V          ; 0.358 V                             ; 0.156 V                             ; 3.01e-10 s                 ; 4.34e-10 s                 ; No                        ; No                        ;
; HEX1[3]             ; 2.5 V        ; 0 s                 ; 0 s                 ; 2.75 V                       ; 0.000242 V                   ; 2.86 V              ; -0.0814 V           ; 0.36 V                               ; 0.156 V                              ; 3e-10 s                     ; 4.34e-10 s                  ; No                         ; No                         ; 2.75 V                      ; 0.000242 V                  ; 2.86 V             ; -0.0814 V          ; 0.36 V                              ; 0.156 V                             ; 3e-10 s                    ; 4.34e-10 s                 ; No                        ; No                        ;
; HEX1[4]             ; 2.5 V        ; 0 s                 ; 0 s                 ; 2.75 V                       ; 0.000242 V                   ; 2.86 V              ; -0.0805 V           ; 0.358 V                              ; 0.156 V                              ; 3.01e-10 s                  ; 4.34e-10 s                  ; No                         ; No                         ; 2.75 V                      ; 0.000242 V                  ; 2.86 V             ; -0.0805 V          ; 0.358 V                             ; 0.156 V                             ; 3.01e-10 s                 ; 4.34e-10 s                 ; No                        ; No                        ;
; HEX1[5]             ; 2.5 V        ; 0 s                 ; 0 s                 ; 2.75 V                       ; 0.000242 V                   ; 2.86 V              ; -0.0814 V           ; 0.36 V                               ; 0.156 V                              ; 3e-10 s                     ; 4.34e-10 s                  ; No                         ; No                         ; 2.75 V                      ; 0.000242 V                  ; 2.86 V             ; -0.0814 V          ; 0.36 V                              ; 0.156 V                             ; 3e-10 s                    ; 4.34e-10 s                 ; No                        ; No                        ;
; HEX1[6]             ; 2.5 V        ; 0 s                 ; 0 s                 ; 2.75 V                       ; 0.000242 V                   ; 2.86 V              ; -0.0814 V           ; 0.36 V                               ; 0.156 V                              ; 3e-10 s                     ; 4.34e-10 s                  ; No                         ; No                         ; 2.75 V                      ; 0.000242 V                  ; 2.86 V             ; -0.0814 V          ; 0.36 V                              ; 0.156 V                             ; 3e-10 s                    ; 4.34e-10 s                 ; No                        ; No                        ;
; HEX2[0]             ; 2.5 V        ; 0 s                 ; 0 s                 ; 2.75 V                       ; 0.000213 V                   ; 2.79 V              ; -0.0324 V           ; 0.139 V                              ; 0.119 V                              ; 4.42e-10 s                  ; 4.33e-10 s                  ; No                         ; Yes                        ; 2.75 V                      ; 0.000213 V                  ; 2.79 V             ; -0.0324 V          ; 0.139 V                             ; 0.119 V                             ; 4.42e-10 s                 ; 4.33e-10 s                 ; No                        ; Yes                       ;
; HEX2[1]             ; 2.5 V        ; 0 s                 ; 0 s                 ; 2.75 V                       ; 0.000242 V                   ; 2.86 V              ; -0.0805 V           ; 0.358 V                              ; 0.156 V                              ; 3.01e-10 s                  ; 4.34e-10 s                  ; No                         ; No                         ; 2.75 V                      ; 0.000242 V                  ; 2.86 V             ; -0.0805 V          ; 0.358 V                             ; 0.156 V                             ; 3.01e-10 s                 ; 4.34e-10 s                 ; No                        ; No                        ;
; HEX2[2]             ; 2.5 V        ; 0 s                 ; 0 s                 ; 2.75 V                       ; 0.000242 V                   ; 2.86 V              ; -0.0814 V           ; 0.36 V                               ; 0.156 V                              ; 3e-10 s                     ; 4.34e-10 s                  ; No                         ; No                         ; 2.75 V                      ; 0.000242 V                  ; 2.86 V             ; -0.0814 V          ; 0.36 V                              ; 0.156 V                             ; 3e-10 s                    ; 4.34e-10 s                 ; No                        ; No                        ;
; HEX2[3]             ; 2.5 V        ; 0 s                 ; 0 s                 ; 2.75 V                       ; 0.000242 V                   ; 2.86 V              ; -0.0805 V           ; 0.358 V                              ; 0.156 V                              ; 3.01e-10 s                  ; 4.34e-10 s                  ; No                         ; No                         ; 2.75 V                      ; 0.000242 V                  ; 2.86 V             ; -0.0805 V          ; 0.358 V                             ; 0.156 V                             ; 3.01e-10 s                 ; 4.34e-10 s                 ; No                        ; No                        ;
; HEX2[4]             ; 2.5 V        ; 0 s                 ; 0 s                 ; 2.75 V                       ; 0.000242 V                   ; 2.86 V              ; -0.0805 V           ; 0.358 V                              ; 0.156 V                              ; 3.01e-10 s                  ; 4.34e-10 s                  ; No                         ; No                         ; 2.75 V                      ; 0.000242 V                  ; 2.86 V             ; -0.0805 V          ; 0.358 V                             ; 0.156 V                             ; 3.01e-10 s                 ; 4.34e-10 s                 ; No                        ; No                        ;
; HEX2[5]             ; 2.5 V        ; 0 s                 ; 0 s                 ; 2.75 V                       ; 0.000242 V                   ; 2.86 V              ; -0.0814 V           ; 0.36 V                               ; 0.156 V                              ; 3e-10 s                     ; 4.34e-10 s                  ; No                         ; No                         ; 2.75 V                      ; 0.000242 V                  ; 2.86 V             ; -0.0814 V          ; 0.36 V                              ; 0.156 V                             ; 3e-10 s                    ; 4.34e-10 s                 ; No                        ; No                        ;
; HEX2[6]             ; 2.5 V        ; 0 s                 ; 0 s                 ; 2.75 V                       ; 0.000242 V                   ; 2.86 V              ; -0.0814 V           ; 0.36 V                               ; 0.156 V                              ; 3e-10 s                     ; 4.34e-10 s                  ; No                         ; No                         ; 2.75 V                      ; 0.000242 V                  ; 2.86 V             ; -0.0814 V          ; 0.36 V                              ; 0.156 V                             ; 3e-10 s                    ; 4.34e-10 s                 ; No                        ; No                        ;
; HEX3[0]             ; 2.5 V        ; 0 s                 ; 0 s                 ; 2.75 V                       ; 0.000247 V                   ; 2.85 V              ; -0.0711 V           ; 0.204 V                              ; 0.181 V                              ; 4.55e-10 s                  ; 4.49e-10 s                  ; No                         ; No                         ; 2.75 V                      ; 0.000247 V                  ; 2.85 V             ; -0.0711 V          ; 0.204 V                             ; 0.181 V                             ; 4.55e-10 s                 ; 4.49e-10 s                 ; No                        ; No                        ;
; HEX3[1]             ; 2.5 V        ; 0 s                 ; 0 s                 ; 2.75 V                       ; 0.000213 V                   ; 2.79 V              ; -0.0324 V           ; 0.139 V                              ; 0.119 V                              ; 4.42e-10 s                  ; 4.33e-10 s                  ; No                         ; Yes                        ; 2.75 V                      ; 0.000213 V                  ; 2.79 V             ; -0.0324 V          ; 0.139 V                             ; 0.119 V                             ; 4.42e-10 s                 ; 4.33e-10 s                 ; No                        ; Yes                       ;
; HEX3[2]             ; 2.5 V        ; 0 s                 ; 0 s                 ; 2.75 V                       ; 0.000247 V                   ; 2.85 V              ; -0.0711 V           ; 0.204 V                              ; 0.181 V                              ; 4.55e-10 s                  ; 4.49e-10 s                  ; No                         ; No                         ; 2.75 V                      ; 0.000247 V                  ; 2.85 V             ; -0.0711 V          ; 0.204 V                             ; 0.181 V                             ; 4.55e-10 s                 ; 4.49e-10 s                 ; No                        ; No                        ;
; HEX3[3]             ; 2.5 V        ; 0 s                 ; 0 s                 ; 2.75 V                       ; 0.000213 V                   ; 2.79 V              ; -0.0324 V           ; 0.139 V                              ; 0.119 V                              ; 4.42e-10 s                  ; 4.33e-10 s                  ; No                         ; Yes                        ; 2.75 V                      ; 0.000213 V                  ; 2.79 V             ; -0.0324 V          ; 0.139 V                             ; 0.119 V                             ; 4.42e-10 s                 ; 4.33e-10 s                 ; No                        ; Yes                       ;
; HEX3[4]             ; 2.5 V        ; 0 s                 ; 0 s                 ; 2.75 V                       ; 0.000242 V                   ; 2.86 V              ; -0.0805 V           ; 0.358 V                              ; 0.156 V                              ; 3.01e-10 s                  ; 4.34e-10 s                  ; No                         ; No                         ; 2.75 V                      ; 0.000242 V                  ; 2.86 V             ; -0.0805 V          ; 0.358 V                             ; 0.156 V                             ; 3.01e-10 s                 ; 4.34e-10 s                 ; No                        ; No                        ;
; HEX3[5]             ; 2.5 V        ; 0 s                 ; 0 s                 ; 2.75 V                       ; 0.000213 V                   ; 2.79 V              ; -0.0324 V           ; 0.139 V                              ; 0.119 V                              ; 4.42e-10 s                  ; 4.33e-10 s                  ; No                         ; Yes                        ; 2.75 V                      ; 0.000213 V                  ; 2.79 V             ; -0.0324 V          ; 0.139 V                             ; 0.119 V                             ; 4.42e-10 s                 ; 4.33e-10 s                 ; No                        ; Yes                       ;
; HEX3[6]             ; 2.5 V        ; 0 s                 ; 0 s                 ; 2.75 V                       ; 0.000247 V                   ; 2.85 V              ; -0.0711 V           ; 0.204 V                              ; 0.181 V                              ; 4.55e-10 s                  ; 4.49e-10 s                  ; No                         ; No                         ; 2.75 V                      ; 0.000247 V                  ; 2.85 V             ; -0.0711 V          ; 0.204 V                             ; 0.181 V                             ; 4.55e-10 s                 ; 4.49e-10 s                 ; No                        ; No                        ;
; HEX4[0]             ; 2.5 V        ; 0 s                 ; 0 s                 ; 2.75 V                       ; 0.000247 V                   ; 2.85 V              ; -0.0711 V           ; 0.204 V                              ; 0.181 V                              ; 4.55e-10 s                  ; 4.49e-10 s                  ; No                         ; No                         ; 2.75 V                      ; 0.000247 V                  ; 2.85 V             ; -0.0711 V          ; 0.204 V                             ; 0.181 V                             ; 4.55e-10 s                 ; 4.49e-10 s                 ; No                        ; No                        ;
; HEX4[1]             ; 2.5 V        ; 0 s                 ; 0 s                 ; 2.75 V                       ; 0.000247 V                   ; 2.85 V              ; -0.0711 V           ; 0.204 V                              ; 0.181 V                              ; 4.55e-10 s                  ; 4.49e-10 s                  ; No                         ; No                         ; 2.75 V                      ; 0.000247 V                  ; 2.85 V             ; -0.0711 V          ; 0.204 V                             ; 0.181 V                             ; 4.55e-10 s                 ; 4.49e-10 s                 ; No                        ; No                        ;
; HEX4[2]             ; 2.5 V        ; 0 s                 ; 0 s                 ; 2.75 V                       ; 0.000213 V                   ; 2.79 V              ; -0.0324 V           ; 0.139 V                              ; 0.119 V                              ; 4.42e-10 s                  ; 4.33e-10 s                  ; No                         ; Yes                        ; 2.75 V                      ; 0.000213 V                  ; 2.79 V             ; -0.0324 V          ; 0.139 V                             ; 0.119 V                             ; 4.42e-10 s                 ; 4.33e-10 s                 ; No                        ; Yes                       ;
; HEX4[3]             ; 2.5 V        ; 0 s                 ; 0 s                 ; 2.75 V                       ; 0.000213 V                   ; 2.79 V              ; -0.0324 V           ; 0.139 V                              ; 0.119 V                              ; 4.42e-10 s                  ; 4.33e-10 s                  ; No                         ; Yes                        ; 2.75 V                      ; 0.000213 V                  ; 2.79 V             ; -0.0324 V          ; 0.139 V                             ; 0.119 V                             ; 4.42e-10 s                 ; 4.33e-10 s                 ; No                        ; Yes                       ;
; HEX4[4]             ; 2.5 V        ; 0 s                 ; 0 s                 ; 2.75 V                       ; 0.000213 V                   ; 2.79 V              ; -0.0324 V           ; 0.139 V                              ; 0.119 V                              ; 4.42e-10 s                  ; 4.33e-10 s                  ; No                         ; Yes                        ; 2.75 V                      ; 0.000213 V                  ; 2.79 V             ; -0.0324 V          ; 0.139 V                             ; 0.119 V                             ; 4.42e-10 s                 ; 4.33e-10 s                 ; No                        ; Yes                       ;
; HEX4[5]             ; 2.5 V        ; 0 s                 ; 0 s                 ; 2.75 V                       ; 0.000247 V                   ; 2.85 V              ; -0.0711 V           ; 0.204 V                              ; 0.181 V                              ; 4.55e-10 s                  ; 4.49e-10 s                  ; No                         ; No                         ; 2.75 V                      ; 0.000247 V                  ; 2.85 V             ; -0.0711 V          ; 0.204 V                             ; 0.181 V                             ; 4.55e-10 s                 ; 4.49e-10 s                 ; No                        ; No                        ;
; HEX4[6]             ; 2.5 V        ; 0 s                 ; 0 s                 ; 2.75 V                       ; 0.000247 V                   ; 2.85 V              ; -0.0711 V           ; 0.204 V                              ; 0.181 V                              ; 4.55e-10 s                  ; 4.49e-10 s                  ; No                         ; No                         ; 2.75 V                      ; 0.000247 V                  ; 2.85 V             ; -0.0711 V          ; 0.204 V                             ; 0.181 V                             ; 4.55e-10 s                 ; 4.49e-10 s                 ; No                        ; No                        ;
; HEX5[0]             ; 2.5 V        ; 0 s                 ; 0 s                 ; 2.75 V                       ; 0.000213 V                   ; 2.79 V              ; -0.0324 V           ; 0.139 V                              ; 0.119 V                              ; 4.42e-10 s                  ; 4.33e-10 s                  ; No                         ; Yes                        ; 2.75 V                      ; 0.000213 V                  ; 2.79 V             ; -0.0324 V          ; 0.139 V                             ; 0.119 V                             ; 4.42e-10 s                 ; 4.33e-10 s                 ; No                        ; Yes                       ;
; HEX5[1]             ; 2.5 V        ; 0 s                 ; 0 s                 ; 2.75 V                       ; 0.000242 V                   ; 2.86 V              ; -0.0814 V           ; 0.36 V                               ; 0.156 V                              ; 3e-10 s                     ; 4.34e-10 s                  ; No                         ; No                         ; 2.75 V                      ; 0.000242 V                  ; 2.86 V             ; -0.0814 V          ; 0.36 V                              ; 0.156 V                             ; 3e-10 s                    ; 4.34e-10 s                 ; No                        ; No                        ;
; HEX5[2]             ; 2.5 V        ; 0 s                 ; 0 s                 ; 2.75 V                       ; 0.000213 V                   ; 2.79 V              ; -0.0324 V           ; 0.139 V                              ; 0.119 V                              ; 4.42e-10 s                  ; 4.33e-10 s                  ; No                         ; Yes                        ; 2.75 V                      ; 0.000213 V                  ; 2.79 V             ; -0.0324 V          ; 0.139 V                             ; 0.119 V                             ; 4.42e-10 s                 ; 4.33e-10 s                 ; No                        ; Yes                       ;
; HEX5[3]             ; 2.5 V        ; 0 s                 ; 0 s                 ; 2.75 V                       ; 0.000213 V                   ; 2.79 V              ; -0.0324 V           ; 0.139 V                              ; 0.119 V                              ; 4.42e-10 s                  ; 4.33e-10 s                  ; No                         ; Yes                        ; 2.75 V                      ; 0.000213 V                  ; 2.79 V             ; -0.0324 V          ; 0.139 V                             ; 0.119 V                             ; 4.42e-10 s                 ; 4.33e-10 s                 ; No                        ; Yes                       ;
; HEX5[4]             ; 2.5 V        ; 0 s                 ; 0 s                 ; 2.75 V                       ; 0.000242 V                   ; 2.86 V              ; -0.0814 V           ; 0.36 V                               ; 0.156 V                              ; 3e-10 s                     ; 4.34e-10 s                  ; No                         ; No                         ; 2.75 V                      ; 0.000242 V                  ; 2.86 V             ; -0.0814 V          ; 0.36 V                              ; 0.156 V                             ; 3e-10 s                    ; 4.34e-10 s                 ; No                        ; No                        ;
; HEX5[5]             ; 2.5 V        ; 0 s                 ; 0 s                 ; 2.75 V                       ; 0.000247 V                   ; 2.85 V              ; -0.0711 V           ; 0.204 V                              ; 0.181 V                              ; 4.55e-10 s                  ; 4.49e-10 s                  ; No                         ; No                         ; 2.75 V                      ; 0.000247 V                  ; 2.85 V             ; -0.0711 V          ; 0.204 V                             ; 0.181 V                             ; 4.55e-10 s                 ; 4.49e-10 s                 ; No                        ; No                        ;
; HEX5[6]             ; 2.5 V        ; 0 s                 ; 0 s                 ; 2.75 V                       ; 0.000242 V                   ; 2.86 V              ; -0.0805 V           ; 0.358 V                              ; 0.156 V                              ; 3.01e-10 s                  ; 4.34e-10 s                  ; No                         ; No                         ; 2.75 V                      ; 0.000242 V                  ; 2.86 V             ; -0.0805 V          ; 0.358 V                             ; 0.156 V                             ; 3.01e-10 s                 ; 4.34e-10 s                 ; No                        ; No                        ;
; altera_reserved_tdo ; 2.5 V        ; 0 s                 ; 0 s                 ; 2.75 V                       ; 0.000219 V                   ; 2.85 V              ; -0.0938 V           ; 0.339 V                              ; 0.157 V                              ; 3.08e-10 s                  ; 4.29e-10 s                  ; No                         ; No                         ; 2.75 V                      ; 0.000219 V                  ; 2.85 V             ; -0.0938 V          ; 0.339 V                             ; 0.157 V                             ; 3.08e-10 s                 ; 4.29e-10 s                 ; No                        ; No                        ;
+---------------------+--------------+---------------------+---------------------+------------------------------+------------------------------+---------------------+---------------------+--------------------------------------+--------------------------------------+-----------------------------+-----------------------------+----------------------------+----------------------------+-----------------------------+-----------------------------+--------------------+--------------------+-------------------------------------+-------------------------------------+----------------------------+----------------------------+---------------------------+---------------------------+


+-----------------------------------------------------------------------------------------+
; Setup Transfers                                                                         ;
+---------------------+---------------------+------------+----------+----------+----------+
; From Clock          ; To Clock            ; RR Paths   ; FR Paths ; RF Paths ; FF Paths ;
+---------------------+---------------------+------------+----------+----------+----------+
; altera_reserved_tck ; altera_reserved_tck ; 8977       ; 0        ; 70       ; 0        ;
; CLOCK_50            ; altera_reserved_tck ; false path ; 0        ; 0        ; 0        ;
; altera_reserved_tck ; CLOCK_50            ; false path ; 0        ; 0        ; 0        ;
; CLOCK_50            ; CLOCK_50            ; 688322     ; 0        ; 0        ; 0        ;
+---------------------+---------------------+------------+----------+----------+----------+
Entries labeled "false path" only account for clock-to-clock false paths and not path-based false paths. As a result, actual path counts may be lower than reported.


+-----------------------------------------------------------------------------------------+
; Hold Transfers                                                                          ;
+---------------------+---------------------+------------+----------+----------+----------+
; From Clock          ; To Clock            ; RR Paths   ; FR Paths ; RF Paths ; FF Paths ;
+---------------------+---------------------+------------+----------+----------+----------+
; altera_reserved_tck ; altera_reserved_tck ; 8977       ; 0        ; 70       ; 0        ;
; CLOCK_50            ; altera_reserved_tck ; false path ; 0        ; 0        ; 0        ;
; altera_reserved_tck ; CLOCK_50            ; false path ; 0        ; 0        ; 0        ;
; CLOCK_50            ; CLOCK_50            ; 688322     ; 0        ; 0        ; 0        ;
+---------------------+---------------------+------------+----------+----------+----------+
Entries labeled "false path" only account for clock-to-clock false paths and not path-based false paths. As a result, actual path counts may be lower than reported.


+-----------------------------------------------------------------------------------------+
; Recovery Transfers                                                                      ;
+---------------------+---------------------+------------+----------+----------+----------+
; From Clock          ; To Clock            ; RR Paths   ; FR Paths ; RF Paths ; FF Paths ;
+---------------------+---------------------+------------+----------+----------+----------+
; altera_reserved_tck ; altera_reserved_tck ; 260        ; 0        ; 0        ; 0        ;
; CLOCK_50            ; altera_reserved_tck ; false path ; 0        ; 0        ; 0        ;
; altera_reserved_tck ; CLOCK_50            ; false path ; 0        ; 0        ; 0        ;
; CLOCK_50            ; CLOCK_50            ; 1190       ; 0        ; 0        ; 0        ;
+---------------------+---------------------+------------+----------+----------+----------+
Entries labeled "false path" only account for clock-to-clock false paths and not path-based false paths. As a result, actual path counts may be lower than reported.


+-----------------------------------------------------------------------------------------+
; Removal Transfers                                                                       ;
+---------------------+---------------------+------------+----------+----------+----------+
; From Clock          ; To Clock            ; RR Paths   ; FR Paths ; RF Paths ; FF Paths ;
+---------------------+---------------------+------------+----------+----------+----------+
; altera_reserved_tck ; altera_reserved_tck ; 260        ; 0        ; 0        ; 0        ;
; CLOCK_50            ; altera_reserved_tck ; false path ; 0        ; 0        ; 0        ;
; altera_reserved_tck ; CLOCK_50            ; false path ; 0        ; 0        ; 0        ;
; CLOCK_50            ; CLOCK_50            ; 1190       ; 0        ; 0        ; 0        ;
+---------------------+---------------------+------------+----------+----------+----------+
Entries labeled "false path" only account for clock-to-clock false paths and not path-based false paths. As a result, actual path counts may be lower than reported.


---------------
; Report TCCS ;
---------------
No dedicated SERDES Transmitter circuitry present in device or used in design


---------------
; Report RSKM ;
---------------
No non-DPA dedicated SERDES Receiver circuitry present in device or used in design


+------------------------------------------------+
; Unconstrained Paths Summary                    ;
+---------------------------------+-------+------+
; Property                        ; Setup ; Hold ;
+---------------------------------+-------+------+
; Illegal Clocks                  ; 0     ; 0    ;
; Unconstrained Clocks            ; 0     ; 0    ;
; Unconstrained Input Ports       ; 3     ; 3    ;
; Unconstrained Input Port Paths  ; 120   ; 120  ;
; Unconstrained Output Ports      ; 43    ; 43   ;
; Unconstrained Output Port Paths ; 47    ; 47   ;
+---------------------------------+-------+------+


+----------------------------------------------------------------+
; Clock Status Summary                                           ;
+---------------------+---------------------+------+-------------+
; Target              ; Clock               ; Type ; Status      ;
+---------------------+---------------------+------+-------------+
; CLOCK_50            ; CLOCK_50            ; Base ; Constrained ;
; altera_reserved_tck ; altera_reserved_tck ; Base ; Constrained ;
+---------------------+---------------------+------+-------------+


+------------------------------------------------------------------------------------------------------------+
; Unconstrained Input Ports                                                                                  ;
+---------------------+--------------------------------------------------------------------------------------+
; Input Port          ; Comment                                                                              ;
+---------------------+--------------------------------------------------------------------------------------+
; RESET_N             ; Partially constrained                                                                ;
; altera_reserved_tdi ; No input delay, min/max delays, false-path exceptions, or max skew assignments found ;
; altera_reserved_tms ; No input delay, min/max delays, false-path exceptions, or max skew assignments found ;
+---------------------+--------------------------------------------------------------------------------------+


+-------------------------------------------------------------------------------------------------------------+
; Unconstrained Output Ports                                                                                  ;
+---------------------+---------------------------------------------------------------------------------------+
; Output Port         ; Comment                                                                               ;
+---------------------+---------------------------------------------------------------------------------------+
; HEX0[0]             ; No output delay, min/max delays, false-path exceptions, or max skew assignments found ;
; HEX0[1]             ; No output delay, min/max delays, false-path exceptions, or max skew assignments found ;
; HEX0[2]             ; No output delay, min/max delays, false-path exceptions, or max skew assignments found ;
; HEX0[3]             ; No output delay, min/max delays, false-path exceptions, or max skew assignments found ;
; HEX0[4]             ; No output delay, min/max delays, false-path exceptions, or max skew assignments found ;
; HEX0[5]             ; No output delay, min/max delays, false-path exceptions, or max skew assignments found ;
; HEX0[6]             ; No output delay, min/max delays, false-path exceptions, or max skew assignments found ;
; HEX1[0]             ; No output delay, min/max delays, false-path exceptions, or max skew assignments found ;
; HEX1[1]             ; No output delay, min/max delays, false-path exceptions, or max skew assignments found ;
; HEX1[2]             ; No output delay, min/max delays, false-path exceptions, or max skew assignments found ;
; HEX1[3]             ; No output delay, min/max delays, false-path exceptions, or max skew assignments found ;
; HEX1[4]             ; No output delay, min/max delays, false-path exceptions, or max skew assignments found ;
; HEX1[5]             ; No output delay, min/max delays, false-path exceptions, or max skew assignments found ;
; HEX1[6]             ; No output delay, min/max delays, false-path exceptions, or max skew assignments found ;
; HEX2[0]             ; No output delay, min/max delays, false-path exceptions, or max skew assignments found ;
; HEX2[1]             ; No output delay, min/max delays, false-path exceptions, or max skew assignments found ;
; HEX2[2]             ; No output delay, min/max delays, false-path exceptions, or max skew assignments found ;
; HEX2[3]             ; No output delay, min/max delays, false-path exceptions, or max skew assignments found ;
; HEX2[4]             ; No output delay, min/max delays, false-path exceptions, or max skew assignments found ;
; HEX2[5]             ; No output delay, min/max delays, false-path exceptions, or max skew assignments found ;
; HEX2[6]             ; No output delay, min/max delays, false-path exceptions, or max skew assignments found ;
; HEX3[0]             ; No output delay, min/max delays, false-path exceptions, or max skew assignments found ;
; HEX3[1]             ; No output delay, min/max delays, false-path exceptions, or max skew assignments found ;
; HEX3[2]             ; No output delay, min/max delays, false-path exceptions, or max skew assignments found ;
; HEX3[3]             ; No output delay, min/max delays, false-path exceptions, or max skew assignments found ;
; HEX3[4]             ; No output delay, min/max delays, false-path exceptions, or max skew assignments found ;
; HEX3[5]             ; No output delay, min/max delays, false-path exceptions, or max skew assignments found ;
; HEX3[6]             ; No output delay, min/max delays, false-path exceptions, or max skew assignments found ;
; HEX4[0]             ; No output delay, min/max delays, false-path exceptions, or max skew assignments found ;
; HEX4[1]             ; No output delay, min/max delays, false-path exceptions, or max skew assignments found ;
; HEX4[2]             ; No output delay, min/max delays, false-path exceptions, or max skew assignments found ;
; HEX4[3]             ; No output delay, min/max delays, false-path exceptions, or max skew assignments found ;
; HEX4[4]             ; No output delay, min/max delays, false-path exceptions, or max skew assignments found ;
; HEX4[5]             ; No output delay, min/max delays, false-path exceptions, or max skew assignments found ;
; HEX4[6]             ; No output delay, min/max delays, false-path exceptions, or max skew assignments found ;
; HEX5[0]             ; No output delay, min/max delays, false-path exceptions, or max skew assignments found ;
; HEX5[1]             ; No output delay, min/max delays, false-path exceptions, or max skew assignments found ;
; HEX5[2]             ; No output delay, min/max delays, false-path exceptions, or max skew assignments found ;
; HEX5[3]             ; No output delay, min/max delays, false-path exceptions, or max skew assignments found ;
; HEX5[4]             ; No output delay, min/max delays, false-path exceptions, or max skew assignments found ;
; HEX5[5]             ; No output delay, min/max delays, false-path exceptions, or max skew assignments found ;
; HEX5[6]             ; No output delay, min/max delays, false-path exceptions, or max skew assignments found ;
; altera_reserved_tdo ; No output delay, min/max delays, false-path exceptions, or max skew assignments found ;
+---------------------+---------------------------------------------------------------------------------------+


+------------------------------------------------------------------------------------------------------------+
; Unconstrained Input Ports                                                                                  ;
+---------------------+--------------------------------------------------------------------------------------+
; Input Port          ; Comment                                                                              ;
+---------------------+--------------------------------------------------------------------------------------+
; RESET_N             ; Partially constrained                                                                ;
; altera_reserved_tdi ; No input delay, min/max delays, false-path exceptions, or max skew assignments found ;
; altera_reserved_tms ; No input delay, min/max delays, false-path exceptions, or max skew assignments found ;
+---------------------+--------------------------------------------------------------------------------------+


+-------------------------------------------------------------------------------------------------------------+
; Unconstrained Output Ports                                                                                  ;
+---------------------+---------------------------------------------------------------------------------------+
; Output Port         ; Comment                                                                               ;
+---------------------+---------------------------------------------------------------------------------------+
; HEX0[0]             ; No output delay, min/max delays, false-path exceptions, or max skew assignments found ;
; HEX0[1]             ; No output delay, min/max delays, false-path exceptions, or max skew assignments found ;
; HEX0[2]             ; No output delay, min/max delays, false-path exceptions, or max skew assignments found ;
; HEX0[3]             ; No output delay, min/max delays, false-path exceptions, or max skew assignments found ;
; HEX0[4]             ; No output delay, min/max delays, false-path exceptions, or max skew assignments found ;
; HEX0[5]             ; No output delay, min/max delays, false-path exceptions, or max skew assignments found ;
; HEX0[6]             ; No output delay, min/max delays, false-path exceptions, or max skew assignments found ;
; HEX1[0]             ; No output delay, min/max delays, false-path exceptions, or max skew assignments found ;
; HEX1[1]             ; No output delay, min/max delays, false-path exceptions, or max skew assignments found ;
; HEX1[2]             ; No output delay, min/max delays, false-path exceptions, or max skew assignments found ;
; HEX1[3]             ; No output delay, min/max delays, false-path exceptions, or max skew assignments found ;
; HEX1[4]             ; No output delay, min/max delays, false-path exceptions, or max skew assignments found ;
; HEX1[5]             ; No output delay, min/max delays, false-path exceptions, or max skew assignments found ;
; HEX1[6]             ; No output delay, min/max delays, false-path exceptions, or max skew assignments found ;
; HEX2[0]             ; No output delay, min/max delays, false-path exceptions, or max skew assignments found ;
; HEX2[1]             ; No output delay, min/max delays, false-path exceptions, or max skew assignments found ;
; HEX2[2]             ; No output delay, min/max delays, false-path exceptions, or max skew assignments found ;
; HEX2[3]             ; No output delay, min/max delays, false-path exceptions, or max skew assignments found ;
; HEX2[4]             ; No output delay, min/max delays, false-path exceptions, or max skew assignments found ;
; HEX2[5]             ; No output delay, min/max delays, false-path exceptions, or max skew assignments found ;
; HEX2[6]             ; No output delay, min/max delays, false-path exceptions, or max skew assignments found ;
; HEX3[0]             ; No output delay, min/max delays, false-path exceptions, or max skew assignments found ;
; HEX3[1]             ; No output delay, min/max delays, false-path exceptions, or max skew assignments found ;
; HEX3[2]             ; No output delay, min/max delays, false-path exceptions, or max skew assignments found ;
; HEX3[3]             ; No output delay, min/max delays, false-path exceptions, or max skew assignments found ;
; HEX3[4]             ; No output delay, min/max delays, false-path exceptions, or max skew assignments found ;
; HEX3[5]             ; No output delay, min/max delays, false-path exceptions, or max skew assignments found ;
; HEX3[6]             ; No output delay, min/max delays, false-path exceptions, or max skew assignments found ;
; HEX4[0]             ; No output delay, min/max delays, false-path exceptions, or max skew assignments found ;
; HEX4[1]             ; No output delay, min/max delays, false-path exceptions, or max skew assignments found ;
; HEX4[2]             ; No output delay, min/max delays, false-path exceptions, or max skew assignments found ;
; HEX4[3]             ; No output delay, min/max delays, false-path exceptions, or max skew assignments found ;
; HEX4[4]             ; No output delay, min/max delays, false-path exceptions, or max skew assignments found ;
; HEX4[5]             ; No output delay, min/max delays, false-path exceptions, or max skew assignments found ;
; HEX4[6]             ; No output delay, min/max delays, false-path exceptions, or max skew assignments found ;
; HEX5[0]             ; No output delay, min/max delays, false-path exceptions, or max skew assignments found ;
; HEX5[1]             ; No output delay, min/max delays, false-path exceptions, or max skew assignments found ;
; HEX5[2]             ; No output delay, min/max delays, false-path exceptions, or max skew assignments found ;
; HEX5[3]             ; No output delay, min/max delays, false-path exceptions, or max skew assignments found ;
; HEX5[4]             ; No output delay, min/max delays, false-path exceptions, or max skew assignments found ;
; HEX5[5]             ; No output delay, min/max delays, false-path exceptions, or max skew assignments found ;
; HEX5[6]             ; No output delay, min/max delays, false-path exceptions, or max skew assignments found ;
; altera_reserved_tdo ; No output delay, min/max delays, false-path exceptions, or max skew assignments found ;
+---------------------+---------------------------------------------------------------------------------------+


+--------------------------+
; Timing Analyzer Messages ;
+--------------------------+
Info: *******************************************************************
Info: Running Quartus Prime Timing Analyzer
    Info: Version 25.1std.0 Build 1129 10/21/2025 SC Lite Edition
    Info: Processing started: Wed Jul  8 09:27:11 2026
Info: Command: quartus_sta niosv -c niosv
Info: qsta_default_script.tcl version: #1
Warning (20013): Ignored 34 assignments for entity "niosv_reset_controller" -- entity does not exist in design
Warning (18236): Number of processors has not been specified which may cause overloading on shared machines.  Set the global assignment NUM_PARALLEL_PROCESSORS in your QSF to an appropriate value for best performance.
Info (20030): Parallel compilation is enabled and will use 10 of the 10 processors detected
Info (21077): Low junction temperature is 0 degrees C
Info (21077): High junction temperature is 85 degrees C
Info (332164): Evaluating HDL-embedded SDC commands
    Info (332165): Entity sld_hub
        Info (332166): create_clock -name altera_reserved_tck [get_ports {altera_reserved_tck}] -period 30MHz   
        Info (332166): if { [string equal quartus_fit $::TimeQuestInfo(nameofexecutable)] } { set_max_delay -to [get_ports { altera_reserved_tdo } ] 0 }
        Info (332166): set_clock_groups -asynchronous -group {altera_reserved_tck}
Info (332104): Reading SDC File: 'niosv/synthesis/submodules/altera_reset_controller.sdc'
Info (332104): Reading SDC File: 'niosv/synthesis/submodules/altera_avalon_st_handshake_clock_crosser.sdc'
Info (332104): Reading SDC File: 'niosv/niosv.sdc'
Info (332097): The following timing edges are non-unate.  The Timing Analyzer will assume pos-unate behavior for these edges in the clock network.
    Info (332098): From: niosv:u0|niosv_intel_niosv_m_0:intel_niosv_m_0|niosv_dm_top:dbg_mod|niosv_debug_module:dm_inst|niosv_debug_rom:dbg_rom_inst|niosv_ram:gen_mlab_rom.dbg_rom_inst|altsyncram:ram_no_ecc.data_ram_inst|altsyncram_45v1:auto_generated|lutrama0~CLKMUX_0  to: niosv:u0|niosv_intel_niosv_m_0:intel_niosv_m_0|niosv_dm_top:dbg_mod|niosv_debug_module:dm_inst|niosv_debug_rom:dbg_rom_inst|niosv_ram:gen_mlab_rom.dbg_rom_inst|altsyncram:ram_no_ecc.data_ram_inst|altsyncram_45v1:auto_generated|lutrama0~MEMORYREGOUT
    Info (332098): From: niosv:u0|niosv_intel_niosv_m_0:intel_niosv_m_0|niosv_dm_top:dbg_mod|niosv_debug_module:dm_inst|niosv_debug_rom:dbg_rom_inst|niosv_ram:gen_mlab_rom.dbg_rom_inst|altsyncram:ram_no_ecc.data_ram_inst|altsyncram_45v1:auto_generated|lutrama10~CLKMUX_0  to: niosv:u0|niosv_intel_niosv_m_0:intel_niosv_m_0|niosv_dm_top:dbg_mod|niosv_debug_module:dm_inst|niosv_debug_rom:dbg_rom_inst|niosv_ram:gen_mlab_rom.dbg_rom_inst|altsyncram:ram_no_ecc.data_ram_inst|altsyncram_45v1:auto_generated|lutrama10~MEMORYREGOUT
    Info (332098): From: niosv:u0|niosv_intel_niosv_m_0:intel_niosv_m_0|niosv_dm_top:dbg_mod|niosv_debug_module:dm_inst|niosv_debug_rom:dbg_rom_inst|niosv_ram:gen_mlab_rom.dbg_rom_inst|altsyncram:ram_no_ecc.data_ram_inst|altsyncram_45v1:auto_generated|lutrama11~CLKMUX_0  to: niosv:u0|niosv_intel_niosv_m_0:intel_niosv_m_0|niosv_dm_top:dbg_mod|niosv_debug_module:dm_inst|niosv_debug_rom:dbg_rom_inst|niosv_ram:gen_mlab_rom.dbg_rom_inst|altsyncram:ram_no_ecc.data_ram_inst|altsyncram_45v1:auto_generated|lutrama11~MEMORYREGOUT
    Info (332098): From: niosv:u0|niosv_intel_niosv_m_0:intel_niosv_m_0|niosv_dm_top:dbg_mod|niosv_debug_module:dm_inst|niosv_debug_rom:dbg_rom_inst|niosv_ram:gen_mlab_rom.dbg_rom_inst|altsyncram:ram_no_ecc.data_ram_inst|altsyncram_45v1:auto_generated|lutrama12~CLKMUX_0  to: niosv:u0|niosv_intel_niosv_m_0:intel_niosv_m_0|niosv_dm_top:dbg_mod|niosv_debug_module:dm_inst|niosv_debug_rom:dbg_rom_inst|niosv_ram:gen_mlab_rom.dbg_rom_inst|altsyncram:ram_no_ecc.data_ram_inst|altsyncram_45v1:auto_generated|lutrama12~MEMORYREGOUT
    Info (332098): From: niosv:u0|niosv_intel_niosv_m_0:intel_niosv_m_0|niosv_dm_top:dbg_mod|niosv_debug_module:dm_inst|niosv_debug_rom:dbg_rom_inst|niosv_ram:gen_mlab_rom.dbg_rom_inst|altsyncram:ram_no_ecc.data_ram_inst|altsyncram_45v1:auto_generated|lutrama13~CLKMUX_0  to: niosv:u0|niosv_intel_niosv_m_0:intel_niosv_m_0|niosv_dm_top:dbg_mod|niosv_debug_module:dm_inst|niosv_debug_rom:dbg_rom_inst|niosv_ram:gen_mlab_rom.dbg_rom_inst|altsyncram:ram_no_ecc.data_ram_inst|altsyncram_45v1:auto_generated|lutrama13~MEMORYREGOUT
    Info (332098): From: niosv:u0|niosv_intel_niosv_m_0:intel_niosv_m_0|niosv_dm_top:dbg_mod|niosv_debug_module:dm_inst|niosv_debug_rom:dbg_rom_inst|niosv_ram:gen_mlab_rom.dbg_rom_inst|altsyncram:ram_no_ecc.data_ram_inst|altsyncram_45v1:auto_generated|lutrama14~CLKMUX_0  to: niosv:u0|niosv_intel_niosv_m_0:intel_niosv_m_0|niosv_dm_top:dbg_mod|niosv_debug_module:dm_inst|niosv_debug_rom:dbg_rom_inst|niosv_ram:gen_mlab_rom.dbg_rom_inst|altsyncram:ram_no_ecc.data_ram_inst|altsyncram_45v1:auto_generated|lutrama14~MEMORYREGOUT
    Info (332098): From: niosv:u0|niosv_intel_niosv_m_0:intel_niosv_m_0|niosv_dm_top:dbg_mod|niosv_debug_module:dm_inst|niosv_debug_rom:dbg_rom_inst|niosv_ram:gen_mlab_rom.dbg_rom_inst|altsyncram:ram_no_ecc.data_ram_inst|altsyncram_45v1:auto_generated|lutrama15~CLKMUX_0  to: niosv:u0|niosv_intel_niosv_m_0:intel_niosv_m_0|niosv_dm_top:dbg_mod|niosv_debug_module:dm_inst|niosv_debug_rom:dbg_rom_inst|niosv_ram:gen_mlab_rom.dbg_rom_inst|altsyncram:ram_no_ecc.data_ram_inst|altsyncram_45v1:auto_generated|lutrama15~MEMORYREGOUT
    Info (332098): From: niosv:u0|niosv_intel_niosv_m_0:intel_niosv_m_0|niosv_dm_top:dbg_mod|niosv_debug_module:dm_inst|niosv_debug_rom:dbg_rom_inst|niosv_ram:gen_mlab_rom.dbg_rom_inst|altsyncram:ram_no_ecc.data_ram_inst|altsyncram_45v1:auto_generated|lutrama16~CLKMUX_0  to: niosv:u0|niosv_intel_niosv_m_0:intel_niosv_m_0|niosv_dm_top:dbg_mod|niosv_debug_module:dm_inst|niosv_debug_rom:dbg_rom_inst|niosv_ram:gen_mlab_rom.dbg_rom_inst|altsyncram:ram_no_ecc.data_ram_inst|altsyncram_45v1:auto_generated|lutrama16~MEMORYREGOUT
    Info (332098): From: niosv:u0|niosv_intel_niosv_m_0:intel_niosv_m_0|niosv_dm_top:dbg_mod|niosv_debug_module:dm_inst|niosv_debug_rom:dbg_rom_inst|niosv_ram:gen_mlab_rom.dbg_rom_inst|altsyncram:ram_no_ecc.data_ram_inst|altsyncram_45v1:auto_generated|lutrama17~CLKMUX_0  to: niosv:u0|niosv_intel_niosv_m_0:intel_niosv_m_0|niosv_dm_top:dbg_mod|niosv_debug_module:dm_inst|niosv_debug_rom:dbg_rom_inst|niosv_ram:gen_mlab_rom.dbg_rom_inst|altsyncram:ram_no_ecc.data_ram_inst|altsyncram_45v1:auto_generated|lutrama17~MEMORYREGOUT
    Info (332098): From: niosv:u0|niosv_intel_niosv_m_0:intel_niosv_m_0|niosv_dm_top:dbg_mod|niosv_debug_module:dm_inst|niosv_debug_rom:dbg_rom_inst|niosv_ram:gen_mlab_rom.dbg_rom_inst|altsyncram:ram_no_ecc.data_ram_inst|altsyncram_45v1:auto_generated|lutrama18~CLKMUX_0  to: niosv:u0|niosv_intel_niosv_m_0:intel_niosv_m_0|niosv_dm_top:dbg_mod|niosv_debug_module:dm_inst|niosv_debug_rom:dbg_rom_inst|niosv_ram:gen_mlab_rom.dbg_rom_inst|altsyncram:ram_no_ecc.data_ram_inst|altsyncram_45v1:auto_generated|lutrama18~MEMORYREGOUT
    Info (332098): From: niosv:u0|niosv_intel_niosv_m_0:intel_niosv_m_0|niosv_dm_top:dbg_mod|niosv_debug_module:dm_inst|niosv_debug_rom:dbg_rom_inst|niosv_ram:gen_mlab_rom.dbg_rom_inst|altsyncram:ram_no_ecc.data_ram_inst|altsyncram_45v1:auto_generated|lutrama19~CLKMUX_0  to: niosv:u0|niosv_intel_niosv_m_0:intel_niosv_m_0|niosv_dm_top:dbg_mod|niosv_debug_module:dm_inst|niosv_debug_rom:dbg_rom_inst|niosv_ram:gen_mlab_rom.dbg_rom_inst|altsyncram:ram_no_ecc.data_ram_inst|altsyncram_45v1:auto_generated|lutrama19~MEMORYREGOUT
    Info (332098): From: niosv:u0|niosv_intel_niosv_m_0:intel_niosv_m_0|niosv_dm_top:dbg_mod|niosv_debug_module:dm_inst|niosv_debug_rom:dbg_rom_inst|niosv_ram:gen_mlab_rom.dbg_rom_inst|altsyncram:ram_no_ecc.data_ram_inst|altsyncram_45v1:auto_generated|lutrama1~CLKMUX_0  to: niosv:u0|niosv_intel_niosv_m_0:intel_niosv_m_0|niosv_dm_top:dbg_mod|niosv_debug_module:dm_inst|niosv_debug_rom:dbg_rom_inst|niosv_ram:gen_mlab_rom.dbg_rom_inst|altsyncram:ram_no_ecc.data_ram_inst|altsyncram_45v1:auto_generated|lutrama1~MEMORYREGOUT
    Info (332098): From: niosv:u0|niosv_intel_niosv_m_0:intel_niosv_m_0|niosv_dm_top:dbg_mod|niosv_debug_module:dm_inst|niosv_debug_rom:dbg_rom_inst|niosv_ram:gen_mlab_rom.dbg_rom_inst|altsyncram:ram_no_ecc.data_ram_inst|altsyncram_45v1:auto_generated|lutrama20~CLKMUX_0  to: niosv:u0|niosv_intel_niosv_m_0:intel_niosv_m_0|niosv_dm_top:dbg_mod|niosv_debug_module:dm_inst|niosv_debug_rom:dbg_rom_inst|niosv_ram:gen_mlab_rom.dbg_rom_inst|altsyncram:ram_no_ecc.data_ram_inst|altsyncram_45v1:auto_generated|lutrama20~MEMORYREGOUT
    Info (332098): From: niosv:u0|niosv_intel_niosv_m_0:intel_niosv_m_0|niosv_dm_top:dbg_mod|niosv_debug_module:dm_inst|niosv_debug_rom:dbg_rom_inst|niosv_ram:gen_mlab_rom.dbg_rom_inst|altsyncram:ram_no_ecc.data_ram_inst|altsyncram_45v1:auto_generated|lutrama21~CLKMUX_0  to: niosv:u0|niosv_intel_niosv_m_0:intel_niosv_m_0|niosv_dm_top:dbg_mod|niosv_debug_module:dm_inst|niosv_debug_rom:dbg_rom_inst|niosv_ram:gen_mlab_rom.dbg_rom_inst|altsyncram:ram_no_ecc.data_ram_inst|altsyncram_45v1:auto_generated|lutrama21~MEMORYREGOUT
    Info (332098): From: niosv:u0|niosv_intel_niosv_m_0:intel_niosv_m_0|niosv_dm_top:dbg_mod|niosv_debug_module:dm_inst|niosv_debug_rom:dbg_rom_inst|niosv_ram:gen_mlab_rom.dbg_rom_inst|altsyncram:ram_no_ecc.data_ram_inst|altsyncram_45v1:auto_generated|lutrama22~CLKMUX_0  to: niosv:u0|niosv_intel_niosv_m_0:intel_niosv_m_0|niosv_dm_top:dbg_mod|niosv_debug_module:dm_inst|niosv_debug_rom:dbg_rom_inst|niosv_ram:gen_mlab_rom.dbg_rom_inst|altsyncram:ram_no_ecc.data_ram_inst|altsyncram_45v1:auto_generated|lutrama22~MEMORYREGOUT
    Info (332098): From: niosv:u0|niosv_intel_niosv_m_0:intel_niosv_m_0|niosv_dm_top:dbg_mod|niosv_debug_module:dm_inst|niosv_debug_rom:dbg_rom_inst|niosv_ram:gen_mlab_rom.dbg_rom_inst|altsyncram:ram_no_ecc.data_ram_inst|altsyncram_45v1:auto_generated|lutrama23~CLKMUX_0  to: niosv:u0|niosv_intel_niosv_m_0:intel_niosv_m_0|niosv_dm_top:dbg_mod|niosv_debug_module:dm_inst|niosv_debug_rom:dbg_rom_inst|niosv_ram:gen_mlab_rom.dbg_rom_inst|altsyncram:ram_no_ecc.data_ram_inst|altsyncram_45v1:auto_generated|lutrama23~MEMORYREGOUT
    Info (332098): From: niosv:u0|niosv_intel_niosv_m_0:intel_niosv_m_0|niosv_dm_top:dbg_mod|niosv_debug_module:dm_inst|niosv_debug_rom:dbg_rom_inst|niosv_ram:gen_mlab_rom.dbg_rom_inst|altsyncram:ram_no_ecc.data_ram_inst|altsyncram_45v1:auto_generated|lutrama24~CLKMUX_0  to: niosv:u0|niosv_intel_niosv_m_0:intel_niosv_m_0|niosv_dm_top:dbg_mod|niosv_debug_module:dm_inst|niosv_debug_rom:dbg_rom_inst|niosv_ram:gen_mlab_rom.dbg_rom_inst|altsyncram:ram_no_ecc.data_ram_inst|altsyncram_45v1:auto_generated|lutrama24~MEMORYREGOUT
    Info (332098): From: niosv:u0|niosv_intel_niosv_m_0:intel_niosv_m_0|niosv_dm_top:dbg_mod|niosv_debug_module:dm_inst|niosv_debug_rom:dbg_rom_inst|niosv_ram:gen_mlab_rom.dbg_rom_inst|altsyncram:ram_no_ecc.data_ram_inst|altsyncram_45v1:auto_generated|lutrama25~CLKMUX_0  to: niosv:u0|niosv_intel_niosv_m_0:intel_niosv_m_0|niosv_dm_top:dbg_mod|niosv_debug_module:dm_inst|niosv_debug_rom:dbg_rom_inst|niosv_ram:gen_mlab_rom.dbg_rom_inst|altsyncram:ram_no_ecc.data_ram_inst|altsyncram_45v1:auto_generated|lutrama25~MEMORYREGOUT
    Info (332098): From: niosv:u0|niosv_intel_niosv_m_0:intel_niosv_m_0|niosv_dm_top:dbg_mod|niosv_debug_module:dm_inst|niosv_debug_rom:dbg_rom_inst|niosv_ram:gen_mlab_rom.dbg_rom_inst|altsyncram:ram_no_ecc.data_ram_inst|altsyncram_45v1:auto_generated|lutrama26~CLKMUX_0  to: niosv:u0|niosv_intel_niosv_m_0:intel_niosv_m_0|niosv_dm_top:dbg_mod|niosv_debug_module:dm_inst|niosv_debug_rom:dbg_rom_inst|niosv_ram:gen_mlab_rom.dbg_rom_inst|altsyncram:ram_no_ecc.data_ram_inst|altsyncram_45v1:auto_generated|lutrama26~MEMORYREGOUT
    Info (332098): From: niosv:u0|niosv_intel_niosv_m_0:intel_niosv_m_0|niosv_dm_top:dbg_mod|niosv_debug_module:dm_inst|niosv_debug_rom:dbg_rom_inst|niosv_ram:gen_mlab_rom.dbg_rom_inst|altsyncram:ram_no_ecc.data_ram_inst|altsyncram_45v1:auto_generated|lutrama27~CLKMUX_0  to: niosv:u0|niosv_intel_niosv_m_0:intel_niosv_m_0|niosv_dm_top:dbg_mod|niosv_debug_module:dm_inst|niosv_debug_rom:dbg_rom_inst|niosv_ram:gen_mlab_rom.dbg_rom_inst|altsyncram:ram_no_ecc.data_ram_inst|altsyncram_45v1:auto_generated|lutrama27~MEMORYREGOUT
    Info (332098): From: niosv:u0|niosv_intel_niosv_m_0:intel_niosv_m_0|niosv_dm_top:dbg_mod|niosv_debug_module:dm_inst|niosv_debug_rom:dbg_rom_inst|niosv_ram:gen_mlab_rom.dbg_rom_inst|altsyncram:ram_no_ecc.data_ram_inst|altsyncram_45v1:auto_generated|lutrama28~CLKMUX_0  to: niosv:u0|niosv_intel_niosv_m_0:intel_niosv_m_0|niosv_dm_top:dbg_mod|niosv_debug_module:dm_inst|niosv_debug_rom:dbg_rom_inst|niosv_ram:gen_mlab_rom.dbg_rom_inst|altsyncram:ram_no_ecc.data_ram_inst|altsyncram_45v1:auto_generated|lutrama28~MEMORYREGOUT
    Info (332098): From: niosv:u0|niosv_intel_niosv_m_0:intel_niosv_m_0|niosv_dm_top:dbg_mod|niosv_debug_module:dm_inst|niosv_debug_rom:dbg_rom_inst|niosv_ram:gen_mlab_rom.dbg_rom_inst|altsyncram:ram_no_ecc.data_ram_inst|altsyncram_45v1:auto_generated|lutrama29~CLKMUX_0  to: niosv:u0|niosv_intel_niosv_m_0:intel_niosv_m_0|niosv_dm_top:dbg_mod|niosv_debug_module:dm_inst|niosv_debug_rom:dbg_rom_inst|niosv_ram:gen_mlab_rom.dbg_rom_inst|altsyncram:ram_no_ecc.data_ram_inst|altsyncram_45v1:auto_generated|lutrama29~MEMORYREGOUT
    Info (332098): From: niosv:u0|niosv_intel_niosv_m_0:intel_niosv_m_0|niosv_dm_top:dbg_mod|niosv_debug_module:dm_inst|niosv_debug_rom:dbg_rom_inst|niosv_ram:gen_mlab_rom.dbg_rom_inst|altsyncram:ram_no_ecc.data_ram_inst|altsyncram_45v1:auto_generated|lutrama2~CLKMUX_0  to: niosv:u0|niosv_intel_niosv_m_0:intel_niosv_m_0|niosv_dm_top:dbg_mod|niosv_debug_module:dm_inst|niosv_debug_rom:dbg_rom_inst|niosv_ram:gen_mlab_rom.dbg_rom_inst|altsyncram:ram_no_ecc.data_ram_inst|altsyncram_45v1:auto_generated|lutrama2~MEMORYREGOUT
    Info (332098): From: niosv:u0|niosv_intel_niosv_m_0:intel_niosv_m_0|niosv_dm_top:dbg_mod|niosv_debug_module:dm_inst|niosv_debug_rom:dbg_rom_inst|niosv_ram:gen_mlab_rom.dbg_rom_inst|altsyncram:ram_no_ecc.data_ram_inst|altsyncram_45v1:auto_generated|lutrama30~CLKMUX_0  to: niosv:u0|niosv_intel_niosv_m_0:intel_niosv_m_0|niosv_dm_top:dbg_mod|niosv_debug_module:dm_inst|niosv_debug_rom:dbg_rom_inst|niosv_ram:gen_mlab_rom.dbg_rom_inst|altsyncram:ram_no_ecc.data_ram_inst|altsyncram_45v1:auto_generated|lutrama30~MEMORYREGOUT
    Info (332098): From: niosv:u0|niosv_intel_niosv_m_0:intel_niosv_m_0|niosv_dm_top:dbg_mod|niosv_debug_module:dm_inst|niosv_debug_rom:dbg_rom_inst|niosv_ram:gen_mlab_rom.dbg_rom_inst|altsyncram:ram_no_ecc.data_ram_inst|altsyncram_45v1:auto_generated|lutrama31~CLKMUX_0  to: niosv:u0|niosv_intel_niosv_m_0:intel_niosv_m_0|niosv_dm_top:dbg_mod|niosv_debug_module:dm_inst|niosv_debug_rom:dbg_rom_inst|niosv_ram:gen_mlab_rom.dbg_rom_inst|altsyncram:ram_no_ecc.data_ram_inst|altsyncram_45v1:auto_generated|lutrama31~MEMORYREGOUT
    Info (332098): From: niosv:u0|niosv_intel_niosv_m_0:intel_niosv_m_0|niosv_dm_top:dbg_mod|niosv_debug_module:dm_inst|niosv_debug_rom:dbg_rom_inst|niosv_ram:gen_mlab_rom.dbg_rom_inst|altsyncram:ram_no_ecc.data_ram_inst|altsyncram_45v1:auto_generated|lutrama32~CLKMUX_0  to: niosv:u0|niosv_intel_niosv_m_0:intel_niosv_m_0|niosv_dm_top:dbg_mod|niosv_debug_module:dm_inst|niosv_debug_rom:dbg_rom_inst|niosv_ram:gen_mlab_rom.dbg_rom_inst|altsyncram:ram_no_ecc.data_ram_inst|altsyncram_45v1:auto_generated|lutrama32~MEMORYREGOUT
    Info (332098): From: niosv:u0|niosv_intel_niosv_m_0:intel_niosv_m_0|niosv_dm_top:dbg_mod|niosv_debug_module:dm_inst|niosv_debug_rom:dbg_rom_inst|niosv_ram:gen_mlab_rom.dbg_rom_inst|altsyncram:ram_no_ecc.data_ram_inst|altsyncram_45v1:auto_generated|lutrama33~CLKMUX_0  to: niosv:u0|niosv_intel_niosv_m_0:intel_niosv_m_0|niosv_dm_top:dbg_mod|niosv_debug_module:dm_inst|niosv_debug_rom:dbg_rom_inst|niosv_ram:gen_mlab_rom.dbg_rom_inst|altsyncram:ram_no_ecc.data_ram_inst|altsyncram_45v1:auto_generated|lutrama33~MEMORYREGOUT
    Info (332098): From: niosv:u0|niosv_intel_niosv_m_0:intel_niosv_m_0|niosv_dm_top:dbg_mod|niosv_debug_module:dm_inst|niosv_debug_rom:dbg_rom_inst|niosv_ram:gen_mlab_rom.dbg_rom_inst|altsyncram:ram_no_ecc.data_ram_inst|altsyncram_45v1:auto_generated|lutrama34~CLKMUX_0  to: niosv:u0|niosv_intel_niosv_m_0:intel_niosv_m_0|niosv_dm_top:dbg_mod|niosv_debug_module:dm_inst|niosv_debug_rom:dbg_rom_inst|niosv_ram:gen_mlab_rom.dbg_rom_inst|altsyncram:ram_no_ecc.data_ram_inst|altsyncram_45v1:auto_generated|lutrama34~MEMORYREGOUT
    Info (332098): From: niosv:u0|niosv_intel_niosv_m_0:intel_niosv_m_0|niosv_dm_top:dbg_mod|niosv_debug_module:dm_inst|niosv_debug_rom:dbg_rom_inst|niosv_ram:gen_mlab_rom.dbg_rom_inst|altsyncram:ram_no_ecc.data_ram_inst|altsyncram_45v1:auto_generated|lutrama35~CLKMUX_0  to: niosv:u0|niosv_intel_niosv_m_0:intel_niosv_m_0|niosv_dm_top:dbg_mod|niosv_debug_module:dm_inst|niosv_debug_rom:dbg_rom_inst|niosv_ram:gen_mlab_rom.dbg_rom_inst|altsyncram:ram_no_ecc.data_ram_inst|altsyncram_45v1:auto_generated|lutrama35~MEMORYREGOUT
    Info (332098): From: niosv:u0|niosv_intel_niosv_m_0:intel_niosv_m_0|niosv_dm_top:dbg_mod|niosv_debug_module:dm_inst|niosv_debug_rom:dbg_rom_inst|niosv_ram:gen_mlab_rom.dbg_rom_inst|altsyncram:ram_no_ecc.data_ram_inst|altsyncram_45v1:auto_generated|lutrama36~CLKMUX_0  to: niosv:u0|niosv_intel_niosv_m_0:intel_niosv_m_0|niosv_dm_top:dbg_mod|niosv_debug_module:dm_inst|niosv_debug_rom:dbg_rom_inst|niosv_ram:gen_mlab_rom.dbg_rom_inst|altsyncram:ram_no_ecc.data_ram_inst|altsyncram_45v1:auto_generated|lutrama36~MEMORYREGOUT
    Info (332098): From: niosv:u0|niosv_intel_niosv_m_0:intel_niosv_m_0|niosv_dm_top:dbg_mod|niosv_debug_module:dm_inst|niosv_debug_rom:dbg_rom_inst|niosv_ram:gen_mlab_rom.dbg_rom_inst|altsyncram:ram_no_ecc.data_ram_inst|altsyncram_45v1:auto_generated|lutrama37~CLKMUX_0  to: niosv:u0|niosv_intel_niosv_m_0:intel_niosv_m_0|niosv_dm_top:dbg_mod|niosv_debug_module:dm_inst|niosv_debug_rom:dbg_rom_inst|niosv_ram:gen_mlab_rom.dbg_rom_inst|altsyncram:ram_no_ecc.data_ram_inst|altsyncram_45v1:auto_generated|lutrama37~MEMORYREGOUT
    Info (332098): From: niosv:u0|niosv_intel_niosv_m_0:intel_niosv_m_0|niosv_dm_top:dbg_mod|niosv_debug_module:dm_inst|niosv_debug_rom:dbg_rom_inst|niosv_ram:gen_mlab_rom.dbg_rom_inst|altsyncram:ram_no_ecc.data_ram_inst|altsyncram_45v1:auto_generated|lutrama38~CLKMUX_0  to: niosv:u0|niosv_intel_niosv_m_0:intel_niosv_m_0|niosv_dm_top:dbg_mod|niosv_debug_module:dm_inst|niosv_debug_rom:dbg_rom_inst|niosv_ram:gen_mlab_rom.dbg_rom_inst|altsyncram:ram_no_ecc.data_ram_inst|altsyncram_45v1:auto_generated|lutrama38~MEMORYREGOUT
    Info (332098): From: niosv:u0|niosv_intel_niosv_m_0:intel_niosv_m_0|niosv_dm_top:dbg_mod|niosv_debug_module:dm_inst|niosv_debug_rom:dbg_rom_inst|niosv_ram:gen_mlab_rom.dbg_rom_inst|altsyncram:ram_no_ecc.data_ram_inst|altsyncram_45v1:auto_generated|lutrama39~CLKMUX_0  to: niosv:u0|niosv_intel_niosv_m_0:intel_niosv_m_0|niosv_dm_top:dbg_mod|niosv_debug_module:dm_inst|niosv_debug_rom:dbg_rom_inst|niosv_ram:gen_mlab_rom.dbg_rom_inst|altsyncram:ram_no_ecc.data_ram_inst|altsyncram_45v1:auto_generated|lutrama39~MEMORYREGOUT
    Info (332098): From: niosv:u0|niosv_intel_niosv_m_0:intel_niosv_m_0|niosv_dm_top:dbg_mod|niosv_debug_module:dm_inst|niosv_debug_rom:dbg_rom_inst|niosv_ram:gen_mlab_rom.dbg_rom_inst|altsyncram:ram_no_ecc.data_ram_inst|altsyncram_45v1:auto_generated|lutrama3~CLKMUX_0  to: niosv:u0|niosv_intel_niosv_m_0:intel_niosv_m_0|niosv_dm_top:dbg_mod|niosv_debug_module:dm_inst|niosv_debug_rom:dbg_rom_inst|niosv_ram:gen_mlab_rom.dbg_rom_inst|altsyncram:ram_no_ecc.data_ram_inst|altsyncram_45v1:auto_generated|lutrama3~MEMORYREGOUT
    Info (332098): From: niosv:u0|niosv_intel_niosv_m_0:intel_niosv_m_0|niosv_dm_top:dbg_mod|niosv_debug_module:dm_inst|niosv_debug_rom:dbg_rom_inst|niosv_ram:gen_mlab_rom.dbg_rom_inst|altsyncram:ram_no_ecc.data_ram_inst|altsyncram_45v1:auto_generated|lutrama40~CLKMUX_0  to: niosv:u0|niosv_intel_niosv_m_0:intel_niosv_m_0|niosv_dm_top:dbg_mod|niosv_debug_module:dm_inst|niosv_debug_rom:dbg_rom_inst|niosv_ram:gen_mlab_rom.dbg_rom_inst|altsyncram:ram_no_ecc.data_ram_inst|altsyncram_45v1:auto_generated|lutrama40~MEMORYREGOUT
    Info (332098): From: niosv:u0|niosv_intel_niosv_m_0:intel_niosv_m_0|niosv_dm_top:dbg_mod|niosv_debug_module:dm_inst|niosv_debug_rom:dbg_rom_inst|niosv_ram:gen_mlab_rom.dbg_rom_inst|altsyncram:ram_no_ecc.data_ram_inst|altsyncram_45v1:auto_generated|lutrama41~CLKMUX_0  to: niosv:u0|niosv_intel_niosv_m_0:intel_niosv_m_0|niosv_dm_top:dbg_mod|niosv_debug_module:dm_inst|niosv_debug_rom:dbg_rom_inst|niosv_ram:gen_mlab_rom.dbg_rom_inst|altsyncram:ram_no_ecc.data_ram_inst|altsyncram_45v1:auto_generated|lutrama41~MEMORYREGOUT
    Info (332098): From: niosv:u0|niosv_intel_niosv_m_0:intel_niosv_m_0|niosv_dm_top:dbg_mod|niosv_debug_module:dm_inst|niosv_debug_rom:dbg_rom_inst|niosv_ram:gen_mlab_rom.dbg_rom_inst|altsyncram:ram_no_ecc.data_ram_inst|altsyncram_45v1:auto_generated|lutrama42~CLKMUX_0  to: niosv:u0|niosv_intel_niosv_m_0:intel_niosv_m_0|niosv_dm_top:dbg_mod|niosv_debug_module:dm_inst|niosv_debug_rom:dbg_rom_inst|niosv_ram:gen_mlab_rom.dbg_rom_inst|altsyncram:ram_no_ecc.data_ram_inst|altsyncram_45v1:auto_generated|lutrama42~MEMORYREGOUT
    Info (332098): From: niosv:u0|niosv_intel_niosv_m_0:intel_niosv_m_0|niosv_dm_top:dbg_mod|niosv_debug_module:dm_inst|niosv_debug_rom:dbg_rom_inst|niosv_ram:gen_mlab_rom.dbg_rom_inst|altsyncram:ram_no_ecc.data_ram_inst|altsyncram_45v1:auto_generated|lutrama43~CLKMUX_0  to: niosv:u0|niosv_intel_niosv_m_0:intel_niosv_m_0|niosv_dm_top:dbg_mod|niosv_debug_module:dm_inst|niosv_debug_rom:dbg_rom_inst|niosv_ram:gen_mlab_rom.dbg_rom_inst|altsyncram:ram_no_ecc.data_ram_inst|altsyncram_45v1:auto_generated|lutrama43~MEMORYREGOUT
    Info (332098): From: niosv:u0|niosv_intel_niosv_m_0:intel_niosv_m_0|niosv_dm_top:dbg_mod|niosv_debug_module:dm_inst|niosv_debug_rom:dbg_rom_inst|niosv_ram:gen_mlab_rom.dbg_rom_inst|altsyncram:ram_no_ecc.data_ram_inst|altsyncram_45v1:auto_generated|lutrama44~CLKMUX_0  to: niosv:u0|niosv_intel_niosv_m_0:intel_niosv_m_0|niosv_dm_top:dbg_mod|niosv_debug_module:dm_inst|niosv_debug_rom:dbg_rom_inst|niosv_ram:gen_mlab_rom.dbg_rom_inst|altsyncram:ram_no_ecc.data_ram_inst|altsyncram_45v1:auto_generated|lutrama44~MEMORYREGOUT
    Info (332098): From: niosv:u0|niosv_intel_niosv_m_0:intel_niosv_m_0|niosv_dm_top:dbg_mod|niosv_debug_module:dm_inst|niosv_debug_rom:dbg_rom_inst|niosv_ram:gen_mlab_rom.dbg_rom_inst|altsyncram:ram_no_ecc.data_ram_inst|altsyncram_45v1:auto_generated|lutrama45~CLKMUX_0  to: niosv:u0|niosv_intel_niosv_m_0:intel_niosv_m_0|niosv_dm_top:dbg_mod|niosv_debug_module:dm_inst|niosv_debug_rom:dbg_rom_inst|niosv_ram:gen_mlab_rom.dbg_rom_inst|altsyncram:ram_no_ecc.data_ram_inst|altsyncram_45v1:auto_generated|lutrama45~MEMORYREGOUT
    Info (332098): From: niosv:u0|niosv_intel_niosv_m_0:intel_niosv_m_0|niosv_dm_top:dbg_mod|niosv_debug_module:dm_inst|niosv_debug_rom:dbg_rom_inst|niosv_ram:gen_mlab_rom.dbg_rom_inst|altsyncram:ram_no_ecc.data_ram_inst|altsyncram_45v1:auto_generated|lutrama46~CLKMUX_0  to: niosv:u0|niosv_intel_niosv_m_0:intel_niosv_m_0|niosv_dm_top:dbg_mod|niosv_debug_module:dm_inst|niosv_debug_rom:dbg_rom_inst|niosv_ram:gen_mlab_rom.dbg_rom_inst|altsyncram:ram_no_ecc.data_ram_inst|altsyncram_45v1:auto_generated|lutrama46~MEMORYREGOUT
    Info (332098): From: niosv:u0|niosv_intel_niosv_m_0:intel_niosv_m_0|niosv_dm_top:dbg_mod|niosv_debug_module:dm_inst|niosv_debug_rom:dbg_rom_inst|niosv_ram:gen_mlab_rom.dbg_rom_inst|altsyncram:ram_no_ecc.data_ram_inst|altsyncram_45v1:auto_generated|lutrama47~CLKMUX_0  to: niosv:u0|niosv_intel_niosv_m_0:intel_niosv_m_0|niosv_dm_top:dbg_mod|niosv_debug_module:dm_inst|niosv_debug_rom:dbg_rom_inst|niosv_ram:gen_mlab_rom.dbg_rom_inst|altsyncram:ram_no_ecc.data_ram_inst|altsyncram_45v1:auto_generated|lutrama47~MEMORYREGOUT
    Info (332098): From: niosv:u0|niosv_intel_niosv_m_0:intel_niosv_m_0|niosv_dm_top:dbg_mod|niosv_debug_module:dm_inst|niosv_debug_rom:dbg_rom_inst|niosv_ram:gen_mlab_rom.dbg_rom_inst|altsyncram:ram_no_ecc.data_ram_inst|altsyncram_45v1:auto_generated|lutrama48~CLKMUX_0  to: niosv:u0|niosv_intel_niosv_m_0:intel_niosv_m_0|niosv_dm_top:dbg_mod|niosv_debug_module:dm_inst|niosv_debug_rom:dbg_rom_inst|niosv_ram:gen_mlab_rom.dbg_rom_inst|altsyncram:ram_no_ecc.data_ram_inst|altsyncram_45v1:auto_generated|lutrama48~MEMORYREGOUT
    Info (332098): From: niosv:u0|niosv_intel_niosv_m_0:intel_niosv_m_0|niosv_dm_top:dbg_mod|niosv_debug_module:dm_inst|niosv_debug_rom:dbg_rom_inst|niosv_ram:gen_mlab_rom.dbg_rom_inst|altsyncram:ram_no_ecc.data_ram_inst|altsyncram_45v1:auto_generated|lutrama49~CLKMUX_0  to: niosv:u0|niosv_intel_niosv_m_0:intel_niosv_m_0|niosv_dm_top:dbg_mod|niosv_debug_module:dm_inst|niosv_debug_rom:dbg_rom_inst|niosv_ram:gen_mlab_rom.dbg_rom_inst|altsyncram:ram_no_ecc.data_ram_inst|altsyncram_45v1:auto_generated|lutrama49~MEMORYREGOUT
    Info (332098): From: niosv:u0|niosv_intel_niosv_m_0:intel_niosv_m_0|niosv_dm_top:dbg_mod|niosv_debug_module:dm_inst|niosv_debug_rom:dbg_rom_inst|niosv_ram:gen_mlab_rom.dbg_rom_inst|altsyncram:ram_no_ecc.data_ram_inst|altsyncram_45v1:auto_generated|lutrama4~CLKMUX_0  to: niosv:u0|niosv_intel_niosv_m_0:intel_niosv_m_0|niosv_dm_top:dbg_mod|niosv_debug_module:dm_inst|niosv_debug_rom:dbg_rom_inst|niosv_ram:gen_mlab_rom.dbg_rom_inst|altsyncram:ram_no_ecc.data_ram_inst|altsyncram_45v1:auto_generated|lutrama4~MEMORYREGOUT
    Info (332098): From: niosv:u0|niosv_intel_niosv_m_0:intel_niosv_m_0|niosv_dm_top:dbg_mod|niosv_debug_module:dm_inst|niosv_debug_rom:dbg_rom_inst|niosv_ram:gen_mlab_rom.dbg_rom_inst|altsyncram:ram_no_ecc.data_ram_inst|altsyncram_45v1:auto_generated|lutrama50~CLKMUX_0  to: niosv:u0|niosv_intel_niosv_m_0:intel_niosv_m_0|niosv_dm_top:dbg_mod|niosv_debug_module:dm_inst|niosv_debug_rom:dbg_rom_inst|niosv_ram:gen_mlab_rom.dbg_rom_inst|altsyncram:ram_no_ecc.data_ram_inst|altsyncram_45v1:auto_generated|lutrama50~MEMORYREGOUT
    Info (332098): From: niosv:u0|niosv_intel_niosv_m_0:intel_niosv_m_0|niosv_dm_top:dbg_mod|niosv_debug_module:dm_inst|niosv_debug_rom:dbg_rom_inst|niosv_ram:gen_mlab_rom.dbg_rom_inst|altsyncram:ram_no_ecc.data_ram_inst|altsyncram_45v1:auto_generated|lutrama51~CLKMUX_0  to: niosv:u0|niosv_intel_niosv_m_0:intel_niosv_m_0|niosv_dm_top:dbg_mod|niosv_debug_module:dm_inst|niosv_debug_rom:dbg_rom_inst|niosv_ram:gen_mlab_rom.dbg_rom_inst|altsyncram:ram_no_ecc.data_ram_inst|altsyncram_45v1:auto_generated|lutrama51~MEMORYREGOUT
    Info (332098): From: niosv:u0|niosv_intel_niosv_m_0:intel_niosv_m_0|niosv_dm_top:dbg_mod|niosv_debug_module:dm_inst|niosv_debug_rom:dbg_rom_inst|niosv_ram:gen_mlab_rom.dbg_rom_inst|altsyncram:ram_no_ecc.data_ram_inst|altsyncram_45v1:auto_generated|lutrama52~CLKMUX_0  to: niosv:u0|niosv_intel_niosv_m_0:intel_niosv_m_0|niosv_dm_top:dbg_mod|niosv_debug_module:dm_inst|niosv_debug_rom:dbg_rom_inst|niosv_ram:gen_mlab_rom.dbg_rom_inst|altsyncram:ram_no_ecc.data_ram_inst|altsyncram_45v1:auto_generated|lutrama52~MEMORYREGOUT
    Info (332098): From: niosv:u0|niosv_intel_niosv_m_0:intel_niosv_m_0|niosv_dm_top:dbg_mod|niosv_debug_module:dm_inst|niosv_debug_rom:dbg_rom_inst|niosv_ram:gen_mlab_rom.dbg_rom_inst|altsyncram:ram_no_ecc.data_ram_inst|altsyncram_45v1:auto_generated|lutrama53~CLKMUX_0  to: niosv:u0|niosv_intel_niosv_m_0:intel_niosv_m_0|niosv_dm_top:dbg_mod|niosv_debug_module:dm_inst|niosv_debug_rom:dbg_rom_inst|niosv_ram:gen_mlab_rom.dbg_rom_inst|altsyncram:ram_no_ecc.data_ram_inst|altsyncram_45v1:auto_generated|lutrama53~MEMORYREGOUT
    Info (332098): From: niosv:u0|niosv_intel_niosv_m_0:intel_niosv_m_0|niosv_dm_top:dbg_mod|niosv_debug_module:dm_inst|niosv_debug_rom:dbg_rom_inst|niosv_ram:gen_mlab_rom.dbg_rom_inst|altsyncram:ram_no_ecc.data_ram_inst|altsyncram_45v1:auto_generated|lutrama54~CLKMUX_0  to: niosv:u0|niosv_intel_niosv_m_0:intel_niosv_m_0|niosv_dm_top:dbg_mod|niosv_debug_module:dm_inst|niosv_debug_rom:dbg_rom_inst|niosv_ram:gen_mlab_rom.dbg_rom_inst|altsyncram:ram_no_ecc.data_ram_inst|altsyncram_45v1:auto_generated|lutrama54~MEMORYREGOUT
    Info (332098): From: niosv:u0|niosv_intel_niosv_m_0:intel_niosv_m_0|niosv_dm_top:dbg_mod|niosv_debug_module:dm_inst|niosv_debug_rom:dbg_rom_inst|niosv_ram:gen_mlab_rom.dbg_rom_inst|altsyncram:ram_no_ecc.data_ram_inst|altsyncram_45v1:auto_generated|lutrama55~CLKMUX_0  to: niosv:u0|niosv_intel_niosv_m_0:intel_niosv_m_0|niosv_dm_top:dbg_mod|niosv_debug_module:dm_inst|niosv_debug_rom:dbg_rom_inst|niosv_ram:gen_mlab_rom.dbg_rom_inst|altsyncram:ram_no_ecc.data_ram_inst|altsyncram_45v1:auto_generated|lutrama55~MEMORYREGOUT
    Info (332098): From: niosv:u0|niosv_intel_niosv_m_0:intel_niosv_m_0|niosv_dm_top:dbg_mod|niosv_debug_module:dm_inst|niosv_debug_rom:dbg_rom_inst|niosv_ram:gen_mlab_rom.dbg_rom_inst|altsyncram:ram_no_ecc.data_ram_inst|altsyncram_45v1:auto_generated|lutrama56~CLKMUX_0  to: niosv:u0|niosv_intel_niosv_m_0:intel_niosv_m_0|niosv_dm_top:dbg_mod|niosv_debug_module:dm_inst|niosv_debug_rom:dbg_rom_inst|niosv_ram:gen_mlab_rom.dbg_rom_inst|altsyncram:ram_no_ecc.data_ram_inst|altsyncram_45v1:auto_generated|lutrama56~MEMORYREGOUT
    Info (332098): From: niosv:u0|niosv_intel_niosv_m_0:intel_niosv_m_0|niosv_dm_top:dbg_mod|niosv_debug_module:dm_inst|niosv_debug_rom:dbg_rom_inst|niosv_ram:gen_mlab_rom.dbg_rom_inst|altsyncram:ram_no_ecc.data_ram_inst|altsyncram_45v1:auto_generated|lutrama57~CLKMUX_0  to: niosv:u0|niosv_intel_niosv_m_0:intel_niosv_m_0|niosv_dm_top:dbg_mod|niosv_debug_module:dm_inst|niosv_debug_rom:dbg_rom_inst|niosv_ram:gen_mlab_rom.dbg_rom_inst|altsyncram:ram_no_ecc.data_ram_inst|altsyncram_45v1:auto_generated|lutrama57~MEMORYREGOUT
    Info (332098): From: niosv:u0|niosv_intel_niosv_m_0:intel_niosv_m_0|niosv_dm_top:dbg_mod|niosv_debug_module:dm_inst|niosv_debug_rom:dbg_rom_inst|niosv_ram:gen_mlab_rom.dbg_rom_inst|altsyncram:ram_no_ecc.data_ram_inst|altsyncram_45v1:auto_generated|lutrama58~CLKMUX_0  to: niosv:u0|niosv_intel_niosv_m_0:intel_niosv_m_0|niosv_dm_top:dbg_mod|niosv_debug_module:dm_inst|niosv_debug_rom:dbg_rom_inst|niosv_ram:gen_mlab_rom.dbg_rom_inst|altsyncram:ram_no_ecc.data_ram_inst|altsyncram_45v1:auto_generated|lutrama58~MEMORYREGOUT
    Info (332098): From: niosv:u0|niosv_intel_niosv_m_0:intel_niosv_m_0|niosv_dm_top:dbg_mod|niosv_debug_module:dm_inst|niosv_debug_rom:dbg_rom_inst|niosv_ram:gen_mlab_rom.dbg_rom_inst|altsyncram:ram_no_ecc.data_ram_inst|altsyncram_45v1:auto_generated|lutrama59~CLKMUX_0  to: niosv:u0|niosv_intel_niosv_m_0:intel_niosv_m_0|niosv_dm_top:dbg_mod|niosv_debug_module:dm_inst|niosv_debug_rom:dbg_rom_inst|niosv_ram:gen_mlab_rom.dbg_rom_inst|altsyncram:ram_no_ecc.data_ram_inst|altsyncram_45v1:auto_generated|lutrama59~MEMORYREGOUT
    Info (332098): From: niosv:u0|niosv_intel_niosv_m_0:intel_niosv_m_0|niosv_dm_top:dbg_mod|niosv_debug_module:dm_inst|niosv_debug_rom:dbg_rom_inst|niosv_ram:gen_mlab_rom.dbg_rom_inst|altsyncram:ram_no_ecc.data_ram_inst|altsyncram_45v1:auto_generated|lutrama5~CLKMUX_0  to: niosv:u0|niosv_intel_niosv_m_0:intel_niosv_m_0|niosv_dm_top:dbg_mod|niosv_debug_module:dm_inst|niosv_debug_rom:dbg_rom_inst|niosv_ram:gen_mlab_rom.dbg_rom_inst|altsyncram:ram_no_ecc.data_ram_inst|altsyncram_45v1:auto_generated|lutrama5~MEMORYREGOUT
    Info (332098): From: niosv:u0|niosv_intel_niosv_m_0:intel_niosv_m_0|niosv_dm_top:dbg_mod|niosv_debug_module:dm_inst|niosv_debug_rom:dbg_rom_inst|niosv_ram:gen_mlab_rom.dbg_rom_inst|altsyncram:ram_no_ecc.data_ram_inst|altsyncram_45v1:auto_generated|lutrama60~CLKMUX_0  to: niosv:u0|niosv_intel_niosv_m_0:intel_niosv_m_0|niosv_dm_top:dbg_mod|niosv_debug_module:dm_inst|niosv_debug_rom:dbg_rom_inst|niosv_ram:gen_mlab_rom.dbg_rom_inst|altsyncram:ram_no_ecc.data_ram_inst|altsyncram_45v1:auto_generated|lutrama60~MEMORYREGOUT
    Info (332098): From: niosv:u0|niosv_intel_niosv_m_0:intel_niosv_m_0|niosv_dm_top:dbg_mod|niosv_debug_module:dm_inst|niosv_debug_rom:dbg_rom_inst|niosv_ram:gen_mlab_rom.dbg_rom_inst|altsyncram:ram_no_ecc.data_ram_inst|altsyncram_45v1:auto_generated|lutrama61~CLKMUX_0  to: niosv:u0|niosv_intel_niosv_m_0:intel_niosv_m_0|niosv_dm_top:dbg_mod|niosv_debug_module:dm_inst|niosv_debug_rom:dbg_rom_inst|niosv_ram:gen_mlab_rom.dbg_rom_inst|altsyncram:ram_no_ecc.data_ram_inst|altsyncram_45v1:auto_generated|lutrama61~MEMORYREGOUT
    Info (332098): From: niosv:u0|niosv_intel_niosv_m_0:intel_niosv_m_0|niosv_dm_top:dbg_mod|niosv_debug_module:dm_inst|niosv_debug_rom:dbg_rom_inst|niosv_ram:gen_mlab_rom.dbg_rom_inst|altsyncram:ram_no_ecc.data_ram_inst|altsyncram_45v1:auto_generated|lutrama62~CLKMUX_0  to: niosv:u0|niosv_intel_niosv_m_0:intel_niosv_m_0|niosv_dm_top:dbg_mod|niosv_debug_module:dm_inst|niosv_debug_rom:dbg_rom_inst|niosv_ram:gen_mlab_rom.dbg_rom_inst|altsyncram:ram_no_ecc.data_ram_inst|altsyncram_45v1:auto_generated|lutrama62~MEMORYREGOUT
    Info (332098): From: niosv:u0|niosv_intel_niosv_m_0:intel_niosv_m_0|niosv_dm_top:dbg_mod|niosv_debug_module:dm_inst|niosv_debug_rom:dbg_rom_inst|niosv_ram:gen_mlab_rom.dbg_rom_inst|altsyncram:ram_no_ecc.data_ram_inst|altsyncram_45v1:auto_generated|lutrama63~CLKMUX_0  to: niosv:u0|niosv_intel_niosv_m_0:intel_niosv_m_0|niosv_dm_top:dbg_mod|niosv_debug_module:dm_inst|niosv_debug_rom:dbg_rom_inst|niosv_ram:gen_mlab_rom.dbg_rom_inst|altsyncram:ram_no_ecc.data_ram_inst|altsyncram_45v1:auto_generated|lutrama63~MEMORYREGOUT
    Info (332098): From: niosv:u0|niosv_intel_niosv_m_0:intel_niosv_m_0|niosv_dm_top:dbg_mod|niosv_debug_module:dm_inst|niosv_debug_rom:dbg_rom_inst|niosv_ram:gen_mlab_rom.dbg_rom_inst|altsyncram:ram_no_ecc.data_ram_inst|altsyncram_45v1:auto_generated|lutrama6~CLKMUX_0  to: niosv:u0|niosv_intel_niosv_m_0:intel_niosv_m_0|niosv_dm_top:dbg_mod|niosv_debug_module:dm_inst|niosv_debug_rom:dbg_rom_inst|niosv_ram:gen_mlab_rom.dbg_rom_inst|altsyncram:ram_no_ecc.data_ram_inst|altsyncram_45v1:auto_generated|lutrama6~MEMORYREGOUT
    Info (332098): From: niosv:u0|niosv_intel_niosv_m_0:intel_niosv_m_0|niosv_dm_top:dbg_mod|niosv_debug_module:dm_inst|niosv_debug_rom:dbg_rom_inst|niosv_ram:gen_mlab_rom.dbg_rom_inst|altsyncram:ram_no_ecc.data_ram_inst|altsyncram_45v1:auto_generated|lutrama7~CLKMUX_0  to: niosv:u0|niosv_intel_niosv_m_0:intel_niosv_m_0|niosv_dm_top:dbg_mod|niosv_debug_module:dm_inst|niosv_debug_rom:dbg_rom_inst|niosv_ram:gen_mlab_rom.dbg_rom_inst|altsyncram:ram_no_ecc.data_ram_inst|altsyncram_45v1:auto_generated|lutrama7~MEMORYREGOUT
    Info (332098): From: niosv:u0|niosv_intel_niosv_m_0:intel_niosv_m_0|niosv_dm_top:dbg_mod|niosv_debug_module:dm_inst|niosv_debug_rom:dbg_rom_inst|niosv_ram:gen_mlab_rom.dbg_rom_inst|altsyncram:ram_no_ecc.data_ram_inst|altsyncram_45v1:auto_generated|lutrama8~CLKMUX_0  to: niosv:u0|niosv_intel_niosv_m_0:intel_niosv_m_0|niosv_dm_top:dbg_mod|niosv_debug_module:dm_inst|niosv_debug_rom:dbg_rom_inst|niosv_ram:gen_mlab_rom.dbg_rom_inst|altsyncram:ram_no_ecc.data_ram_inst|altsyncram_45v1:auto_generated|lutrama8~MEMORYREGOUT
    Info (332098): From: niosv:u0|niosv_intel_niosv_m_0:intel_niosv_m_0|niosv_dm_top:dbg_mod|niosv_debug_module:dm_inst|niosv_debug_rom:dbg_rom_inst|niosv_ram:gen_mlab_rom.dbg_rom_inst|altsyncram:ram_no_ecc.data_ram_inst|altsyncram_45v1:auto_generated|lutrama9~CLKMUX_0  to: niosv:u0|niosv_intel_niosv_m_0:intel_niosv_m_0|niosv_dm_top:dbg_mod|niosv_debug_module:dm_inst|niosv_debug_rom:dbg_rom_inst|niosv_ram:gen_mlab_rom.dbg_rom_inst|altsyncram:ram_no_ecc.data_ram_inst|altsyncram_45v1:auto_generated|lutrama9~MEMORYREGOUT
    Info (332098): From: niosv:u0|niosv_intel_niosv_m_0:intel_niosv_m_0|niosv_dm_top:dbg_mod|niosv_debug_module:dm_inst|niosv_ram:niosv_dm_csr_mem_inst|altsyncram:ram_no_ecc.data_ram_inst|altsyncram_51v1:auto_generated|lutrama0~CLKMUX_0  to: niosv:u0|niosv_intel_niosv_m_0:intel_niosv_m_0|niosv_dm_top:dbg_mod|niosv_debug_module:dm_inst|niosv_ram:niosv_dm_csr_mem_inst|altsyncram:ram_no_ecc.data_ram_inst|altsyncram_51v1:auto_generated|lutrama0~MEMORYREGOUT
    Info (332098): From: niosv:u0|niosv_intel_niosv_m_0:intel_niosv_m_0|niosv_dm_top:dbg_mod|niosv_debug_module:dm_inst|niosv_ram:niosv_dm_csr_mem_inst|altsyncram:ram_no_ecc.data_ram_inst|altsyncram_51v1:auto_generated|lutrama10~CLKMUX_0  to: niosv:u0|niosv_intel_niosv_m_0:intel_niosv_m_0|niosv_dm_top:dbg_mod|niosv_debug_module:dm_inst|niosv_ram:niosv_dm_csr_mem_inst|altsyncram:ram_no_ecc.data_ram_inst|altsyncram_51v1:auto_generated|lutrama10~MEMORYREGOUT
    Info (332098): From: niosv:u0|niosv_intel_niosv_m_0:intel_niosv_m_0|niosv_dm_top:dbg_mod|niosv_debug_module:dm_inst|niosv_ram:niosv_dm_csr_mem_inst|altsyncram:ram_no_ecc.data_ram_inst|altsyncram_51v1:auto_generated|lutrama11~CLKMUX_0  to: niosv:u0|niosv_intel_niosv_m_0:intel_niosv_m_0|niosv_dm_top:dbg_mod|niosv_debug_module:dm_inst|niosv_ram:niosv_dm_csr_mem_inst|altsyncram:ram_no_ecc.data_ram_inst|altsyncram_51v1:auto_generated|lutrama11~MEMORYREGOUT
    Info (332098): From: niosv:u0|niosv_intel_niosv_m_0:intel_niosv_m_0|niosv_dm_top:dbg_mod|niosv_debug_module:dm_inst|niosv_ram:niosv_dm_csr_mem_inst|altsyncram:ram_no_ecc.data_ram_inst|altsyncram_51v1:auto_generated|lutrama12~CLKMUX_0  to: niosv:u0|niosv_intel_niosv_m_0:intel_niosv_m_0|niosv_dm_top:dbg_mod|niosv_debug_module:dm_inst|niosv_ram:niosv_dm_csr_mem_inst|altsyncram:ram_no_ecc.data_ram_inst|altsyncram_51v1:auto_generated|lutrama12~MEMORYREGOUT
    Info (332098): From: niosv:u0|niosv_intel_niosv_m_0:intel_niosv_m_0|niosv_dm_top:dbg_mod|niosv_debug_module:dm_inst|niosv_ram:niosv_dm_csr_mem_inst|altsyncram:ram_no_ecc.data_ram_inst|altsyncram_51v1:auto_generated|lutrama13~CLKMUX_0  to: niosv:u0|niosv_intel_niosv_m_0:intel_niosv_m_0|niosv_dm_top:dbg_mod|niosv_debug_module:dm_inst|niosv_ram:niosv_dm_csr_mem_inst|altsyncram:ram_no_ecc.data_ram_inst|altsyncram_51v1:auto_generated|lutrama13~MEMORYREGOUT
    Info (332098): From: niosv:u0|niosv_intel_niosv_m_0:intel_niosv_m_0|niosv_dm_top:dbg_mod|niosv_debug_module:dm_inst|niosv_ram:niosv_dm_csr_mem_inst|altsyncram:ram_no_ecc.data_ram_inst|altsyncram_51v1:auto_generated|lutrama14~CLKMUX_0  to: niosv:u0|niosv_intel_niosv_m_0:intel_niosv_m_0|niosv_dm_top:dbg_mod|niosv_debug_module:dm_inst|niosv_ram:niosv_dm_csr_mem_inst|altsyncram:ram_no_ecc.data_ram_inst|altsyncram_51v1:auto_generated|lutrama14~MEMORYREGOUT
    Info (332098): From: niosv:u0|niosv_intel_niosv_m_0:intel_niosv_m_0|niosv_dm_top:dbg_mod|niosv_debug_module:dm_inst|niosv_ram:niosv_dm_csr_mem_inst|altsyncram:ram_no_ecc.data_ram_inst|altsyncram_51v1:auto_generated|lutrama15~CLKMUX_0  to: niosv:u0|niosv_intel_niosv_m_0:intel_niosv_m_0|niosv_dm_top:dbg_mod|niosv_debug_module:dm_inst|niosv_ram:niosv_dm_csr_mem_inst|altsyncram:ram_no_ecc.data_ram_inst|altsyncram_51v1:auto_generated|lutrama15~MEMORYREGOUT
    Info (332098): From: niosv:u0|niosv_intel_niosv_m_0:intel_niosv_m_0|niosv_dm_top:dbg_mod|niosv_debug_module:dm_inst|niosv_ram:niosv_dm_csr_mem_inst|altsyncram:ram_no_ecc.data_ram_inst|altsyncram_51v1:auto_generated|lutrama16~CLKMUX_0  to: niosv:u0|niosv_intel_niosv_m_0:intel_niosv_m_0|niosv_dm_top:dbg_mod|niosv_debug_module:dm_inst|niosv_ram:niosv_dm_csr_mem_inst|altsyncram:ram_no_ecc.data_ram_inst|altsyncram_51v1:auto_generated|lutrama16~MEMORYREGOUT
    Info (332098): From: niosv:u0|niosv_intel_niosv_m_0:intel_niosv_m_0|niosv_dm_top:dbg_mod|niosv_debug_module:dm_inst|niosv_ram:niosv_dm_csr_mem_inst|altsyncram:ram_no_ecc.data_ram_inst|altsyncram_51v1:auto_generated|lutrama17~CLKMUX_0  to: niosv:u0|niosv_intel_niosv_m_0:intel_niosv_m_0|niosv_dm_top:dbg_mod|niosv_debug_module:dm_inst|niosv_ram:niosv_dm_csr_mem_inst|altsyncram:ram_no_ecc.data_ram_inst|altsyncram_51v1:auto_generated|lutrama17~MEMORYREGOUT
    Info (332098): From: niosv:u0|niosv_intel_niosv_m_0:intel_niosv_m_0|niosv_dm_top:dbg_mod|niosv_debug_module:dm_inst|niosv_ram:niosv_dm_csr_mem_inst|altsyncram:ram_no_ecc.data_ram_inst|altsyncram_51v1:auto_generated|lutrama18~CLKMUX_0  to: niosv:u0|niosv_intel_niosv_m_0:intel_niosv_m_0|niosv_dm_top:dbg_mod|niosv_debug_module:dm_inst|niosv_ram:niosv_dm_csr_mem_inst|altsyncram:ram_no_ecc.data_ram_inst|altsyncram_51v1:auto_generated|lutrama18~MEMORYREGOUT
    Info (332098): From: niosv:u0|niosv_intel_niosv_m_0:intel_niosv_m_0|niosv_dm_top:dbg_mod|niosv_debug_module:dm_inst|niosv_ram:niosv_dm_csr_mem_inst|altsyncram:ram_no_ecc.data_ram_inst|altsyncram_51v1:auto_generated|lutrama19~CLKMUX_0  to: niosv:u0|niosv_intel_niosv_m_0:intel_niosv_m_0|niosv_dm_top:dbg_mod|niosv_debug_module:dm_inst|niosv_ram:niosv_dm_csr_mem_inst|altsyncram:ram_no_ecc.data_ram_inst|altsyncram_51v1:auto_generated|lutrama19~MEMORYREGOUT
    Info (332098): From: niosv:u0|niosv_intel_niosv_m_0:intel_niosv_m_0|niosv_dm_top:dbg_mod|niosv_debug_module:dm_inst|niosv_ram:niosv_dm_csr_mem_inst|altsyncram:ram_no_ecc.data_ram_inst|altsyncram_51v1:auto_generated|lutrama1~CLKMUX_0  to: niosv:u0|niosv_intel_niosv_m_0:intel_niosv_m_0|niosv_dm_top:dbg_mod|niosv_debug_module:dm_inst|niosv_ram:niosv_dm_csr_mem_inst|altsyncram:ram_no_ecc.data_ram_inst|altsyncram_51v1:auto_generated|lutrama1~MEMORYREGOUT
    Info (332098): From: niosv:u0|niosv_intel_niosv_m_0:intel_niosv_m_0|niosv_dm_top:dbg_mod|niosv_debug_module:dm_inst|niosv_ram:niosv_dm_csr_mem_inst|altsyncram:ram_no_ecc.data_ram_inst|altsyncram_51v1:auto_generated|lutrama20~CLKMUX_0  to: niosv:u0|niosv_intel_niosv_m_0:intel_niosv_m_0|niosv_dm_top:dbg_mod|niosv_debug_module:dm_inst|niosv_ram:niosv_dm_csr_mem_inst|altsyncram:ram_no_ecc.data_ram_inst|altsyncram_51v1:auto_generated|lutrama20~MEMORYREGOUT
    Info (332098): From: niosv:u0|niosv_intel_niosv_m_0:intel_niosv_m_0|niosv_dm_top:dbg_mod|niosv_debug_module:dm_inst|niosv_ram:niosv_dm_csr_mem_inst|altsyncram:ram_no_ecc.data_ram_inst|altsyncram_51v1:auto_generated|lutrama21~CLKMUX_0  to: niosv:u0|niosv_intel_niosv_m_0:intel_niosv_m_0|niosv_dm_top:dbg_mod|niosv_debug_module:dm_inst|niosv_ram:niosv_dm_csr_mem_inst|altsyncram:ram_no_ecc.data_ram_inst|altsyncram_51v1:auto_generated|lutrama21~MEMORYREGOUT
    Info (332098): From: niosv:u0|niosv_intel_niosv_m_0:intel_niosv_m_0|niosv_dm_top:dbg_mod|niosv_debug_module:dm_inst|niosv_ram:niosv_dm_csr_mem_inst|altsyncram:ram_no_ecc.data_ram_inst|altsyncram_51v1:auto_generated|lutrama22~CLKMUX_0  to: niosv:u0|niosv_intel_niosv_m_0:intel_niosv_m_0|niosv_dm_top:dbg_mod|niosv_debug_module:dm_inst|niosv_ram:niosv_dm_csr_mem_inst|altsyncram:ram_no_ecc.data_ram_inst|altsyncram_51v1:auto_generated|lutrama22~MEMORYREGOUT
    Info (332098): From: niosv:u0|niosv_intel_niosv_m_0:intel_niosv_m_0|niosv_dm_top:dbg_mod|niosv_debug_module:dm_inst|niosv_ram:niosv_dm_csr_mem_inst|altsyncram:ram_no_ecc.data_ram_inst|altsyncram_51v1:auto_generated|lutrama23~CLKMUX_0  to: niosv:u0|niosv_intel_niosv_m_0:intel_niosv_m_0|niosv_dm_top:dbg_mod|niosv_debug_module:dm_inst|niosv_ram:niosv_dm_csr_mem_inst|altsyncram:ram_no_ecc.data_ram_inst|altsyncram_51v1:auto_generated|lutrama23~MEMORYREGOUT
    Info (332098): From: niosv:u0|niosv_intel_niosv_m_0:intel_niosv_m_0|niosv_dm_top:dbg_mod|niosv_debug_module:dm_inst|niosv_ram:niosv_dm_csr_mem_inst|altsyncram:ram_no_ecc.data_ram_inst|altsyncram_51v1:auto_generated|lutrama24~CLKMUX_0  to: niosv:u0|niosv_intel_niosv_m_0:intel_niosv_m_0|niosv_dm_top:dbg_mod|niosv_debug_module:dm_inst|niosv_ram:niosv_dm_csr_mem_inst|altsyncram:ram_no_ecc.data_ram_inst|altsyncram_51v1:auto_generated|lutrama24~MEMORYREGOUT
    Info (332098): From: niosv:u0|niosv_intel_niosv_m_0:intel_niosv_m_0|niosv_dm_top:dbg_mod|niosv_debug_module:dm_inst|niosv_ram:niosv_dm_csr_mem_inst|altsyncram:ram_no_ecc.data_ram_inst|altsyncram_51v1:auto_generated|lutrama25~CLKMUX_0  to: niosv:u0|niosv_intel_niosv_m_0:intel_niosv_m_0|niosv_dm_top:dbg_mod|niosv_debug_module:dm_inst|niosv_ram:niosv_dm_csr_mem_inst|altsyncram:ram_no_ecc.data_ram_inst|altsyncram_51v1:auto_generated|lutrama25~MEMORYREGOUT
    Info (332098): From: niosv:u0|niosv_intel_niosv_m_0:intel_niosv_m_0|niosv_dm_top:dbg_mod|niosv_debug_module:dm_inst|niosv_ram:niosv_dm_csr_mem_inst|altsyncram:ram_no_ecc.data_ram_inst|altsyncram_51v1:auto_generated|lutrama26~CLKMUX_0  to: niosv:u0|niosv_intel_niosv_m_0:intel_niosv_m_0|niosv_dm_top:dbg_mod|niosv_debug_module:dm_inst|niosv_ram:niosv_dm_csr_mem_inst|altsyncram:ram_no_ecc.data_ram_inst|altsyncram_51v1:auto_generated|lutrama26~MEMORYREGOUT
    Info (332098): From: niosv:u0|niosv_intel_niosv_m_0:intel_niosv_m_0|niosv_dm_top:dbg_mod|niosv_debug_module:dm_inst|niosv_ram:niosv_dm_csr_mem_inst|altsyncram:ram_no_ecc.data_ram_inst|altsyncram_51v1:auto_generated|lutrama27~CLKMUX_0  to: niosv:u0|niosv_intel_niosv_m_0:intel_niosv_m_0|niosv_dm_top:dbg_mod|niosv_debug_module:dm_inst|niosv_ram:niosv_dm_csr_mem_inst|altsyncram:ram_no_ecc.data_ram_inst|altsyncram_51v1:auto_generated|lutrama27~MEMORYREGOUT
    Info (332098): From: niosv:u0|niosv_intel_niosv_m_0:intel_niosv_m_0|niosv_dm_top:dbg_mod|niosv_debug_module:dm_inst|niosv_ram:niosv_dm_csr_mem_inst|altsyncram:ram_no_ecc.data_ram_inst|altsyncram_51v1:auto_generated|lutrama28~CLKMUX_0  to: niosv:u0|niosv_intel_niosv_m_0:intel_niosv_m_0|niosv_dm_top:dbg_mod|niosv_debug_module:dm_inst|niosv_ram:niosv_dm_csr_mem_inst|altsyncram:ram_no_ecc.data_ram_inst|altsyncram_51v1:auto_generated|lutrama28~MEMORYREGOUT
    Info (332098): From: niosv:u0|niosv_intel_niosv_m_0:intel_niosv_m_0|niosv_dm_top:dbg_mod|niosv_debug_module:dm_inst|niosv_ram:niosv_dm_csr_mem_inst|altsyncram:ram_no_ecc.data_ram_inst|altsyncram_51v1:auto_generated|lutrama29~CLKMUX_0  to: niosv:u0|niosv_intel_niosv_m_0:intel_niosv_m_0|niosv_dm_top:dbg_mod|niosv_debug_module:dm_inst|niosv_ram:niosv_dm_csr_mem_inst|altsyncram:ram_no_ecc.data_ram_inst|altsyncram_51v1:auto_generated|lutrama29~MEMORYREGOUT
    Info (332098): From: niosv:u0|niosv_intel_niosv_m_0:intel_niosv_m_0|niosv_dm_top:dbg_mod|niosv_debug_module:dm_inst|niosv_ram:niosv_dm_csr_mem_inst|altsyncram:ram_no_ecc.data_ram_inst|altsyncram_51v1:auto_generated|lutrama2~CLKMUX_0  to: niosv:u0|niosv_intel_niosv_m_0:intel_niosv_m_0|niosv_dm_top:dbg_mod|niosv_debug_module:dm_inst|niosv_ram:niosv_dm_csr_mem_inst|altsyncram:ram_no_ecc.data_ram_inst|altsyncram_51v1:auto_generated|lutrama2~MEMORYREGOUT
    Info (332098): From: niosv:u0|niosv_intel_niosv_m_0:intel_niosv_m_0|niosv_dm_top:dbg_mod|niosv_debug_module:dm_inst|niosv_ram:niosv_dm_csr_mem_inst|altsyncram:ram_no_ecc.data_ram_inst|altsyncram_51v1:auto_generated|lutrama30~CLKMUX_0  to: niosv:u0|niosv_intel_niosv_m_0:intel_niosv_m_0|niosv_dm_top:dbg_mod|niosv_debug_module:dm_inst|niosv_ram:niosv_dm_csr_mem_inst|altsyncram:ram_no_ecc.data_ram_inst|altsyncram_51v1:auto_generated|lutrama30~MEMORYREGOUT
    Info (332098): From: niosv:u0|niosv_intel_niosv_m_0:intel_niosv_m_0|niosv_dm_top:dbg_mod|niosv_debug_module:dm_inst|niosv_ram:niosv_dm_csr_mem_inst|altsyncram:ram_no_ecc.data_ram_inst|altsyncram_51v1:auto_generated|lutrama31~CLKMUX_0  to: niosv:u0|niosv_intel_niosv_m_0:intel_niosv_m_0|niosv_dm_top:dbg_mod|niosv_debug_module:dm_inst|niosv_ram:niosv_dm_csr_mem_inst|altsyncram:ram_no_ecc.data_ram_inst|altsyncram_51v1:auto_generated|lutrama31~MEMORYREGOUT
    Info (332098): From: niosv:u0|niosv_intel_niosv_m_0:intel_niosv_m_0|niosv_dm_top:dbg_mod|niosv_debug_module:dm_inst|niosv_ram:niosv_dm_csr_mem_inst|altsyncram:ram_no_ecc.data_ram_inst|altsyncram_51v1:auto_generated|lutrama3~CLKMUX_0  to: niosv:u0|niosv_intel_niosv_m_0:intel_niosv_m_0|niosv_dm_top:dbg_mod|niosv_debug_module:dm_inst|niosv_ram:niosv_dm_csr_mem_inst|altsyncram:ram_no_ecc.data_ram_inst|altsyncram_51v1:auto_generated|lutrama3~MEMORYREGOUT
    Info (332098): From: niosv:u0|niosv_intel_niosv_m_0:intel_niosv_m_0|niosv_dm_top:dbg_mod|niosv_debug_module:dm_inst|niosv_ram:niosv_dm_csr_mem_inst|altsyncram:ram_no_ecc.data_ram_inst|altsyncram_51v1:auto_generated|lutrama4~CLKMUX_0  to: niosv:u0|niosv_intel_niosv_m_0:intel_niosv_m_0|niosv_dm_top:dbg_mod|niosv_debug_module:dm_inst|niosv_ram:niosv_dm_csr_mem_inst|altsyncram:ram_no_ecc.data_ram_inst|altsyncram_51v1:auto_generated|lutrama4~MEMORYREGOUT
    Info (332098): From: niosv:u0|niosv_intel_niosv_m_0:intel_niosv_m_0|niosv_dm_top:dbg_mod|niosv_debug_module:dm_inst|niosv_ram:niosv_dm_csr_mem_inst|altsyncram:ram_no_ecc.data_ram_inst|altsyncram_51v1:auto_generated|lutrama5~CLKMUX_0  to: niosv:u0|niosv_intel_niosv_m_0:intel_niosv_m_0|niosv_dm_top:dbg_mod|niosv_debug_module:dm_inst|niosv_ram:niosv_dm_csr_mem_inst|altsyncram:ram_no_ecc.data_ram_inst|altsyncram_51v1:auto_generated|lutrama5~MEMORYREGOUT
    Info (332098): From: niosv:u0|niosv_intel_niosv_m_0:intel_niosv_m_0|niosv_dm_top:dbg_mod|niosv_debug_module:dm_inst|niosv_ram:niosv_dm_csr_mem_inst|altsyncram:ram_no_ecc.data_ram_inst|altsyncram_51v1:auto_generated|lutrama6~CLKMUX_0  to: niosv:u0|niosv_intel_niosv_m_0:intel_niosv_m_0|niosv_dm_top:dbg_mod|niosv_debug_module:dm_inst|niosv_ram:niosv_dm_csr_mem_inst|altsyncram:ram_no_ecc.data_ram_inst|altsyncram_51v1:auto_generated|lutrama6~MEMORYREGOUT
    Info (332098): From: niosv:u0|niosv_intel_niosv_m_0:intel_niosv_m_0|niosv_dm_top:dbg_mod|niosv_debug_module:dm_inst|niosv_ram:niosv_dm_csr_mem_inst|altsyncram:ram_no_ecc.data_ram_inst|altsyncram_51v1:auto_generated|lutrama7~CLKMUX_0  to: niosv:u0|niosv_intel_niosv_m_0:intel_niosv_m_0|niosv_dm_top:dbg_mod|niosv_debug_module:dm_inst|niosv_ram:niosv_dm_csr_mem_inst|altsyncram:ram_no_ecc.data_ram_inst|altsyncram_51v1:auto_generated|lutrama7~MEMORYREGOUT
    Info (332098): From: niosv:u0|niosv_intel_niosv_m_0:intel_niosv_m_0|niosv_dm_top:dbg_mod|niosv_debug_module:dm_inst|niosv_ram:niosv_dm_csr_mem_inst|altsyncram:ram_no_ecc.data_ram_inst|altsyncram_51v1:auto_generated|lutrama8~CLKMUX_0  to: niosv:u0|niosv_intel_niosv_m_0:intel_niosv_m_0|niosv_dm_top:dbg_mod|niosv_debug_module:dm_inst|niosv_ram:niosv_dm_csr_mem_inst|altsyncram:ram_no_ecc.data_ram_inst|altsyncram_51v1:auto_generated|lutrama8~MEMORYREGOUT
    Info (332098): From: niosv:u0|niosv_intel_niosv_m_0:intel_niosv_m_0|niosv_dm_top:dbg_mod|niosv_debug_module:dm_inst|niosv_ram:niosv_dm_csr_mem_inst|altsyncram:ram_no_ecc.data_ram_inst|altsyncram_51v1:auto_generated|lutrama9~CLKMUX_0  to: niosv:u0|niosv_intel_niosv_m_0:intel_niosv_m_0|niosv_dm_top:dbg_mod|niosv_debug_module:dm_inst|niosv_ram:niosv_dm_csr_mem_inst|altsyncram:ram_no_ecc.data_ram_inst|altsyncram_51v1:auto_generated|lutrama9~MEMORYREGOUT
Info (332143): No user constrained clock uncertainty found in the design. Calling "derive_clock_uncertainty"
Info (332123): Deriving Clock Uncertainty. Please refer to report_sdc in the Timing Analyzer to see clock uncertainties.
Info: Found TIMING_ANALYZER_REPORT_SCRIPT_INCLUDE_DEFAULT_ANALYSIS = ON
Info: Analyzing Slow 1100mV 85C Model
Info (332146): Worst-case setup slack is 8.426
    Info (332119):     Slack       End Point TNS Clock 
    Info (332119): ========= =================== =====================
    Info (332119):     8.426               0.000 CLOCK_50 
    Info (332119):    10.559               0.000 altera_reserved_tck 
Info (332146): Worst-case hold slack is 0.114
    Info (332119):     Slack       End Point TNS Clock 
    Info (332119): ========= =================== =====================
    Info (332119):     0.114               0.000 CLOCK_50 
    Info (332119):     0.153               0.000 altera_reserved_tck 
Info (332146): Worst-case recovery slack is 14.146
    Info (332119):     Slack       End Point TNS Clock 
    Info (332119): ========= =================== =====================
    Info (332119):    14.146               0.000 CLOCK_50 
    Info (332119):    30.397               0.000 altera_reserved_tck 
Info (332146): Worst-case removal slack is 0.858
    Info (332119):     Slack       End Point TNS Clock 
    Info (332119): ========= =================== =====================
    Info (332119):     0.858               0.000 altera_reserved_tck 
    Info (332119):     0.970               0.000 CLOCK_50 
Info (332146): Worst-case minimum pulse width slack is 8.870
    Info (332119):     Slack       End Point TNS Clock 
    Info (332119): ========= =================== =====================
    Info (332119):     8.870               0.000 CLOCK_50 
    Info (332119):    15.525               0.000 altera_reserved_tck 
Info (332114): Report Metastability: Found 95 synchronizer chains.
    Info (332114): Worst-Case MTBF of Design is 1e+09 years or 3.15e+16 seconds.
    Info (332114): Typical MTBF of Design is 1e+09 years or 3.15e+16 seconds.

    Info (332114): Number of Synchronizer Chains Found: 95
    Info (332114): Shortest Synchronizer Chain: 2 Registers
    Info (332114): Fraction of Chains for which MTBFs Could Not be Calculated: 0.958
    Info (332114): Worst Case Available Settling Time: 37.177 ns
    Info (332114): 
    Info (332114): Worst-Case MTBF values are calculated based on the worst-case silicon characteristics, with worst-case operating conditions.
    Info (332114):   - Under worst-case conditions, an increase of 100ps in available settling time will increase MTBF values by a factor of 79.4
    Info (332114): Typical MTBF values are calculated based on the nominal silicon characteristics, at nominal operating conditions.
    Info (332114):   - Under typical conditions, an increase of 100ps in available settling time will increase MTBF values by a factor of 17.8
Info: Analyzing Slow 1100mV 0C Model
Info (334003): Started post-fitting delay annotation
Info (334004): Delay annotation completed successfully
Info (332097): The following timing edges are non-unate.  The Timing Analyzer will assume pos-unate behavior for these edges in the clock network.
    Info (332098): From: niosv:u0|niosv_intel_niosv_m_0:intel_niosv_m_0|niosv_dm_top:dbg_mod|niosv_debug_module:dm_inst|niosv_debug_rom:dbg_rom_inst|niosv_ram:gen_mlab_rom.dbg_rom_inst|altsyncram:ram_no_ecc.data_ram_inst|altsyncram_45v1:auto_generated|lutrama0~CLKMUX_0  to: niosv:u0|niosv_intel_niosv_m_0:intel_niosv_m_0|niosv_dm_top:dbg_mod|niosv_debug_module:dm_inst|niosv_debug_rom:dbg_rom_inst|niosv_ram:gen_mlab_rom.dbg_rom_inst|altsyncram:ram_no_ecc.data_ram_inst|altsyncram_45v1:auto_generated|lutrama0~MEMORYREGOUT
    Info (332098): From: niosv:u0|niosv_intel_niosv_m_0:intel_niosv_m_0|niosv_dm_top:dbg_mod|niosv_debug_module:dm_inst|niosv_debug_rom:dbg_rom_inst|niosv_ram:gen_mlab_rom.dbg_rom_inst|altsyncram:ram_no_ecc.data_ram_inst|altsyncram_45v1:auto_generated|lutrama10~CLKMUX_0  to: niosv:u0|niosv_intel_niosv_m_0:intel_niosv_m_0|niosv_dm_top:dbg_mod|niosv_debug_module:dm_inst|niosv_debug_rom:dbg_rom_inst|niosv_ram:gen_mlab_rom.dbg_rom_inst|altsyncram:ram_no_ecc.data_ram_inst|altsyncram_45v1:auto_generated|lutrama10~MEMORYREGOUT
    Info (332098): From: niosv:u0|niosv_intel_niosv_m_0:intel_niosv_m_0|niosv_dm_top:dbg_mod|niosv_debug_module:dm_inst|niosv_debug_rom:dbg_rom_inst|niosv_ram:gen_mlab_rom.dbg_rom_inst|altsyncram:ram_no_ecc.data_ram_inst|altsyncram_45v1:auto_generated|lutrama11~CLKMUX_0  to: niosv:u0|niosv_intel_niosv_m_0:intel_niosv_m_0|niosv_dm_top:dbg_mod|niosv_debug_module:dm_inst|niosv_debug_rom:dbg_rom_inst|niosv_ram:gen_mlab_rom.dbg_rom_inst|altsyncram:ram_no_ecc.data_ram_inst|altsyncram_45v1:auto_generated|lutrama11~MEMORYREGOUT
    Info (332098): From: niosv:u0|niosv_intel_niosv_m_0:intel_niosv_m_0|niosv_dm_top:dbg_mod|niosv_debug_module:dm_inst|niosv_debug_rom:dbg_rom_inst|niosv_ram:gen_mlab_rom.dbg_rom_inst|altsyncram:ram_no_ecc.data_ram_inst|altsyncram_45v1:auto_generated|lutrama12~CLKMUX_0  to: niosv:u0|niosv_intel_niosv_m_0:intel_niosv_m_0|niosv_dm_top:dbg_mod|niosv_debug_module:dm_inst|niosv_debug_rom:dbg_rom_inst|niosv_ram:gen_mlab_rom.dbg_rom_inst|altsyncram:ram_no_ecc.data_ram_inst|altsyncram_45v1:auto_generated|lutrama12~MEMORYREGOUT
    Info (332098): From: niosv:u0|niosv_intel_niosv_m_0:intel_niosv_m_0|niosv_dm_top:dbg_mod|niosv_debug_module:dm_inst|niosv_debug_rom:dbg_rom_inst|niosv_ram:gen_mlab_rom.dbg_rom_inst|altsyncram:ram_no_ecc.data_ram_inst|altsyncram_45v1:auto_generated|lutrama13~CLKMUX_0  to: niosv:u0|niosv_intel_niosv_m_0:intel_niosv_m_0|niosv_dm_top:dbg_mod|niosv_debug_module:dm_inst|niosv_debug_rom:dbg_rom_inst|niosv_ram:gen_mlab_rom.dbg_rom_inst|altsyncram:ram_no_ecc.data_ram_inst|altsyncram_45v1:auto_generated|lutrama13~MEMORYREGOUT
    Info (332098): From: niosv:u0|niosv_intel_niosv_m_0:intel_niosv_m_0|niosv_dm_top:dbg_mod|niosv_debug_module:dm_inst|niosv_debug_rom:dbg_rom_inst|niosv_ram:gen_mlab_rom.dbg_rom_inst|altsyncram:ram_no_ecc.data_ram_inst|altsyncram_45v1:auto_generated|lutrama14~CLKMUX_0  to: niosv:u0|niosv_intel_niosv_m_0:intel_niosv_m_0|niosv_dm_top:dbg_mod|niosv_debug_module:dm_inst|niosv_debug_rom:dbg_rom_inst|niosv_ram:gen_mlab_rom.dbg_rom_inst|altsyncram:ram_no_ecc.data_ram_inst|altsyncram_45v1:auto_generated|lutrama14~MEMORYREGOUT
    Info (332098): From: niosv:u0|niosv_intel_niosv_m_0:intel_niosv_m_0|niosv_dm_top:dbg_mod|niosv_debug_module:dm_inst|niosv_debug_rom:dbg_rom_inst|niosv_ram:gen_mlab_rom.dbg_rom_inst|altsyncram:ram_no_ecc.data_ram_inst|altsyncram_45v1:auto_generated|lutrama15~CLKMUX_0  to: niosv:u0|niosv_intel_niosv_m_0:intel_niosv_m_0|niosv_dm_top:dbg_mod|niosv_debug_module:dm_inst|niosv_debug_rom:dbg_rom_inst|niosv_ram:gen_mlab_rom.dbg_rom_inst|altsyncram:ram_no_ecc.data_ram_inst|altsyncram_45v1:auto_generated|lutrama15~MEMORYREGOUT
    Info (332098): From: niosv:u0|niosv_intel_niosv_m_0:intel_niosv_m_0|niosv_dm_top:dbg_mod|niosv_debug_module:dm_inst|niosv_debug_rom:dbg_rom_inst|niosv_ram:gen_mlab_rom.dbg_rom_inst|altsyncram:ram_no_ecc.data_ram_inst|altsyncram_45v1:auto_generated|lutrama16~CLKMUX_0  to: niosv:u0|niosv_intel_niosv_m_0:intel_niosv_m_0|niosv_dm_top:dbg_mod|niosv_debug_module:dm_inst|niosv_debug_rom:dbg_rom_inst|niosv_ram:gen_mlab_rom.dbg_rom_inst|altsyncram:ram_no_ecc.data_ram_inst|altsyncram_45v1:auto_generated|lutrama16~MEMORYREGOUT
    Info (332098): From: niosv:u0|niosv_intel_niosv_m_0:intel_niosv_m_0|niosv_dm_top:dbg_mod|niosv_debug_module:dm_inst|niosv_debug_rom:dbg_rom_inst|niosv_ram:gen_mlab_rom.dbg_rom_inst|altsyncram:ram_no_ecc.data_ram_inst|altsyncram_45v1:auto_generated|lutrama17~CLKMUX_0  to: niosv:u0|niosv_intel_niosv_m_0:intel_niosv_m_0|niosv_dm_top:dbg_mod|niosv_debug_module:dm_inst|niosv_debug_rom:dbg_rom_inst|niosv_ram:gen_mlab_rom.dbg_rom_inst|altsyncram:ram_no_ecc.data_ram_inst|altsyncram_45v1:auto_generated|lutrama17~MEMORYREGOUT
    Info (332098): From: niosv:u0|niosv_intel_niosv_m_0:intel_niosv_m_0|niosv_dm_top:dbg_mod|niosv_debug_module:dm_inst|niosv_debug_rom:dbg_rom_inst|niosv_ram:gen_mlab_rom.dbg_rom_inst|altsyncram:ram_no_ecc.data_ram_inst|altsyncram_45v1:auto_generated|lutrama18~CLKMUX_0  to: niosv:u0|niosv_intel_niosv_m_0:intel_niosv_m_0|niosv_dm_top:dbg_mod|niosv_debug_module:dm_inst|niosv_debug_rom:dbg_rom_inst|niosv_ram:gen_mlab_rom.dbg_rom_inst|altsyncram:ram_no_ecc.data_ram_inst|altsyncram_45v1:auto_generated|lutrama18~MEMORYREGOUT
    Info (332098): From: niosv:u0|niosv_intel_niosv_m_0:intel_niosv_m_0|niosv_dm_top:dbg_mod|niosv_debug_module:dm_inst|niosv_debug_rom:dbg_rom_inst|niosv_ram:gen_mlab_rom.dbg_rom_inst|altsyncram:ram_no_ecc.data_ram_inst|altsyncram_45v1:auto_generated|lutrama19~CLKMUX_0  to: niosv:u0|niosv_intel_niosv_m_0:intel_niosv_m_0|niosv_dm_top:dbg_mod|niosv_debug_module:dm_inst|niosv_debug_rom:dbg_rom_inst|niosv_ram:gen_mlab_rom.dbg_rom_inst|altsyncram:ram_no_ecc.data_ram_inst|altsyncram_45v1:auto_generated|lutrama19~MEMORYREGOUT
    Info (332098): From: niosv:u0|niosv_intel_niosv_m_0:intel_niosv_m_0|niosv_dm_top:dbg_mod|niosv_debug_module:dm_inst|niosv_debug_rom:dbg_rom_inst|niosv_ram:gen_mlab_rom.dbg_rom_inst|altsyncram:ram_no_ecc.data_ram_inst|altsyncram_45v1:auto_generated|lutrama1~CLKMUX_0  to: niosv:u0|niosv_intel_niosv_m_0:intel_niosv_m_0|niosv_dm_top:dbg_mod|niosv_debug_module:dm_inst|niosv_debug_rom:dbg_rom_inst|niosv_ram:gen_mlab_rom.dbg_rom_inst|altsyncram:ram_no_ecc.data_ram_inst|altsyncram_45v1:auto_generated|lutrama1~MEMORYREGOUT
    Info (332098): From: niosv:u0|niosv_intel_niosv_m_0:intel_niosv_m_0|niosv_dm_top:dbg_mod|niosv_debug_module:dm_inst|niosv_debug_rom:dbg_rom_inst|niosv_ram:gen_mlab_rom.dbg_rom_inst|altsyncram:ram_no_ecc.data_ram_inst|altsyncram_45v1:auto_generated|lutrama20~CLKMUX_0  to: niosv:u0|niosv_intel_niosv_m_0:intel_niosv_m_0|niosv_dm_top:dbg_mod|niosv_debug_module:dm_inst|niosv_debug_rom:dbg_rom_inst|niosv_ram:gen_mlab_rom.dbg_rom_inst|altsyncram:ram_no_ecc.data_ram_inst|altsyncram_45v1:auto_generated|lutrama20~MEMORYREGOUT
    Info (332098): From: niosv:u0|niosv_intel_niosv_m_0:intel_niosv_m_0|niosv_dm_top:dbg_mod|niosv_debug_module:dm_inst|niosv_debug_rom:dbg_rom_inst|niosv_ram:gen_mlab_rom.dbg_rom_inst|altsyncram:ram_no_ecc.data_ram_inst|altsyncram_45v1:auto_generated|lutrama21~CLKMUX_0  to: niosv:u0|niosv_intel_niosv_m_0:intel_niosv_m_0|niosv_dm_top:dbg_mod|niosv_debug_module:dm_inst|niosv_debug_rom:dbg_rom_inst|niosv_ram:gen_mlab_rom.dbg_rom_inst|altsyncram:ram_no_ecc.data_ram_inst|altsyncram_45v1:auto_generated|lutrama21~MEMORYREGOUT
    Info (332098): From: niosv:u0|niosv_intel_niosv_m_0:intel_niosv_m_0|niosv_dm_top:dbg_mod|niosv_debug_module:dm_inst|niosv_debug_rom:dbg_rom_inst|niosv_ram:gen_mlab_rom.dbg_rom_inst|altsyncram:ram_no_ecc.data_ram_inst|altsyncram_45v1:auto_generated|lutrama22~CLKMUX_0  to: niosv:u0|niosv_intel_niosv_m_0:intel_niosv_m_0|niosv_dm_top:dbg_mod|niosv_debug_module:dm_inst|niosv_debug_rom:dbg_rom_inst|niosv_ram:gen_mlab_rom.dbg_rom_inst|altsyncram:ram_no_ecc.data_ram_inst|altsyncram_45v1:auto_generated|lutrama22~MEMORYREGOUT
    Info (332098): From: niosv:u0|niosv_intel_niosv_m_0:intel_niosv_m_0|niosv_dm_top:dbg_mod|niosv_debug_module:dm_inst|niosv_debug_rom:dbg_rom_inst|niosv_ram:gen_mlab_rom.dbg_rom_inst|altsyncram:ram_no_ecc.data_ram_inst|altsyncram_45v1:auto_generated|lutrama23~CLKMUX_0  to: niosv:u0|niosv_intel_niosv_m_0:intel_niosv_m_0|niosv_dm_top:dbg_mod|niosv_debug_module:dm_inst|niosv_debug_rom:dbg_rom_inst|niosv_ram:gen_mlab_rom.dbg_rom_inst|altsyncram:ram_no_ecc.data_ram_inst|altsyncram_45v1:auto_generated|lutrama23~MEMORYREGOUT
    Info (332098): From: niosv:u0|niosv_intel_niosv_m_0:intel_niosv_m_0|niosv_dm_top:dbg_mod|niosv_debug_module:dm_inst|niosv_debug_rom:dbg_rom_inst|niosv_ram:gen_mlab_rom.dbg_rom_inst|altsyncram:ram_no_ecc.data_ram_inst|altsyncram_45v1:auto_generated|lutrama24~CLKMUX_0  to: niosv:u0|niosv_intel_niosv_m_0:intel_niosv_m_0|niosv_dm_top:dbg_mod|niosv_debug_module:dm_inst|niosv_debug_rom:dbg_rom_inst|niosv_ram:gen_mlab_rom.dbg_rom_inst|altsyncram:ram_no_ecc.data_ram_inst|altsyncram_45v1:auto_generated|lutrama24~MEMORYREGOUT
    Info (332098): From: niosv:u0|niosv_intel_niosv_m_0:intel_niosv_m_0|niosv_dm_top:dbg_mod|niosv_debug_module:dm_inst|niosv_debug_rom:dbg_rom_inst|niosv_ram:gen_mlab_rom.dbg_rom_inst|altsyncram:ram_no_ecc.data_ram_inst|altsyncram_45v1:auto_generated|lutrama25~CLKMUX_0  to: niosv:u0|niosv_intel_niosv_m_0:intel_niosv_m_0|niosv_dm_top:dbg_mod|niosv_debug_module:dm_inst|niosv_debug_rom:dbg_rom_inst|niosv_ram:gen_mlab_rom.dbg_rom_inst|altsyncram:ram_no_ecc.data_ram_inst|altsyncram_45v1:auto_generated|lutrama25~MEMORYREGOUT
    Info (332098): From: niosv:u0|niosv_intel_niosv_m_0:intel_niosv_m_0|niosv_dm_top:dbg_mod|niosv_debug_module:dm_inst|niosv_debug_rom:dbg_rom_inst|niosv_ram:gen_mlab_rom.dbg_rom_inst|altsyncram:ram_no_ecc.data_ram_inst|altsyncram_45v1:auto_generated|lutrama26~CLKMUX_0  to: niosv:u0|niosv_intel_niosv_m_0:intel_niosv_m_0|niosv_dm_top:dbg_mod|niosv_debug_module:dm_inst|niosv_debug_rom:dbg_rom_inst|niosv_ram:gen_mlab_rom.dbg_rom_inst|altsyncram:ram_no_ecc.data_ram_inst|altsyncram_45v1:auto_generated|lutrama26~MEMORYREGOUT
    Info (332098): From: niosv:u0|niosv_intel_niosv_m_0:intel_niosv_m_0|niosv_dm_top:dbg_mod|niosv_debug_module:dm_inst|niosv_debug_rom:dbg_rom_inst|niosv_ram:gen_mlab_rom.dbg_rom_inst|altsyncram:ram_no_ecc.data_ram_inst|altsyncram_45v1:auto_generated|lutrama27~CLKMUX_0  to: niosv:u0|niosv_intel_niosv_m_0:intel_niosv_m_0|niosv_dm_top:dbg_mod|niosv_debug_module:dm_inst|niosv_debug_rom:dbg_rom_inst|niosv_ram:gen_mlab_rom.dbg_rom_inst|altsyncram:ram_no_ecc.data_ram_inst|altsyncram_45v1:auto_generated|lutrama27~MEMORYREGOUT
    Info (332098): From: niosv:u0|niosv_intel_niosv_m_0:intel_niosv_m_0|niosv_dm_top:dbg_mod|niosv_debug_module:dm_inst|niosv_debug_rom:dbg_rom_inst|niosv_ram:gen_mlab_rom.dbg_rom_inst|altsyncram:ram_no_ecc.data_ram_inst|altsyncram_45v1:auto_generated|lutrama28~CLKMUX_0  to: niosv:u0|niosv_intel_niosv_m_0:intel_niosv_m_0|niosv_dm_top:dbg_mod|niosv_debug_module:dm_inst|niosv_debug_rom:dbg_rom_inst|niosv_ram:gen_mlab_rom.dbg_rom_inst|altsyncram:ram_no_ecc.data_ram_inst|altsyncram_45v1:auto_generated|lutrama28~MEMORYREGOUT
    Info (332098): From: niosv:u0|niosv_intel_niosv_m_0:intel_niosv_m_0|niosv_dm_top:dbg_mod|niosv_debug_module:dm_inst|niosv_debug_rom:dbg_rom_inst|niosv_ram:gen_mlab_rom.dbg_rom_inst|altsyncram:ram_no_ecc.data_ram_inst|altsyncram_45v1:auto_generated|lutrama29~CLKMUX_0  to: niosv:u0|niosv_intel_niosv_m_0:intel_niosv_m_0|niosv_dm_top:dbg_mod|niosv_debug_module:dm_inst|niosv_debug_rom:dbg_rom_inst|niosv_ram:gen_mlab_rom.dbg_rom_inst|altsyncram:ram_no_ecc.data_ram_inst|altsyncram_45v1:auto_generated|lutrama29~MEMORYREGOUT
    Info (332098): From: niosv:u0|niosv_intel_niosv_m_0:intel_niosv_m_0|niosv_dm_top:dbg_mod|niosv_debug_module:dm_inst|niosv_debug_rom:dbg_rom_inst|niosv_ram:gen_mlab_rom.dbg_rom_inst|altsyncram:ram_no_ecc.data_ram_inst|altsyncram_45v1:auto_generated|lutrama2~CLKMUX_0  to: niosv:u0|niosv_intel_niosv_m_0:intel_niosv_m_0|niosv_dm_top:dbg_mod|niosv_debug_module:dm_inst|niosv_debug_rom:dbg_rom_inst|niosv_ram:gen_mlab_rom.dbg_rom_inst|altsyncram:ram_no_ecc.data_ram_inst|altsyncram_45v1:auto_generated|lutrama2~MEMORYREGOUT
    Info (332098): From: niosv:u0|niosv_intel_niosv_m_0:intel_niosv_m_0|niosv_dm_top:dbg_mod|niosv_debug_module:dm_inst|niosv_debug_rom:dbg_rom_inst|niosv_ram:gen_mlab_rom.dbg_rom_inst|altsyncram:ram_no_ecc.data_ram_inst|altsyncram_45v1:auto_generated|lutrama30~CLKMUX_0  to: niosv:u0|niosv_intel_niosv_m_0:intel_niosv_m_0|niosv_dm_top:dbg_mod|niosv_debug_module:dm_inst|niosv_debug_rom:dbg_rom_inst|niosv_ram:gen_mlab_rom.dbg_rom_inst|altsyncram:ram_no_ecc.data_ram_inst|altsyncram_45v1:auto_generated|lutrama30~MEMORYREGOUT
    Info (332098): From: niosv:u0|niosv_intel_niosv_m_0:intel_niosv_m_0|niosv_dm_top:dbg_mod|niosv_debug_module:dm_inst|niosv_debug_rom:dbg_rom_inst|niosv_ram:gen_mlab_rom.dbg_rom_inst|altsyncram:ram_no_ecc.data_ram_inst|altsyncram_45v1:auto_generated|lutrama31~CLKMUX_0  to: niosv:u0|niosv_intel_niosv_m_0:intel_niosv_m_0|niosv_dm_top:dbg_mod|niosv_debug_module:dm_inst|niosv_debug_rom:dbg_rom_inst|niosv_ram:gen_mlab_rom.dbg_rom_inst|altsyncram:ram_no_ecc.data_ram_inst|altsyncram_45v1:auto_generated|lutrama31~MEMORYREGOUT
    Info (332098): From: niosv:u0|niosv_intel_niosv_m_0:intel_niosv_m_0|niosv_dm_top:dbg_mod|niosv_debug_module:dm_inst|niosv_debug_rom:dbg_rom_inst|niosv_ram:gen_mlab_rom.dbg_rom_inst|altsyncram:ram_no_ecc.data_ram_inst|altsyncram_45v1:auto_generated|lutrama32~CLKMUX_0  to: niosv:u0|niosv_intel_niosv_m_0:intel_niosv_m_0|niosv_dm_top:dbg_mod|niosv_debug_module:dm_inst|niosv_debug_rom:dbg_rom_inst|niosv_ram:gen_mlab_rom.dbg_rom_inst|altsyncram:ram_no_ecc.data_ram_inst|altsyncram_45v1:auto_generated|lutrama32~MEMORYREGOUT
    Info (332098): From: niosv:u0|niosv_intel_niosv_m_0:intel_niosv_m_0|niosv_dm_top:dbg_mod|niosv_debug_module:dm_inst|niosv_debug_rom:dbg_rom_inst|niosv_ram:gen_mlab_rom.dbg_rom_inst|altsyncram:ram_no_ecc.data_ram_inst|altsyncram_45v1:auto_generated|lutrama33~CLKMUX_0  to: niosv:u0|niosv_intel_niosv_m_0:intel_niosv_m_0|niosv_dm_top:dbg_mod|niosv_debug_module:dm_inst|niosv_debug_rom:dbg_rom_inst|niosv_ram:gen_mlab_rom.dbg_rom_inst|altsyncram:ram_no_ecc.data_ram_inst|altsyncram_45v1:auto_generated|lutrama33~MEMORYREGOUT
    Info (332098): From: niosv:u0|niosv_intel_niosv_m_0:intel_niosv_m_0|niosv_dm_top:dbg_mod|niosv_debug_module:dm_inst|niosv_debug_rom:dbg_rom_inst|niosv_ram:gen_mlab_rom.dbg_rom_inst|altsyncram:ram_no_ecc.data_ram_inst|altsyncram_45v1:auto_generated|lutrama34~CLKMUX_0  to: niosv:u0|niosv_intel_niosv_m_0:intel_niosv_m_0|niosv_dm_top:dbg_mod|niosv_debug_module:dm_inst|niosv_debug_rom:dbg_rom_inst|niosv_ram:gen_mlab_rom.dbg_rom_inst|altsyncram:ram_no_ecc.data_ram_inst|altsyncram_45v1:auto_generated|lutrama34~MEMORYREGOUT
    Info (332098): From: niosv:u0|niosv_intel_niosv_m_0:intel_niosv_m_0|niosv_dm_top:dbg_mod|niosv_debug_module:dm_inst|niosv_debug_rom:dbg_rom_inst|niosv_ram:gen_mlab_rom.dbg_rom_inst|altsyncram:ram_no_ecc.data_ram_inst|altsyncram_45v1:auto_generated|lutrama35~CLKMUX_0  to: niosv:u0|niosv_intel_niosv_m_0:intel_niosv_m_0|niosv_dm_top:dbg_mod|niosv_debug_module:dm_inst|niosv_debug_rom:dbg_rom_inst|niosv_ram:gen_mlab_rom.dbg_rom_inst|altsyncram:ram_no_ecc.data_ram_inst|altsyncram_45v1:auto_generated|lutrama35~MEMORYREGOUT
    Info (332098): From: niosv:u0|niosv_intel_niosv_m_0:intel_niosv_m_0|niosv_dm_top:dbg_mod|niosv_debug_module:dm_inst|niosv_debug_rom:dbg_rom_inst|niosv_ram:gen_mlab_rom.dbg_rom_inst|altsyncram:ram_no_ecc.data_ram_inst|altsyncram_45v1:auto_generated|lutrama36~CLKMUX_0  to: niosv:u0|niosv_intel_niosv_m_0:intel_niosv_m_0|niosv_dm_top:dbg_mod|niosv_debug_module:dm_inst|niosv_debug_rom:dbg_rom_inst|niosv_ram:gen_mlab_rom.dbg_rom_inst|altsyncram:ram_no_ecc.data_ram_inst|altsyncram_45v1:auto_generated|lutrama36~MEMORYREGOUT
    Info (332098): From: niosv:u0|niosv_intel_niosv_m_0:intel_niosv_m_0|niosv_dm_top:dbg_mod|niosv_debug_module:dm_inst|niosv_debug_rom:dbg_rom_inst|niosv_ram:gen_mlab_rom.dbg_rom_inst|altsyncram:ram_no_ecc.data_ram_inst|altsyncram_45v1:auto_generated|lutrama37~CLKMUX_0  to: niosv:u0|niosv_intel_niosv_m_0:intel_niosv_m_0|niosv_dm_top:dbg_mod|niosv_debug_module:dm_inst|niosv_debug_rom:dbg_rom_inst|niosv_ram:gen_mlab_rom.dbg_rom_inst|altsyncram:ram_no_ecc.data_ram_inst|altsyncram_45v1:auto_generated|lutrama37~MEMORYREGOUT
    Info (332098): From: niosv:u0|niosv_intel_niosv_m_0:intel_niosv_m_0|niosv_dm_top:dbg_mod|niosv_debug_module:dm_inst|niosv_debug_rom:dbg_rom_inst|niosv_ram:gen_mlab_rom.dbg_rom_inst|altsyncram:ram_no_ecc.data_ram_inst|altsyncram_45v1:auto_generated|lutrama38~CLKMUX_0  to: niosv:u0|niosv_intel_niosv_m_0:intel_niosv_m_0|niosv_dm_top:dbg_mod|niosv_debug_module:dm_inst|niosv_debug_rom:dbg_rom_inst|niosv_ram:gen_mlab_rom.dbg_rom_inst|altsyncram:ram_no_ecc.data_ram_inst|altsyncram_45v1:auto_generated|lutrama38~MEMORYREGOUT
    Info (332098): From: niosv:u0|niosv_intel_niosv_m_0:intel_niosv_m_0|niosv_dm_top:dbg_mod|niosv_debug_module:dm_inst|niosv_debug_rom:dbg_rom_inst|niosv_ram:gen_mlab_rom.dbg_rom_inst|altsyncram:ram_no_ecc.data_ram_inst|altsyncram_45v1:auto_generated|lutrama39~CLKMUX_0  to: niosv:u0|niosv_intel_niosv_m_0:intel_niosv_m_0|niosv_dm_top:dbg_mod|niosv_debug_module:dm_inst|niosv_debug_rom:dbg_rom_inst|niosv_ram:gen_mlab_rom.dbg_rom_inst|altsyncram:ram_no_ecc.data_ram_inst|altsyncram_45v1:auto_generated|lutrama39~MEMORYREGOUT
    Info (332098): From: niosv:u0|niosv_intel_niosv_m_0:intel_niosv_m_0|niosv_dm_top:dbg_mod|niosv_debug_module:dm_inst|niosv_debug_rom:dbg_rom_inst|niosv_ram:gen_mlab_rom.dbg_rom_inst|altsyncram:ram_no_ecc.data_ram_inst|altsyncram_45v1:auto_generated|lutrama3~CLKMUX_0  to: niosv:u0|niosv_intel_niosv_m_0:intel_niosv_m_0|niosv_dm_top:dbg_mod|niosv_debug_module:dm_inst|niosv_debug_rom:dbg_rom_inst|niosv_ram:gen_mlab_rom.dbg_rom_inst|altsyncram:ram_no_ecc.data_ram_inst|altsyncram_45v1:auto_generated|lutrama3~MEMORYREGOUT
    Info (332098): From: niosv:u0|niosv_intel_niosv_m_0:intel_niosv_m_0|niosv_dm_top:dbg_mod|niosv_debug_module:dm_inst|niosv_debug_rom:dbg_rom_inst|niosv_ram:gen_mlab_rom.dbg_rom_inst|altsyncram:ram_no_ecc.data_ram_inst|altsyncram_45v1:auto_generated|lutrama40~CLKMUX_0  to: niosv:u0|niosv_intel_niosv_m_0:intel_niosv_m_0|niosv_dm_top:dbg_mod|niosv_debug_module:dm_inst|niosv_debug_rom:dbg_rom_inst|niosv_ram:gen_mlab_rom.dbg_rom_inst|altsyncram:ram_no_ecc.data_ram_inst|altsyncram_45v1:auto_generated|lutrama40~MEMORYREGOUT
    Info (332098): From: niosv:u0|niosv_intel_niosv_m_0:intel_niosv_m_0|niosv_dm_top:dbg_mod|niosv_debug_module:dm_inst|niosv_debug_rom:dbg_rom_inst|niosv_ram:gen_mlab_rom.dbg_rom_inst|altsyncram:ram_no_ecc.data_ram_inst|altsyncram_45v1:auto_generated|lutrama41~CLKMUX_0  to: niosv:u0|niosv_intel_niosv_m_0:intel_niosv_m_0|niosv_dm_top:dbg_mod|niosv_debug_module:dm_inst|niosv_debug_rom:dbg_rom_inst|niosv_ram:gen_mlab_rom.dbg_rom_inst|altsyncram:ram_no_ecc.data_ram_inst|altsyncram_45v1:auto_generated|lutrama41~MEMORYREGOUT
    Info (332098): From: niosv:u0|niosv_intel_niosv_m_0:intel_niosv_m_0|niosv_dm_top:dbg_mod|niosv_debug_module:dm_inst|niosv_debug_rom:dbg_rom_inst|niosv_ram:gen_mlab_rom.dbg_rom_inst|altsyncram:ram_no_ecc.data_ram_inst|altsyncram_45v1:auto_generated|lutrama42~CLKMUX_0  to: niosv:u0|niosv_intel_niosv_m_0:intel_niosv_m_0|niosv_dm_top:dbg_mod|niosv_debug_module:dm_inst|niosv_debug_rom:dbg_rom_inst|niosv_ram:gen_mlab_rom.dbg_rom_inst|altsyncram:ram_no_ecc.data_ram_inst|altsyncram_45v1:auto_generated|lutrama42~MEMORYREGOUT
    Info (332098): From: niosv:u0|niosv_intel_niosv_m_0:intel_niosv_m_0|niosv_dm_top:dbg_mod|niosv_debug_module:dm_inst|niosv_debug_rom:dbg_rom_inst|niosv_ram:gen_mlab_rom.dbg_rom_inst|altsyncram:ram_no_ecc.data_ram_inst|altsyncram_45v1:auto_generated|lutrama43~CLKMUX_0  to: niosv:u0|niosv_intel_niosv_m_0:intel_niosv_m_0|niosv_dm_top:dbg_mod|niosv_debug_module:dm_inst|niosv_debug_rom:dbg_rom_inst|niosv_ram:gen_mlab_rom.dbg_rom_inst|altsyncram:ram_no_ecc.data_ram_inst|altsyncram_45v1:auto_generated|lutrama43~MEMORYREGOUT
    Info (332098): From: niosv:u0|niosv_intel_niosv_m_0:intel_niosv_m_0|niosv_dm_top:dbg_mod|niosv_debug_module:dm_inst|niosv_debug_rom:dbg_rom_inst|niosv_ram:gen_mlab_rom.dbg_rom_inst|altsyncram:ram_no_ecc.data_ram_inst|altsyncram_45v1:auto_generated|lutrama44~CLKMUX_0  to: niosv:u0|niosv_intel_niosv_m_0:intel_niosv_m_0|niosv_dm_top:dbg_mod|niosv_debug_module:dm_inst|niosv_debug_rom:dbg_rom_inst|niosv_ram:gen_mlab_rom.dbg_rom_inst|altsyncram:ram_no_ecc.data_ram_inst|altsyncram_45v1:auto_generated|lutrama44~MEMORYREGOUT
    Info (332098): From: niosv:u0|niosv_intel_niosv_m_0:intel_niosv_m_0|niosv_dm_top:dbg_mod|niosv_debug_module:dm_inst|niosv_debug_rom:dbg_rom_inst|niosv_ram:gen_mlab_rom.dbg_rom_inst|altsyncram:ram_no_ecc.data_ram_inst|altsyncram_45v1:auto_generated|lutrama45~CLKMUX_0  to: niosv:u0|niosv_intel_niosv_m_0:intel_niosv_m_0|niosv_dm_top:dbg_mod|niosv_debug_module:dm_inst|niosv_debug_rom:dbg_rom_inst|niosv_ram:gen_mlab_rom.dbg_rom_inst|altsyncram:ram_no_ecc.data_ram_inst|altsyncram_45v1:auto_generated|lutrama45~MEMORYREGOUT
    Info (332098): From: niosv:u0|niosv_intel_niosv_m_0:intel_niosv_m_0|niosv_dm_top:dbg_mod|niosv_debug_module:dm_inst|niosv_debug_rom:dbg_rom_inst|niosv_ram:gen_mlab_rom.dbg_rom_inst|altsyncram:ram_no_ecc.data_ram_inst|altsyncram_45v1:auto_generated|lutrama46~CLKMUX_0  to: niosv:u0|niosv_intel_niosv_m_0:intel_niosv_m_0|niosv_dm_top:dbg_mod|niosv_debug_module:dm_inst|niosv_debug_rom:dbg_rom_inst|niosv_ram:gen_mlab_rom.dbg_rom_inst|altsyncram:ram_no_ecc.data_ram_inst|altsyncram_45v1:auto_generated|lutrama46~MEMORYREGOUT
    Info (332098): From: niosv:u0|niosv_intel_niosv_m_0:intel_niosv_m_0|niosv_dm_top:dbg_mod|niosv_debug_module:dm_inst|niosv_debug_rom:dbg_rom_inst|niosv_ram:gen_mlab_rom.dbg_rom_inst|altsyncram:ram_no_ecc.data_ram_inst|altsyncram_45v1:auto_generated|lutrama47~CLKMUX_0  to: niosv:u0|niosv_intel_niosv_m_0:intel_niosv_m_0|niosv_dm_top:dbg_mod|niosv_debug_module:dm_inst|niosv_debug_rom:dbg_rom_inst|niosv_ram:gen_mlab_rom.dbg_rom_inst|altsyncram:ram_no_ecc.data_ram_inst|altsyncram_45v1:auto_generated|lutrama47~MEMORYREGOUT
    Info (332098): From: niosv:u0|niosv_intel_niosv_m_0:intel_niosv_m_0|niosv_dm_top:dbg_mod|niosv_debug_module:dm_inst|niosv_debug_rom:dbg_rom_inst|niosv_ram:gen_mlab_rom.dbg_rom_inst|altsyncram:ram_no_ecc.data_ram_inst|altsyncram_45v1:auto_generated|lutrama48~CLKMUX_0  to: niosv:u0|niosv_intel_niosv_m_0:intel_niosv_m_0|niosv_dm_top:dbg_mod|niosv_debug_module:dm_inst|niosv_debug_rom:dbg_rom_inst|niosv_ram:gen_mlab_rom.dbg_rom_inst|altsyncram:ram_no_ecc.data_ram_inst|altsyncram_45v1:auto_generated|lutrama48~MEMORYREGOUT
    Info (332098): From: niosv:u0|niosv_intel_niosv_m_0:intel_niosv_m_0|niosv_dm_top:dbg_mod|niosv_debug_module:dm_inst|niosv_debug_rom:dbg_rom_inst|niosv_ram:gen_mlab_rom.dbg_rom_inst|altsyncram:ram_no_ecc.data_ram_inst|altsyncram_45v1:auto_generated|lutrama49~CLKMUX_0  to: niosv:u0|niosv_intel_niosv_m_0:intel_niosv_m_0|niosv_dm_top:dbg_mod|niosv_debug_module:dm_inst|niosv_debug_rom:dbg_rom_inst|niosv_ram:gen_mlab_rom.dbg_rom_inst|altsyncram:ram_no_ecc.data_ram_inst|altsyncram_45v1:auto_generated|lutrama49~MEMORYREGOUT
    Info (332098): From: niosv:u0|niosv_intel_niosv_m_0:intel_niosv_m_0|niosv_dm_top:dbg_mod|niosv_debug_module:dm_inst|niosv_debug_rom:dbg_rom_inst|niosv_ram:gen_mlab_rom.dbg_rom_inst|altsyncram:ram_no_ecc.data_ram_inst|altsyncram_45v1:auto_generated|lutrama4~CLKMUX_0  to: niosv:u0|niosv_intel_niosv_m_0:intel_niosv_m_0|niosv_dm_top:dbg_mod|niosv_debug_module:dm_inst|niosv_debug_rom:dbg_rom_inst|niosv_ram:gen_mlab_rom.dbg_rom_inst|altsyncram:ram_no_ecc.data_ram_inst|altsyncram_45v1:auto_generated|lutrama4~MEMORYREGOUT
    Info (332098): From: niosv:u0|niosv_intel_niosv_m_0:intel_niosv_m_0|niosv_dm_top:dbg_mod|niosv_debug_module:dm_inst|niosv_debug_rom:dbg_rom_inst|niosv_ram:gen_mlab_rom.dbg_rom_inst|altsyncram:ram_no_ecc.data_ram_inst|altsyncram_45v1:auto_generated|lutrama50~CLKMUX_0  to: niosv:u0|niosv_intel_niosv_m_0:intel_niosv_m_0|niosv_dm_top:dbg_mod|niosv_debug_module:dm_inst|niosv_debug_rom:dbg_rom_inst|niosv_ram:gen_mlab_rom.dbg_rom_inst|altsyncram:ram_no_ecc.data_ram_inst|altsyncram_45v1:auto_generated|lutrama50~MEMORYREGOUT
    Info (332098): From: niosv:u0|niosv_intel_niosv_m_0:intel_niosv_m_0|niosv_dm_top:dbg_mod|niosv_debug_module:dm_inst|niosv_debug_rom:dbg_rom_inst|niosv_ram:gen_mlab_rom.dbg_rom_inst|altsyncram:ram_no_ecc.data_ram_inst|altsyncram_45v1:auto_generated|lutrama51~CLKMUX_0  to: niosv:u0|niosv_intel_niosv_m_0:intel_niosv_m_0|niosv_dm_top:dbg_mod|niosv_debug_module:dm_inst|niosv_debug_rom:dbg_rom_inst|niosv_ram:gen_mlab_rom.dbg_rom_inst|altsyncram:ram_no_ecc.data_ram_inst|altsyncram_45v1:auto_generated|lutrama51~MEMORYREGOUT
    Info (332098): From: niosv:u0|niosv_intel_niosv_m_0:intel_niosv_m_0|niosv_dm_top:dbg_mod|niosv_debug_module:dm_inst|niosv_debug_rom:dbg_rom_inst|niosv_ram:gen_mlab_rom.dbg_rom_inst|altsyncram:ram_no_ecc.data_ram_inst|altsyncram_45v1:auto_generated|lutrama52~CLKMUX_0  to: niosv:u0|niosv_intel_niosv_m_0:intel_niosv_m_0|niosv_dm_top:dbg_mod|niosv_debug_module:dm_inst|niosv_debug_rom:dbg_rom_inst|niosv_ram:gen_mlab_rom.dbg_rom_inst|altsyncram:ram_no_ecc.data_ram_inst|altsyncram_45v1:auto_generated|lutrama52~MEMORYREGOUT
    Info (332098): From: niosv:u0|niosv_intel_niosv_m_0:intel_niosv_m_0|niosv_dm_top:dbg_mod|niosv_debug_module:dm_inst|niosv_debug_rom:dbg_rom_inst|niosv_ram:gen_mlab_rom.dbg_rom_inst|altsyncram:ram_no_ecc.data_ram_inst|altsyncram_45v1:auto_generated|lutrama53~CLKMUX_0  to: niosv:u0|niosv_intel_niosv_m_0:intel_niosv_m_0|niosv_dm_top:dbg_mod|niosv_debug_module:dm_inst|niosv_debug_rom:dbg_rom_inst|niosv_ram:gen_mlab_rom.dbg_rom_inst|altsyncram:ram_no_ecc.data_ram_inst|altsyncram_45v1:auto_generated|lutrama53~MEMORYREGOUT
    Info (332098): From: niosv:u0|niosv_intel_niosv_m_0:intel_niosv_m_0|niosv_dm_top:dbg_mod|niosv_debug_module:dm_inst|niosv_debug_rom:dbg_rom_inst|niosv_ram:gen_mlab_rom.dbg_rom_inst|altsyncram:ram_no_ecc.data_ram_inst|altsyncram_45v1:auto_generated|lutrama54~CLKMUX_0  to: niosv:u0|niosv_intel_niosv_m_0:intel_niosv_m_0|niosv_dm_top:dbg_mod|niosv_debug_module:dm_inst|niosv_debug_rom:dbg_rom_inst|niosv_ram:gen_mlab_rom.dbg_rom_inst|altsyncram:ram_no_ecc.data_ram_inst|altsyncram_45v1:auto_generated|lutrama54~MEMORYREGOUT
    Info (332098): From: niosv:u0|niosv_intel_niosv_m_0:intel_niosv_m_0|niosv_dm_top:dbg_mod|niosv_debug_module:dm_inst|niosv_debug_rom:dbg_rom_inst|niosv_ram:gen_mlab_rom.dbg_rom_inst|altsyncram:ram_no_ecc.data_ram_inst|altsyncram_45v1:auto_generated|lutrama55~CLKMUX_0  to: niosv:u0|niosv_intel_niosv_m_0:intel_niosv_m_0|niosv_dm_top:dbg_mod|niosv_debug_module:dm_inst|niosv_debug_rom:dbg_rom_inst|niosv_ram:gen_mlab_rom.dbg_rom_inst|altsyncram:ram_no_ecc.data_ram_inst|altsyncram_45v1:auto_generated|lutrama55~MEMORYREGOUT
    Info (332098): From: niosv:u0|niosv_intel_niosv_m_0:intel_niosv_m_0|niosv_dm_top:dbg_mod|niosv_debug_module:dm_inst|niosv_debug_rom:dbg_rom_inst|niosv_ram:gen_mlab_rom.dbg_rom_inst|altsyncram:ram_no_ecc.data_ram_inst|altsyncram_45v1:auto_generated|lutrama56~CLKMUX_0  to: niosv:u0|niosv_intel_niosv_m_0:intel_niosv_m_0|niosv_dm_top:dbg_mod|niosv_debug_module:dm_inst|niosv_debug_rom:dbg_rom_inst|niosv_ram:gen_mlab_rom.dbg_rom_inst|altsyncram:ram_no_ecc.data_ram_inst|altsyncram_45v1:auto_generated|lutrama56~MEMORYREGOUT
    Info (332098): From: niosv:u0|niosv_intel_niosv_m_0:intel_niosv_m_0|niosv_dm_top:dbg_mod|niosv_debug_module:dm_inst|niosv_debug_rom:dbg_rom_inst|niosv_ram:gen_mlab_rom.dbg_rom_inst|altsyncram:ram_no_ecc.data_ram_inst|altsyncram_45v1:auto_generated|lutrama57~CLKMUX_0  to: niosv:u0|niosv_intel_niosv_m_0:intel_niosv_m_0|niosv_dm_top:dbg_mod|niosv_debug_module:dm_inst|niosv_debug_rom:dbg_rom_inst|niosv_ram:gen_mlab_rom.dbg_rom_inst|altsyncram:ram_no_ecc.data_ram_inst|altsyncram_45v1:auto_generated|lutrama57~MEMORYREGOUT
    Info (332098): From: niosv:u0|niosv_intel_niosv_m_0:intel_niosv_m_0|niosv_dm_top:dbg_mod|niosv_debug_module:dm_inst|niosv_debug_rom:dbg_rom_inst|niosv_ram:gen_mlab_rom.dbg_rom_inst|altsyncram:ram_no_ecc.data_ram_inst|altsyncram_45v1:auto_generated|lutrama58~CLKMUX_0  to: niosv:u0|niosv_intel_niosv_m_0:intel_niosv_m_0|niosv_dm_top:dbg_mod|niosv_debug_module:dm_inst|niosv_debug_rom:dbg_rom_inst|niosv_ram:gen_mlab_rom.dbg_rom_inst|altsyncram:ram_no_ecc.data_ram_inst|altsyncram_45v1:auto_generated|lutrama58~MEMORYREGOUT
    Info (332098): From: niosv:u0|niosv_intel_niosv_m_0:intel_niosv_m_0|niosv_dm_top:dbg_mod|niosv_debug_module:dm_inst|niosv_debug_rom:dbg_rom_inst|niosv_ram:gen_mlab_rom.dbg_rom_inst|altsyncram:ram_no_ecc.data_ram_inst|altsyncram_45v1:auto_generated|lutrama59~CLKMUX_0  to: niosv:u0|niosv_intel_niosv_m_0:intel_niosv_m_0|niosv_dm_top:dbg_mod|niosv_debug_module:dm_inst|niosv_debug_rom:dbg_rom_inst|niosv_ram:gen_mlab_rom.dbg_rom_inst|altsyncram:ram_no_ecc.data_ram_inst|altsyncram_45v1:auto_generated|lutrama59~MEMORYREGOUT
    Info (332098): From: niosv:u0|niosv_intel_niosv_m_0:intel_niosv_m_0|niosv_dm_top:dbg_mod|niosv_debug_module:dm_inst|niosv_debug_rom:dbg_rom_inst|niosv_ram:gen_mlab_rom.dbg_rom_inst|altsyncram:ram_no_ecc.data_ram_inst|altsyncram_45v1:auto_generated|lutrama5~CLKMUX_0  to: niosv:u0|niosv_intel_niosv_m_0:intel_niosv_m_0|niosv_dm_top:dbg_mod|niosv_debug_module:dm_inst|niosv_debug_rom:dbg_rom_inst|niosv_ram:gen_mlab_rom.dbg_rom_inst|altsyncram:ram_no_ecc.data_ram_inst|altsyncram_45v1:auto_generated|lutrama5~MEMORYREGOUT
    Info (332098): From: niosv:u0|niosv_intel_niosv_m_0:intel_niosv_m_0|niosv_dm_top:dbg_mod|niosv_debug_module:dm_inst|niosv_debug_rom:dbg_rom_inst|niosv_ram:gen_mlab_rom.dbg_rom_inst|altsyncram:ram_no_ecc.data_ram_inst|altsyncram_45v1:auto_generated|lutrama60~CLKMUX_0  to: niosv:u0|niosv_intel_niosv_m_0:intel_niosv_m_0|niosv_dm_top:dbg_mod|niosv_debug_module:dm_inst|niosv_debug_rom:dbg_rom_inst|niosv_ram:gen_mlab_rom.dbg_rom_inst|altsyncram:ram_no_ecc.data_ram_inst|altsyncram_45v1:auto_generated|lutrama60~MEMORYREGOUT
    Info (332098): From: niosv:u0|niosv_intel_niosv_m_0:intel_niosv_m_0|niosv_dm_top:dbg_mod|niosv_debug_module:dm_inst|niosv_debug_rom:dbg_rom_inst|niosv_ram:gen_mlab_rom.dbg_rom_inst|altsyncram:ram_no_ecc.data_ram_inst|altsyncram_45v1:auto_generated|lutrama61~CLKMUX_0  to: niosv:u0|niosv_intel_niosv_m_0:intel_niosv_m_0|niosv_dm_top:dbg_mod|niosv_debug_module:dm_inst|niosv_debug_rom:dbg_rom_inst|niosv_ram:gen_mlab_rom.dbg_rom_inst|altsyncram:ram_no_ecc.data_ram_inst|altsyncram_45v1:auto_generated|lutrama61~MEMORYREGOUT
    Info (332098): From: niosv:u0|niosv_intel_niosv_m_0:intel_niosv_m_0|niosv_dm_top:dbg_mod|niosv_debug_module:dm_inst|niosv_debug_rom:dbg_rom_inst|niosv_ram:gen_mlab_rom.dbg_rom_inst|altsyncram:ram_no_ecc.data_ram_inst|altsyncram_45v1:auto_generated|lutrama62~CLKMUX_0  to: niosv:u0|niosv_intel_niosv_m_0:intel_niosv_m_0|niosv_dm_top:dbg_mod|niosv_debug_module:dm_inst|niosv_debug_rom:dbg_rom_inst|niosv_ram:gen_mlab_rom.dbg_rom_inst|altsyncram:ram_no_ecc.data_ram_inst|altsyncram_45v1:auto_generated|lutrama62~MEMORYREGOUT
    Info (332098): From: niosv:u0|niosv_intel_niosv_m_0:intel_niosv_m_0|niosv_dm_top:dbg_mod|niosv_debug_module:dm_inst|niosv_debug_rom:dbg_rom_inst|niosv_ram:gen_mlab_rom.dbg_rom_inst|altsyncram:ram_no_ecc.data_ram_inst|altsyncram_45v1:auto_generated|lutrama63~CLKMUX_0  to: niosv:u0|niosv_intel_niosv_m_0:intel_niosv_m_0|niosv_dm_top:dbg_mod|niosv_debug_module:dm_inst|niosv_debug_rom:dbg_rom_inst|niosv_ram:gen_mlab_rom.dbg_rom_inst|altsyncram:ram_no_ecc.data_ram_inst|altsyncram_45v1:auto_generated|lutrama63~MEMORYREGOUT
    Info (332098): From: niosv:u0|niosv_intel_niosv_m_0:intel_niosv_m_0|niosv_dm_top:dbg_mod|niosv_debug_module:dm_inst|niosv_debug_rom:dbg_rom_inst|niosv_ram:gen_mlab_rom.dbg_rom_inst|altsyncram:ram_no_ecc.data_ram_inst|altsyncram_45v1:auto_generated|lutrama6~CLKMUX_0  to: niosv:u0|niosv_intel_niosv_m_0:intel_niosv_m_0|niosv_dm_top:dbg_mod|niosv_debug_module:dm_inst|niosv_debug_rom:dbg_rom_inst|niosv_ram:gen_mlab_rom.dbg_rom_inst|altsyncram:ram_no_ecc.data_ram_inst|altsyncram_45v1:auto_generated|lutrama6~MEMORYREGOUT
    Info (332098): From: niosv:u0|niosv_intel_niosv_m_0:intel_niosv_m_0|niosv_dm_top:dbg_mod|niosv_debug_module:dm_inst|niosv_debug_rom:dbg_rom_inst|niosv_ram:gen_mlab_rom.dbg_rom_inst|altsyncram:ram_no_ecc.data_ram_inst|altsyncram_45v1:auto_generated|lutrama7~CLKMUX_0  to: niosv:u0|niosv_intel_niosv_m_0:intel_niosv_m_0|niosv_dm_top:dbg_mod|niosv_debug_module:dm_inst|niosv_debug_rom:dbg_rom_inst|niosv_ram:gen_mlab_rom.dbg_rom_inst|altsyncram:ram_no_ecc.data_ram_inst|altsyncram_45v1:auto_generated|lutrama7~MEMORYREGOUT
    Info (332098): From: niosv:u0|niosv_intel_niosv_m_0:intel_niosv_m_0|niosv_dm_top:dbg_mod|niosv_debug_module:dm_inst|niosv_debug_rom:dbg_rom_inst|niosv_ram:gen_mlab_rom.dbg_rom_inst|altsyncram:ram_no_ecc.data_ram_inst|altsyncram_45v1:auto_generated|lutrama8~CLKMUX_0  to: niosv:u0|niosv_intel_niosv_m_0:intel_niosv_m_0|niosv_dm_top:dbg_mod|niosv_debug_module:dm_inst|niosv_debug_rom:dbg_rom_inst|niosv_ram:gen_mlab_rom.dbg_rom_inst|altsyncram:ram_no_ecc.data_ram_inst|altsyncram_45v1:auto_generated|lutrama8~MEMORYREGOUT
    Info (332098): From: niosv:u0|niosv_intel_niosv_m_0:intel_niosv_m_0|niosv_dm_top:dbg_mod|niosv_debug_module:dm_inst|niosv_debug_rom:dbg_rom_inst|niosv_ram:gen_mlab_rom.dbg_rom_inst|altsyncram:ram_no_ecc.data_ram_inst|altsyncram_45v1:auto_generated|lutrama9~CLKMUX_0  to: niosv:u0|niosv_intel_niosv_m_0:intel_niosv_m_0|niosv_dm_top:dbg_mod|niosv_debug_module:dm_inst|niosv_debug_rom:dbg_rom_inst|niosv_ram:gen_mlab_rom.dbg_rom_inst|altsyncram:ram_no_ecc.data_ram_inst|altsyncram_45v1:auto_generated|lutrama9~MEMORYREGOUT
    Info (332098): From: niosv:u0|niosv_intel_niosv_m_0:intel_niosv_m_0|niosv_dm_top:dbg_mod|niosv_debug_module:dm_inst|niosv_ram:niosv_dm_csr_mem_inst|altsyncram:ram_no_ecc.data_ram_inst|altsyncram_51v1:auto_generated|lutrama0~CLKMUX_0  to: niosv:u0|niosv_intel_niosv_m_0:intel_niosv_m_0|niosv_dm_top:dbg_mod|niosv_debug_module:dm_inst|niosv_ram:niosv_dm_csr_mem_inst|altsyncram:ram_no_ecc.data_ram_inst|altsyncram_51v1:auto_generated|lutrama0~MEMORYREGOUT
    Info (332098): From: niosv:u0|niosv_intel_niosv_m_0:intel_niosv_m_0|niosv_dm_top:dbg_mod|niosv_debug_module:dm_inst|niosv_ram:niosv_dm_csr_mem_inst|altsyncram:ram_no_ecc.data_ram_inst|altsyncram_51v1:auto_generated|lutrama10~CLKMUX_0  to: niosv:u0|niosv_intel_niosv_m_0:intel_niosv_m_0|niosv_dm_top:dbg_mod|niosv_debug_module:dm_inst|niosv_ram:niosv_dm_csr_mem_inst|altsyncram:ram_no_ecc.data_ram_inst|altsyncram_51v1:auto_generated|lutrama10~MEMORYREGOUT
    Info (332098): From: niosv:u0|niosv_intel_niosv_m_0:intel_niosv_m_0|niosv_dm_top:dbg_mod|niosv_debug_module:dm_inst|niosv_ram:niosv_dm_csr_mem_inst|altsyncram:ram_no_ecc.data_ram_inst|altsyncram_51v1:auto_generated|lutrama11~CLKMUX_0  to: niosv:u0|niosv_intel_niosv_m_0:intel_niosv_m_0|niosv_dm_top:dbg_mod|niosv_debug_module:dm_inst|niosv_ram:niosv_dm_csr_mem_inst|altsyncram:ram_no_ecc.data_ram_inst|altsyncram_51v1:auto_generated|lutrama11~MEMORYREGOUT
    Info (332098): From: niosv:u0|niosv_intel_niosv_m_0:intel_niosv_m_0|niosv_dm_top:dbg_mod|niosv_debug_module:dm_inst|niosv_ram:niosv_dm_csr_mem_inst|altsyncram:ram_no_ecc.data_ram_inst|altsyncram_51v1:auto_generated|lutrama12~CLKMUX_0  to: niosv:u0|niosv_intel_niosv_m_0:intel_niosv_m_0|niosv_dm_top:dbg_mod|niosv_debug_module:dm_inst|niosv_ram:niosv_dm_csr_mem_inst|altsyncram:ram_no_ecc.data_ram_inst|altsyncram_51v1:auto_generated|lutrama12~MEMORYREGOUT
    Info (332098): From: niosv:u0|niosv_intel_niosv_m_0:intel_niosv_m_0|niosv_dm_top:dbg_mod|niosv_debug_module:dm_inst|niosv_ram:niosv_dm_csr_mem_inst|altsyncram:ram_no_ecc.data_ram_inst|altsyncram_51v1:auto_generated|lutrama13~CLKMUX_0  to: niosv:u0|niosv_intel_niosv_m_0:intel_niosv_m_0|niosv_dm_top:dbg_mod|niosv_debug_module:dm_inst|niosv_ram:niosv_dm_csr_mem_inst|altsyncram:ram_no_ecc.data_ram_inst|altsyncram_51v1:auto_generated|lutrama13~MEMORYREGOUT
    Info (332098): From: niosv:u0|niosv_intel_niosv_m_0:intel_niosv_m_0|niosv_dm_top:dbg_mod|niosv_debug_module:dm_inst|niosv_ram:niosv_dm_csr_mem_inst|altsyncram:ram_no_ecc.data_ram_inst|altsyncram_51v1:auto_generated|lutrama14~CLKMUX_0  to: niosv:u0|niosv_intel_niosv_m_0:intel_niosv_m_0|niosv_dm_top:dbg_mod|niosv_debug_module:dm_inst|niosv_ram:niosv_dm_csr_mem_inst|altsyncram:ram_no_ecc.data_ram_inst|altsyncram_51v1:auto_generated|lutrama14~MEMORYREGOUT
    Info (332098): From: niosv:u0|niosv_intel_niosv_m_0:intel_niosv_m_0|niosv_dm_top:dbg_mod|niosv_debug_module:dm_inst|niosv_ram:niosv_dm_csr_mem_inst|altsyncram:ram_no_ecc.data_ram_inst|altsyncram_51v1:auto_generated|lutrama15~CLKMUX_0  to: niosv:u0|niosv_intel_niosv_m_0:intel_niosv_m_0|niosv_dm_top:dbg_mod|niosv_debug_module:dm_inst|niosv_ram:niosv_dm_csr_mem_inst|altsyncram:ram_no_ecc.data_ram_inst|altsyncram_51v1:auto_generated|lutrama15~MEMORYREGOUT
    Info (332098): From: niosv:u0|niosv_intel_niosv_m_0:intel_niosv_m_0|niosv_dm_top:dbg_mod|niosv_debug_module:dm_inst|niosv_ram:niosv_dm_csr_mem_inst|altsyncram:ram_no_ecc.data_ram_inst|altsyncram_51v1:auto_generated|lutrama16~CLKMUX_0  to: niosv:u0|niosv_intel_niosv_m_0:intel_niosv_m_0|niosv_dm_top:dbg_mod|niosv_debug_module:dm_inst|niosv_ram:niosv_dm_csr_mem_inst|altsyncram:ram_no_ecc.data_ram_inst|altsyncram_51v1:auto_generated|lutrama16~MEMORYREGOUT
    Info (332098): From: niosv:u0|niosv_intel_niosv_m_0:intel_niosv_m_0|niosv_dm_top:dbg_mod|niosv_debug_module:dm_inst|niosv_ram:niosv_dm_csr_mem_inst|altsyncram:ram_no_ecc.data_ram_inst|altsyncram_51v1:auto_generated|lutrama17~CLKMUX_0  to: niosv:u0|niosv_intel_niosv_m_0:intel_niosv_m_0|niosv_dm_top:dbg_mod|niosv_debug_module:dm_inst|niosv_ram:niosv_dm_csr_mem_inst|altsyncram:ram_no_ecc.data_ram_inst|altsyncram_51v1:auto_generated|lutrama17~MEMORYREGOUT
    Info (332098): From: niosv:u0|niosv_intel_niosv_m_0:intel_niosv_m_0|niosv_dm_top:dbg_mod|niosv_debug_module:dm_inst|niosv_ram:niosv_dm_csr_mem_inst|altsyncram:ram_no_ecc.data_ram_inst|altsyncram_51v1:auto_generated|lutrama18~CLKMUX_0  to: niosv:u0|niosv_intel_niosv_m_0:intel_niosv_m_0|niosv_dm_top:dbg_mod|niosv_debug_module:dm_inst|niosv_ram:niosv_dm_csr_mem_inst|altsyncram:ram_no_ecc.data_ram_inst|altsyncram_51v1:auto_generated|lutrama18~MEMORYREGOUT
    Info (332098): From: niosv:u0|niosv_intel_niosv_m_0:intel_niosv_m_0|niosv_dm_top:dbg_mod|niosv_debug_module:dm_inst|niosv_ram:niosv_dm_csr_mem_inst|altsyncram:ram_no_ecc.data_ram_inst|altsyncram_51v1:auto_generated|lutrama19~CLKMUX_0  to: niosv:u0|niosv_intel_niosv_m_0:intel_niosv_m_0|niosv_dm_top:dbg_mod|niosv_debug_module:dm_inst|niosv_ram:niosv_dm_csr_mem_inst|altsyncram:ram_no_ecc.data_ram_inst|altsyncram_51v1:auto_generated|lutrama19~MEMORYREGOUT
    Info (332098): From: niosv:u0|niosv_intel_niosv_m_0:intel_niosv_m_0|niosv_dm_top:dbg_mod|niosv_debug_module:dm_inst|niosv_ram:niosv_dm_csr_mem_inst|altsyncram:ram_no_ecc.data_ram_inst|altsyncram_51v1:auto_generated|lutrama1~CLKMUX_0  to: niosv:u0|niosv_intel_niosv_m_0:intel_niosv_m_0|niosv_dm_top:dbg_mod|niosv_debug_module:dm_inst|niosv_ram:niosv_dm_csr_mem_inst|altsyncram:ram_no_ecc.data_ram_inst|altsyncram_51v1:auto_generated|lutrama1~MEMORYREGOUT
    Info (332098): From: niosv:u0|niosv_intel_niosv_m_0:intel_niosv_m_0|niosv_dm_top:dbg_mod|niosv_debug_module:dm_inst|niosv_ram:niosv_dm_csr_mem_inst|altsyncram:ram_no_ecc.data_ram_inst|altsyncram_51v1:auto_generated|lutrama20~CLKMUX_0  to: niosv:u0|niosv_intel_niosv_m_0:intel_niosv_m_0|niosv_dm_top:dbg_mod|niosv_debug_module:dm_inst|niosv_ram:niosv_dm_csr_mem_inst|altsyncram:ram_no_ecc.data_ram_inst|altsyncram_51v1:auto_generated|lutrama20~MEMORYREGOUT
    Info (332098): From: niosv:u0|niosv_intel_niosv_m_0:intel_niosv_m_0|niosv_dm_top:dbg_mod|niosv_debug_module:dm_inst|niosv_ram:niosv_dm_csr_mem_inst|altsyncram:ram_no_ecc.data_ram_inst|altsyncram_51v1:auto_generated|lutrama21~CLKMUX_0  to: niosv:u0|niosv_intel_niosv_m_0:intel_niosv_m_0|niosv_dm_top:dbg_mod|niosv_debug_module:dm_inst|niosv_ram:niosv_dm_csr_mem_inst|altsyncram:ram_no_ecc.data_ram_inst|altsyncram_51v1:auto_generated|lutrama21~MEMORYREGOUT
    Info (332098): From: niosv:u0|niosv_intel_niosv_m_0:intel_niosv_m_0|niosv_dm_top:dbg_mod|niosv_debug_module:dm_inst|niosv_ram:niosv_dm_csr_mem_inst|altsyncram:ram_no_ecc.data_ram_inst|altsyncram_51v1:auto_generated|lutrama22~CLKMUX_0  to: niosv:u0|niosv_intel_niosv_m_0:intel_niosv_m_0|niosv_dm_top:dbg_mod|niosv_debug_module:dm_inst|niosv_ram:niosv_dm_csr_mem_inst|altsyncram:ram_no_ecc.data_ram_inst|altsyncram_51v1:auto_generated|lutrama22~MEMORYREGOUT
    Info (332098): From: niosv:u0|niosv_intel_niosv_m_0:intel_niosv_m_0|niosv_dm_top:dbg_mod|niosv_debug_module:dm_inst|niosv_ram:niosv_dm_csr_mem_inst|altsyncram:ram_no_ecc.data_ram_inst|altsyncram_51v1:auto_generated|lutrama23~CLKMUX_0  to: niosv:u0|niosv_intel_niosv_m_0:intel_niosv_m_0|niosv_dm_top:dbg_mod|niosv_debug_module:dm_inst|niosv_ram:niosv_dm_csr_mem_inst|altsyncram:ram_no_ecc.data_ram_inst|altsyncram_51v1:auto_generated|lutrama23~MEMORYREGOUT
    Info (332098): From: niosv:u0|niosv_intel_niosv_m_0:intel_niosv_m_0|niosv_dm_top:dbg_mod|niosv_debug_module:dm_inst|niosv_ram:niosv_dm_csr_mem_inst|altsyncram:ram_no_ecc.data_ram_inst|altsyncram_51v1:auto_generated|lutrama24~CLKMUX_0  to: niosv:u0|niosv_intel_niosv_m_0:intel_niosv_m_0|niosv_dm_top:dbg_mod|niosv_debug_module:dm_inst|niosv_ram:niosv_dm_csr_mem_inst|altsyncram:ram_no_ecc.data_ram_inst|altsyncram_51v1:auto_generated|lutrama24~MEMORYREGOUT
    Info (332098): From: niosv:u0|niosv_intel_niosv_m_0:intel_niosv_m_0|niosv_dm_top:dbg_mod|niosv_debug_module:dm_inst|niosv_ram:niosv_dm_csr_mem_inst|altsyncram:ram_no_ecc.data_ram_inst|altsyncram_51v1:auto_generated|lutrama25~CLKMUX_0  to: niosv:u0|niosv_intel_niosv_m_0:intel_niosv_m_0|niosv_dm_top:dbg_mod|niosv_debug_module:dm_inst|niosv_ram:niosv_dm_csr_mem_inst|altsyncram:ram_no_ecc.data_ram_inst|altsyncram_51v1:auto_generated|lutrama25~MEMORYREGOUT
    Info (332098): From: niosv:u0|niosv_intel_niosv_m_0:intel_niosv_m_0|niosv_dm_top:dbg_mod|niosv_debug_module:dm_inst|niosv_ram:niosv_dm_csr_mem_inst|altsyncram:ram_no_ecc.data_ram_inst|altsyncram_51v1:auto_generated|lutrama26~CLKMUX_0  to: niosv:u0|niosv_intel_niosv_m_0:intel_niosv_m_0|niosv_dm_top:dbg_mod|niosv_debug_module:dm_inst|niosv_ram:niosv_dm_csr_mem_inst|altsyncram:ram_no_ecc.data_ram_inst|altsyncram_51v1:auto_generated|lutrama26~MEMORYREGOUT
    Info (332098): From: niosv:u0|niosv_intel_niosv_m_0:intel_niosv_m_0|niosv_dm_top:dbg_mod|niosv_debug_module:dm_inst|niosv_ram:niosv_dm_csr_mem_inst|altsyncram:ram_no_ecc.data_ram_inst|altsyncram_51v1:auto_generated|lutrama27~CLKMUX_0  to: niosv:u0|niosv_intel_niosv_m_0:intel_niosv_m_0|niosv_dm_top:dbg_mod|niosv_debug_module:dm_inst|niosv_ram:niosv_dm_csr_mem_inst|altsyncram:ram_no_ecc.data_ram_inst|altsyncram_51v1:auto_generated|lutrama27~MEMORYREGOUT
    Info (332098): From: niosv:u0|niosv_intel_niosv_m_0:intel_niosv_m_0|niosv_dm_top:dbg_mod|niosv_debug_module:dm_inst|niosv_ram:niosv_dm_csr_mem_inst|altsyncram:ram_no_ecc.data_ram_inst|altsyncram_51v1:auto_generated|lutrama28~CLKMUX_0  to: niosv:u0|niosv_intel_niosv_m_0:intel_niosv_m_0|niosv_dm_top:dbg_mod|niosv_debug_module:dm_inst|niosv_ram:niosv_dm_csr_mem_inst|altsyncram:ram_no_ecc.data_ram_inst|altsyncram_51v1:auto_generated|lutrama28~MEMORYREGOUT
    Info (332098): From: niosv:u0|niosv_intel_niosv_m_0:intel_niosv_m_0|niosv_dm_top:dbg_mod|niosv_debug_module:dm_inst|niosv_ram:niosv_dm_csr_mem_inst|altsyncram:ram_no_ecc.data_ram_inst|altsyncram_51v1:auto_generated|lutrama29~CLKMUX_0  to: niosv:u0|niosv_intel_niosv_m_0:intel_niosv_m_0|niosv_dm_top:dbg_mod|niosv_debug_module:dm_inst|niosv_ram:niosv_dm_csr_mem_inst|altsyncram:ram_no_ecc.data_ram_inst|altsyncram_51v1:auto_generated|lutrama29~MEMORYREGOUT
    Info (332098): From: niosv:u0|niosv_intel_niosv_m_0:intel_niosv_m_0|niosv_dm_top:dbg_mod|niosv_debug_module:dm_inst|niosv_ram:niosv_dm_csr_mem_inst|altsyncram:ram_no_ecc.data_ram_inst|altsyncram_51v1:auto_generated|lutrama2~CLKMUX_0  to: niosv:u0|niosv_intel_niosv_m_0:intel_niosv_m_0|niosv_dm_top:dbg_mod|niosv_debug_module:dm_inst|niosv_ram:niosv_dm_csr_mem_inst|altsyncram:ram_no_ecc.data_ram_inst|altsyncram_51v1:auto_generated|lutrama2~MEMORYREGOUT
    Info (332098): From: niosv:u0|niosv_intel_niosv_m_0:intel_niosv_m_0|niosv_dm_top:dbg_mod|niosv_debug_module:dm_inst|niosv_ram:niosv_dm_csr_mem_inst|altsyncram:ram_no_ecc.data_ram_inst|altsyncram_51v1:auto_generated|lutrama30~CLKMUX_0  to: niosv:u0|niosv_intel_niosv_m_0:intel_niosv_m_0|niosv_dm_top:dbg_mod|niosv_debug_module:dm_inst|niosv_ram:niosv_dm_csr_mem_inst|altsyncram:ram_no_ecc.data_ram_inst|altsyncram_51v1:auto_generated|lutrama30~MEMORYREGOUT
    Info (332098): From: niosv:u0|niosv_intel_niosv_m_0:intel_niosv_m_0|niosv_dm_top:dbg_mod|niosv_debug_module:dm_inst|niosv_ram:niosv_dm_csr_mem_inst|altsyncram:ram_no_ecc.data_ram_inst|altsyncram_51v1:auto_generated|lutrama31~CLKMUX_0  to: niosv:u0|niosv_intel_niosv_m_0:intel_niosv_m_0|niosv_dm_top:dbg_mod|niosv_debug_module:dm_inst|niosv_ram:niosv_dm_csr_mem_inst|altsyncram:ram_no_ecc.data_ram_inst|altsyncram_51v1:auto_generated|lutrama31~MEMORYREGOUT
    Info (332098): From: niosv:u0|niosv_intel_niosv_m_0:intel_niosv_m_0|niosv_dm_top:dbg_mod|niosv_debug_module:dm_inst|niosv_ram:niosv_dm_csr_mem_inst|altsyncram:ram_no_ecc.data_ram_inst|altsyncram_51v1:auto_generated|lutrama3~CLKMUX_0  to: niosv:u0|niosv_intel_niosv_m_0:intel_niosv_m_0|niosv_dm_top:dbg_mod|niosv_debug_module:dm_inst|niosv_ram:niosv_dm_csr_mem_inst|altsyncram:ram_no_ecc.data_ram_inst|altsyncram_51v1:auto_generated|lutrama3~MEMORYREGOUT
    Info (332098): From: niosv:u0|niosv_intel_niosv_m_0:intel_niosv_m_0|niosv_dm_top:dbg_mod|niosv_debug_module:dm_inst|niosv_ram:niosv_dm_csr_mem_inst|altsyncram:ram_no_ecc.data_ram_inst|altsyncram_51v1:auto_generated|lutrama4~CLKMUX_0  to: niosv:u0|niosv_intel_niosv_m_0:intel_niosv_m_0|niosv_dm_top:dbg_mod|niosv_debug_module:dm_inst|niosv_ram:niosv_dm_csr_mem_inst|altsyncram:ram_no_ecc.data_ram_inst|altsyncram_51v1:auto_generated|lutrama4~MEMORYREGOUT
    Info (332098): From: niosv:u0|niosv_intel_niosv_m_0:intel_niosv_m_0|niosv_dm_top:dbg_mod|niosv_debug_module:dm_inst|niosv_ram:niosv_dm_csr_mem_inst|altsyncram:ram_no_ecc.data_ram_inst|altsyncram_51v1:auto_generated|lutrama5~CLKMUX_0  to: niosv:u0|niosv_intel_niosv_m_0:intel_niosv_m_0|niosv_dm_top:dbg_mod|niosv_debug_module:dm_inst|niosv_ram:niosv_dm_csr_mem_inst|altsyncram:ram_no_ecc.data_ram_inst|altsyncram_51v1:auto_generated|lutrama5~MEMORYREGOUT
    Info (332098): From: niosv:u0|niosv_intel_niosv_m_0:intel_niosv_m_0|niosv_dm_top:dbg_mod|niosv_debug_module:dm_inst|niosv_ram:niosv_dm_csr_mem_inst|altsyncram:ram_no_ecc.data_ram_inst|altsyncram_51v1:auto_generated|lutrama6~CLKMUX_0  to: niosv:u0|niosv_intel_niosv_m_0:intel_niosv_m_0|niosv_dm_top:dbg_mod|niosv_debug_module:dm_inst|niosv_ram:niosv_dm_csr_mem_inst|altsyncram:ram_no_ecc.data_ram_inst|altsyncram_51v1:auto_generated|lutrama6~MEMORYREGOUT
    Info (332098): From: niosv:u0|niosv_intel_niosv_m_0:intel_niosv_m_0|niosv_dm_top:dbg_mod|niosv_debug_module:dm_inst|niosv_ram:niosv_dm_csr_mem_inst|altsyncram:ram_no_ecc.data_ram_inst|altsyncram_51v1:auto_generated|lutrama7~CLKMUX_0  to: niosv:u0|niosv_intel_niosv_m_0:intel_niosv_m_0|niosv_dm_top:dbg_mod|niosv_debug_module:dm_inst|niosv_ram:niosv_dm_csr_mem_inst|altsyncram:ram_no_ecc.data_ram_inst|altsyncram_51v1:auto_generated|lutrama7~MEMORYREGOUT
    Info (332098): From: niosv:u0|niosv_intel_niosv_m_0:intel_niosv_m_0|niosv_dm_top:dbg_mod|niosv_debug_module:dm_inst|niosv_ram:niosv_dm_csr_mem_inst|altsyncram:ram_no_ecc.data_ram_inst|altsyncram_51v1:auto_generated|lutrama8~CLKMUX_0  to: niosv:u0|niosv_intel_niosv_m_0:intel_niosv_m_0|niosv_dm_top:dbg_mod|niosv_debug_module:dm_inst|niosv_ram:niosv_dm_csr_mem_inst|altsyncram:ram_no_ecc.data_ram_inst|altsyncram_51v1:auto_generated|lutrama8~MEMORYREGOUT
    Info (332098): From: niosv:u0|niosv_intel_niosv_m_0:intel_niosv_m_0|niosv_dm_top:dbg_mod|niosv_debug_module:dm_inst|niosv_ram:niosv_dm_csr_mem_inst|altsyncram:ram_no_ecc.data_ram_inst|altsyncram_51v1:auto_generated|lutrama9~CLKMUX_0  to: niosv:u0|niosv_intel_niosv_m_0:intel_niosv_m_0|niosv_dm_top:dbg_mod|niosv_debug_module:dm_inst|niosv_ram:niosv_dm_csr_mem_inst|altsyncram:ram_no_ecc.data_ram_inst|altsyncram_51v1:auto_generated|lutrama9~MEMORYREGOUT
Info (332123): Deriving Clock Uncertainty. Please refer to report_sdc in the Timing Analyzer to see clock uncertainties.
Info (332146): Worst-case setup slack is 8.829
    Info (332119):     Slack       End Point TNS Clock 
    Info (332119): ========= =================== =====================
    Info (332119):     8.829               0.000 CLOCK_50 
    Info (332119):    10.666               0.000 altera_reserved_tck 
Info (332146): Worst-case hold slack is 0.072
    Info (332119):     Slack       End Point TNS Clock 
    Info (332119): ========= =================== =====================
    Info (332119):     0.072               0.000 CLOCK_50 
    Info (332119):     0.139               0.000 altera_reserved_tck 
Info (332146): Worst-case recovery slack is 14.396
    Info (332119):     Slack       End Point TNS Clock 
    Info (332119): ========= =================== =====================
    Info (332119):    14.396               0.000 CLOCK_50 
    Info (332119):    30.494               0.000 altera_reserved_tck 
Info (332146): Worst-case removal slack is 0.811
    Info (332119):     Slack       End Point TNS Clock 
    Info (332119): ========= =================== =====================
    Info (332119):     0.811               0.000 altera_reserved_tck 
    Info (332119):     0.928               0.000 CLOCK_50 
Info (332146): Worst-case minimum pulse width slack is 8.817
    Info (332119):     Slack       End Point TNS Clock 
    Info (332119): ========= =================== =====================
    Info (332119):     8.817               0.000 CLOCK_50 
    Info (332119):    15.550               0.000 altera_reserved_tck 
Info (332114): Report Metastability: Found 95 synchronizer chains.
    Info (332114): Worst-Case MTBF of Design is 1e+09 years or 3.15e+16 seconds.
    Info (332114): Typical MTBF of Design is 1e+09 years or 3.15e+16 seconds.

    Info (332114): Number of Synchronizer Chains Found: 95
    Info (332114): Shortest Synchronizer Chain: 2 Registers
    Info (332114): Fraction of Chains for which MTBFs Could Not be Calculated: 0.958
    Info (332114): Worst Case Available Settling Time: 37.292 ns
    Info (332114): 
    Info (332114): Worst-Case MTBF values are calculated based on the worst-case silicon characteristics, with worst-case operating conditions.
    Info (332114):   - Under worst-case conditions, an increase of 100ps in available settling time will increase MTBF values by a factor of 5.2
    Info (332114): Typical MTBF values are calculated based on the nominal silicon characteristics, at nominal operating conditions.
    Info (332114):   - Under typical conditions, an increase of 100ps in available settling time will increase MTBF values by a factor of 17.8
Info: Analyzing Fast 1100mV 85C Model
Info (334003): Started post-fitting delay annotation
Info (334004): Delay annotation completed successfully
Info (332097): The following timing edges are non-unate.  The Timing Analyzer will assume pos-unate behavior for these edges in the clock network.
    Info (332098): From: niosv:u0|niosv_intel_niosv_m_0:intel_niosv_m_0|niosv_dm_top:dbg_mod|niosv_debug_module:dm_inst|niosv_debug_rom:dbg_rom_inst|niosv_ram:gen_mlab_rom.dbg_rom_inst|altsyncram:ram_no_ecc.data_ram_inst|altsyncram_45v1:auto_generated|lutrama0~CLKMUX_0  to: niosv:u0|niosv_intel_niosv_m_0:intel_niosv_m_0|niosv_dm_top:dbg_mod|niosv_debug_module:dm_inst|niosv_debug_rom:dbg_rom_inst|niosv_ram:gen_mlab_rom.dbg_rom_inst|altsyncram:ram_no_ecc.data_ram_inst|altsyncram_45v1:auto_generated|lutrama0~MEMORYREGOUT
    Info (332098): From: niosv:u0|niosv_intel_niosv_m_0:intel_niosv_m_0|niosv_dm_top:dbg_mod|niosv_debug_module:dm_inst|niosv_debug_rom:dbg_rom_inst|niosv_ram:gen_mlab_rom.dbg_rom_inst|altsyncram:ram_no_ecc.data_ram_inst|altsyncram_45v1:auto_generated|lutrama10~CLKMUX_0  to: niosv:u0|niosv_intel_niosv_m_0:intel_niosv_m_0|niosv_dm_top:dbg_mod|niosv_debug_module:dm_inst|niosv_debug_rom:dbg_rom_inst|niosv_ram:gen_mlab_rom.dbg_rom_inst|altsyncram:ram_no_ecc.data_ram_inst|altsyncram_45v1:auto_generated|lutrama10~MEMORYREGOUT
    Info (332098): From: niosv:u0|niosv_intel_niosv_m_0:intel_niosv_m_0|niosv_dm_top:dbg_mod|niosv_debug_module:dm_inst|niosv_debug_rom:dbg_rom_inst|niosv_ram:gen_mlab_rom.dbg_rom_inst|altsyncram:ram_no_ecc.data_ram_inst|altsyncram_45v1:auto_generated|lutrama11~CLKMUX_0  to: niosv:u0|niosv_intel_niosv_m_0:intel_niosv_m_0|niosv_dm_top:dbg_mod|niosv_debug_module:dm_inst|niosv_debug_rom:dbg_rom_inst|niosv_ram:gen_mlab_rom.dbg_rom_inst|altsyncram:ram_no_ecc.data_ram_inst|altsyncram_45v1:auto_generated|lutrama11~MEMORYREGOUT
    Info (332098): From: niosv:u0|niosv_intel_niosv_m_0:intel_niosv_m_0|niosv_dm_top:dbg_mod|niosv_debug_module:dm_inst|niosv_debug_rom:dbg_rom_inst|niosv_ram:gen_mlab_rom.dbg_rom_inst|altsyncram:ram_no_ecc.data_ram_inst|altsyncram_45v1:auto_generated|lutrama12~CLKMUX_0  to: niosv:u0|niosv_intel_niosv_m_0:intel_niosv_m_0|niosv_dm_top:dbg_mod|niosv_debug_module:dm_inst|niosv_debug_rom:dbg_rom_inst|niosv_ram:gen_mlab_rom.dbg_rom_inst|altsyncram:ram_no_ecc.data_ram_inst|altsyncram_45v1:auto_generated|lutrama12~MEMORYREGOUT
    Info (332098): From: niosv:u0|niosv_intel_niosv_m_0:intel_niosv_m_0|niosv_dm_top:dbg_mod|niosv_debug_module:dm_inst|niosv_debug_rom:dbg_rom_inst|niosv_ram:gen_mlab_rom.dbg_rom_inst|altsyncram:ram_no_ecc.data_ram_inst|altsyncram_45v1:auto_generated|lutrama13~CLKMUX_0  to: niosv:u0|niosv_intel_niosv_m_0:intel_niosv_m_0|niosv_dm_top:dbg_mod|niosv_debug_module:dm_inst|niosv_debug_rom:dbg_rom_inst|niosv_ram:gen_mlab_rom.dbg_rom_inst|altsyncram:ram_no_ecc.data_ram_inst|altsyncram_45v1:auto_generated|lutrama13~MEMORYREGOUT
    Info (332098): From: niosv:u0|niosv_intel_niosv_m_0:intel_niosv_m_0|niosv_dm_top:dbg_mod|niosv_debug_module:dm_inst|niosv_debug_rom:dbg_rom_inst|niosv_ram:gen_mlab_rom.dbg_rom_inst|altsyncram:ram_no_ecc.data_ram_inst|altsyncram_45v1:auto_generated|lutrama14~CLKMUX_0  to: niosv:u0|niosv_intel_niosv_m_0:intel_niosv_m_0|niosv_dm_top:dbg_mod|niosv_debug_module:dm_inst|niosv_debug_rom:dbg_rom_inst|niosv_ram:gen_mlab_rom.dbg_rom_inst|altsyncram:ram_no_ecc.data_ram_inst|altsyncram_45v1:auto_generated|lutrama14~MEMORYREGOUT
    Info (332098): From: niosv:u0|niosv_intel_niosv_m_0:intel_niosv_m_0|niosv_dm_top:dbg_mod|niosv_debug_module:dm_inst|niosv_debug_rom:dbg_rom_inst|niosv_ram:gen_mlab_rom.dbg_rom_inst|altsyncram:ram_no_ecc.data_ram_inst|altsyncram_45v1:auto_generated|lutrama15~CLKMUX_0  to: niosv:u0|niosv_intel_niosv_m_0:intel_niosv_m_0|niosv_dm_top:dbg_mod|niosv_debug_module:dm_inst|niosv_debug_rom:dbg_rom_inst|niosv_ram:gen_mlab_rom.dbg_rom_inst|altsyncram:ram_no_ecc.data_ram_inst|altsyncram_45v1:auto_generated|lutrama15~MEMORYREGOUT
    Info (332098): From: niosv:u0|niosv_intel_niosv_m_0:intel_niosv_m_0|niosv_dm_top:dbg_mod|niosv_debug_module:dm_inst|niosv_debug_rom:dbg_rom_inst|niosv_ram:gen_mlab_rom.dbg_rom_inst|altsyncram:ram_no_ecc.data_ram_inst|altsyncram_45v1:auto_generated|lutrama16~CLKMUX_0  to: niosv:u0|niosv_intel_niosv_m_0:intel_niosv_m_0|niosv_dm_top:dbg_mod|niosv_debug_module:dm_inst|niosv_debug_rom:dbg_rom_inst|niosv_ram:gen_mlab_rom.dbg_rom_inst|altsyncram:ram_no_ecc.data_ram_inst|altsyncram_45v1:auto_generated|lutrama16~MEMORYREGOUT
    Info (332098): From: niosv:u0|niosv_intel_niosv_m_0:intel_niosv_m_0|niosv_dm_top:dbg_mod|niosv_debug_module:dm_inst|niosv_debug_rom:dbg_rom_inst|niosv_ram:gen_mlab_rom.dbg_rom_inst|altsyncram:ram_no_ecc.data_ram_inst|altsyncram_45v1:auto_generated|lutrama17~CLKMUX_0  to: niosv:u0|niosv_intel_niosv_m_0:intel_niosv_m_0|niosv_dm_top:dbg_mod|niosv_debug_module:dm_inst|niosv_debug_rom:dbg_rom_inst|niosv_ram:gen_mlab_rom.dbg_rom_inst|altsyncram:ram_no_ecc.data_ram_inst|altsyncram_45v1:auto_generated|lutrama17~MEMORYREGOUT
    Info (332098): From: niosv:u0|niosv_intel_niosv_m_0:intel_niosv_m_0|niosv_dm_top:dbg_mod|niosv_debug_module:dm_inst|niosv_debug_rom:dbg_rom_inst|niosv_ram:gen_mlab_rom.dbg_rom_inst|altsyncram:ram_no_ecc.data_ram_inst|altsyncram_45v1:auto_generated|lutrama18~CLKMUX_0  to: niosv:u0|niosv_intel_niosv_m_0:intel_niosv_m_0|niosv_dm_top:dbg_mod|niosv_debug_module:dm_inst|niosv_debug_rom:dbg_rom_inst|niosv_ram:gen_mlab_rom.dbg_rom_inst|altsyncram:ram_no_ecc.data_ram_inst|altsyncram_45v1:auto_generated|lutrama18~MEMORYREGOUT
    Info (332098): From: niosv:u0|niosv_intel_niosv_m_0:intel_niosv_m_0|niosv_dm_top:dbg_mod|niosv_debug_module:dm_inst|niosv_debug_rom:dbg_rom_inst|niosv_ram:gen_mlab_rom.dbg_rom_inst|altsyncram:ram_no_ecc.data_ram_inst|altsyncram_45v1:auto_generated|lutrama19~CLKMUX_0  to: niosv:u0|niosv_intel_niosv_m_0:intel_niosv_m_0|niosv_dm_top:dbg_mod|niosv_debug_module:dm_inst|niosv_debug_rom:dbg_rom_inst|niosv_ram:gen_mlab_rom.dbg_rom_inst|altsyncram:ram_no_ecc.data_ram_inst|altsyncram_45v1:auto_generated|lutrama19~MEMORYREGOUT
    Info (332098): From: niosv:u0|niosv_intel_niosv_m_0:intel_niosv_m_0|niosv_dm_top:dbg_mod|niosv_debug_module:dm_inst|niosv_debug_rom:dbg_rom_inst|niosv_ram:gen_mlab_rom.dbg_rom_inst|altsyncram:ram_no_ecc.data_ram_inst|altsyncram_45v1:auto_generated|lutrama1~CLKMUX_0  to: niosv:u0|niosv_intel_niosv_m_0:intel_niosv_m_0|niosv_dm_top:dbg_mod|niosv_debug_module:dm_inst|niosv_debug_rom:dbg_rom_inst|niosv_ram:gen_mlab_rom.dbg_rom_inst|altsyncram:ram_no_ecc.data_ram_inst|altsyncram_45v1:auto_generated|lutrama1~MEMORYREGOUT
    Info (332098): From: niosv:u0|niosv_intel_niosv_m_0:intel_niosv_m_0|niosv_dm_top:dbg_mod|niosv_debug_module:dm_inst|niosv_debug_rom:dbg_rom_inst|niosv_ram:gen_mlab_rom.dbg_rom_inst|altsyncram:ram_no_ecc.data_ram_inst|altsyncram_45v1:auto_generated|lutrama20~CLKMUX_0  to: niosv:u0|niosv_intel_niosv_m_0:intel_niosv_m_0|niosv_dm_top:dbg_mod|niosv_debug_module:dm_inst|niosv_debug_rom:dbg_rom_inst|niosv_ram:gen_mlab_rom.dbg_rom_inst|altsyncram:ram_no_ecc.data_ram_inst|altsyncram_45v1:auto_generated|lutrama20~MEMORYREGOUT
    Info (332098): From: niosv:u0|niosv_intel_niosv_m_0:intel_niosv_m_0|niosv_dm_top:dbg_mod|niosv_debug_module:dm_inst|niosv_debug_rom:dbg_rom_inst|niosv_ram:gen_mlab_rom.dbg_rom_inst|altsyncram:ram_no_ecc.data_ram_inst|altsyncram_45v1:auto_generated|lutrama21~CLKMUX_0  to: niosv:u0|niosv_intel_niosv_m_0:intel_niosv_m_0|niosv_dm_top:dbg_mod|niosv_debug_module:dm_inst|niosv_debug_rom:dbg_rom_inst|niosv_ram:gen_mlab_rom.dbg_rom_inst|altsyncram:ram_no_ecc.data_ram_inst|altsyncram_45v1:auto_generated|lutrama21~MEMORYREGOUT
    Info (332098): From: niosv:u0|niosv_intel_niosv_m_0:intel_niosv_m_0|niosv_dm_top:dbg_mod|niosv_debug_module:dm_inst|niosv_debug_rom:dbg_rom_inst|niosv_ram:gen_mlab_rom.dbg_rom_inst|altsyncram:ram_no_ecc.data_ram_inst|altsyncram_45v1:auto_generated|lutrama22~CLKMUX_0  to: niosv:u0|niosv_intel_niosv_m_0:intel_niosv_m_0|niosv_dm_top:dbg_mod|niosv_debug_module:dm_inst|niosv_debug_rom:dbg_rom_inst|niosv_ram:gen_mlab_rom.dbg_rom_inst|altsyncram:ram_no_ecc.data_ram_inst|altsyncram_45v1:auto_generated|lutrama22~MEMORYREGOUT
    Info (332098): From: niosv:u0|niosv_intel_niosv_m_0:intel_niosv_m_0|niosv_dm_top:dbg_mod|niosv_debug_module:dm_inst|niosv_debug_rom:dbg_rom_inst|niosv_ram:gen_mlab_rom.dbg_rom_inst|altsyncram:ram_no_ecc.data_ram_inst|altsyncram_45v1:auto_generated|lutrama23~CLKMUX_0  to: niosv:u0|niosv_intel_niosv_m_0:intel_niosv_m_0|niosv_dm_top:dbg_mod|niosv_debug_module:dm_inst|niosv_debug_rom:dbg_rom_inst|niosv_ram:gen_mlab_rom.dbg_rom_inst|altsyncram:ram_no_ecc.data_ram_inst|altsyncram_45v1:auto_generated|lutrama23~MEMORYREGOUT
    Info (332098): From: niosv:u0|niosv_intel_niosv_m_0:intel_niosv_m_0|niosv_dm_top:dbg_mod|niosv_debug_module:dm_inst|niosv_debug_rom:dbg_rom_inst|niosv_ram:gen_mlab_rom.dbg_rom_inst|altsyncram:ram_no_ecc.data_ram_inst|altsyncram_45v1:auto_generated|lutrama24~CLKMUX_0  to: niosv:u0|niosv_intel_niosv_m_0:intel_niosv_m_0|niosv_dm_top:dbg_mod|niosv_debug_module:dm_inst|niosv_debug_rom:dbg_rom_inst|niosv_ram:gen_mlab_rom.dbg_rom_inst|altsyncram:ram_no_ecc.data_ram_inst|altsyncram_45v1:auto_generated|lutrama24~MEMORYREGOUT
    Info (332098): From: niosv:u0|niosv_intel_niosv_m_0:intel_niosv_m_0|niosv_dm_top:dbg_mod|niosv_debug_module:dm_inst|niosv_debug_rom:dbg_rom_inst|niosv_ram:gen_mlab_rom.dbg_rom_inst|altsyncram:ram_no_ecc.data_ram_inst|altsyncram_45v1:auto_generated|lutrama25~CLKMUX_0  to: niosv:u0|niosv_intel_niosv_m_0:intel_niosv_m_0|niosv_dm_top:dbg_mod|niosv_debug_module:dm_inst|niosv_debug_rom:dbg_rom_inst|niosv_ram:gen_mlab_rom.dbg_rom_inst|altsyncram:ram_no_ecc.data_ram_inst|altsyncram_45v1:auto_generated|lutrama25~MEMORYREGOUT
    Info (332098): From: niosv:u0|niosv_intel_niosv_m_0:intel_niosv_m_0|niosv_dm_top:dbg_mod|niosv_debug_module:dm_inst|niosv_debug_rom:dbg_rom_inst|niosv_ram:gen_mlab_rom.dbg_rom_inst|altsyncram:ram_no_ecc.data_ram_inst|altsyncram_45v1:auto_generated|lutrama26~CLKMUX_0  to: niosv:u0|niosv_intel_niosv_m_0:intel_niosv_m_0|niosv_dm_top:dbg_mod|niosv_debug_module:dm_inst|niosv_debug_rom:dbg_rom_inst|niosv_ram:gen_mlab_rom.dbg_rom_inst|altsyncram:ram_no_ecc.data_ram_inst|altsyncram_45v1:auto_generated|lutrama26~MEMORYREGOUT
    Info (332098): From: niosv:u0|niosv_intel_niosv_m_0:intel_niosv_m_0|niosv_dm_top:dbg_mod|niosv_debug_module:dm_inst|niosv_debug_rom:dbg_rom_inst|niosv_ram:gen_mlab_rom.dbg_rom_inst|altsyncram:ram_no_ecc.data_ram_inst|altsyncram_45v1:auto_generated|lutrama27~CLKMUX_0  to: niosv:u0|niosv_intel_niosv_m_0:intel_niosv_m_0|niosv_dm_top:dbg_mod|niosv_debug_module:dm_inst|niosv_debug_rom:dbg_rom_inst|niosv_ram:gen_mlab_rom.dbg_rom_inst|altsyncram:ram_no_ecc.data_ram_inst|altsyncram_45v1:auto_generated|lutrama27~MEMORYREGOUT
    Info (332098): From: niosv:u0|niosv_intel_niosv_m_0:intel_niosv_m_0|niosv_dm_top:dbg_mod|niosv_debug_module:dm_inst|niosv_debug_rom:dbg_rom_inst|niosv_ram:gen_mlab_rom.dbg_rom_inst|altsyncram:ram_no_ecc.data_ram_inst|altsyncram_45v1:auto_generated|lutrama28~CLKMUX_0  to: niosv:u0|niosv_intel_niosv_m_0:intel_niosv_m_0|niosv_dm_top:dbg_mod|niosv_debug_module:dm_inst|niosv_debug_rom:dbg_rom_inst|niosv_ram:gen_mlab_rom.dbg_rom_inst|altsyncram:ram_no_ecc.data_ram_inst|altsyncram_45v1:auto_generated|lutrama28~MEMORYREGOUT
    Info (332098): From: niosv:u0|niosv_intel_niosv_m_0:intel_niosv_m_0|niosv_dm_top:dbg_mod|niosv_debug_module:dm_inst|niosv_debug_rom:dbg_rom_inst|niosv_ram:gen_mlab_rom.dbg_rom_inst|altsyncram:ram_no_ecc.data_ram_inst|altsyncram_45v1:auto_generated|lutrama29~CLKMUX_0  to: niosv:u0|niosv_intel_niosv_m_0:intel_niosv_m_0|niosv_dm_top:dbg_mod|niosv_debug_module:dm_inst|niosv_debug_rom:dbg_rom_inst|niosv_ram:gen_mlab_rom.dbg_rom_inst|altsyncram:ram_no_ecc.data_ram_inst|altsyncram_45v1:auto_generated|lutrama29~MEMORYREGOUT
    Info (332098): From: niosv:u0|niosv_intel_niosv_m_0:intel_niosv_m_0|niosv_dm_top:dbg_mod|niosv_debug_module:dm_inst|niosv_debug_rom:dbg_rom_inst|niosv_ram:gen_mlab_rom.dbg_rom_inst|altsyncram:ram_no_ecc.data_ram_inst|altsyncram_45v1:auto_generated|lutrama2~CLKMUX_0  to: niosv:u0|niosv_intel_niosv_m_0:intel_niosv_m_0|niosv_dm_top:dbg_mod|niosv_debug_module:dm_inst|niosv_debug_rom:dbg_rom_inst|niosv_ram:gen_mlab_rom.dbg_rom_inst|altsyncram:ram_no_ecc.data_ram_inst|altsyncram_45v1:auto_generated|lutrama2~MEMORYREGOUT
    Info (332098): From: niosv:u0|niosv_intel_niosv_m_0:intel_niosv_m_0|niosv_dm_top:dbg_mod|niosv_debug_module:dm_inst|niosv_debug_rom:dbg_rom_inst|niosv_ram:gen_mlab_rom.dbg_rom_inst|altsyncram:ram_no_ecc.data_ram_inst|altsyncram_45v1:auto_generated|lutrama30~CLKMUX_0  to: niosv:u0|niosv_intel_niosv_m_0:intel_niosv_m_0|niosv_dm_top:dbg_mod|niosv_debug_module:dm_inst|niosv_debug_rom:dbg_rom_inst|niosv_ram:gen_mlab_rom.dbg_rom_inst|altsyncram:ram_no_ecc.data_ram_inst|altsyncram_45v1:auto_generated|lutrama30~MEMORYREGOUT
    Info (332098): From: niosv:u0|niosv_intel_niosv_m_0:intel_niosv_m_0|niosv_dm_top:dbg_mod|niosv_debug_module:dm_inst|niosv_debug_rom:dbg_rom_inst|niosv_ram:gen_mlab_rom.dbg_rom_inst|altsyncram:ram_no_ecc.data_ram_inst|altsyncram_45v1:auto_generated|lutrama31~CLKMUX_0  to: niosv:u0|niosv_intel_niosv_m_0:intel_niosv_m_0|niosv_dm_top:dbg_mod|niosv_debug_module:dm_inst|niosv_debug_rom:dbg_rom_inst|niosv_ram:gen_mlab_rom.dbg_rom_inst|altsyncram:ram_no_ecc.data_ram_inst|altsyncram_45v1:auto_generated|lutrama31~MEMORYREGOUT
    Info (332098): From: niosv:u0|niosv_intel_niosv_m_0:intel_niosv_m_0|niosv_dm_top:dbg_mod|niosv_debug_module:dm_inst|niosv_debug_rom:dbg_rom_inst|niosv_ram:gen_mlab_rom.dbg_rom_inst|altsyncram:ram_no_ecc.data_ram_inst|altsyncram_45v1:auto_generated|lutrama32~CLKMUX_0  to: niosv:u0|niosv_intel_niosv_m_0:intel_niosv_m_0|niosv_dm_top:dbg_mod|niosv_debug_module:dm_inst|niosv_debug_rom:dbg_rom_inst|niosv_ram:gen_mlab_rom.dbg_rom_inst|altsyncram:ram_no_ecc.data_ram_inst|altsyncram_45v1:auto_generated|lutrama32~MEMORYREGOUT
    Info (332098): From: niosv:u0|niosv_intel_niosv_m_0:intel_niosv_m_0|niosv_dm_top:dbg_mod|niosv_debug_module:dm_inst|niosv_debug_rom:dbg_rom_inst|niosv_ram:gen_mlab_rom.dbg_rom_inst|altsyncram:ram_no_ecc.data_ram_inst|altsyncram_45v1:auto_generated|lutrama33~CLKMUX_0  to: niosv:u0|niosv_intel_niosv_m_0:intel_niosv_m_0|niosv_dm_top:dbg_mod|niosv_debug_module:dm_inst|niosv_debug_rom:dbg_rom_inst|niosv_ram:gen_mlab_rom.dbg_rom_inst|altsyncram:ram_no_ecc.data_ram_inst|altsyncram_45v1:auto_generated|lutrama33~MEMORYREGOUT
    Info (332098): From: niosv:u0|niosv_intel_niosv_m_0:intel_niosv_m_0|niosv_dm_top:dbg_mod|niosv_debug_module:dm_inst|niosv_debug_rom:dbg_rom_inst|niosv_ram:gen_mlab_rom.dbg_rom_inst|altsyncram:ram_no_ecc.data_ram_inst|altsyncram_45v1:auto_generated|lutrama34~CLKMUX_0  to: niosv:u0|niosv_intel_niosv_m_0:intel_niosv_m_0|niosv_dm_top:dbg_mod|niosv_debug_module:dm_inst|niosv_debug_rom:dbg_rom_inst|niosv_ram:gen_mlab_rom.dbg_rom_inst|altsyncram:ram_no_ecc.data_ram_inst|altsyncram_45v1:auto_generated|lutrama34~MEMORYREGOUT
    Info (332098): From: niosv:u0|niosv_intel_niosv_m_0:intel_niosv_m_0|niosv_dm_top:dbg_mod|niosv_debug_module:dm_inst|niosv_debug_rom:dbg_rom_inst|niosv_ram:gen_mlab_rom.dbg_rom_inst|altsyncram:ram_no_ecc.data_ram_inst|altsyncram_45v1:auto_generated|lutrama35~CLKMUX_0  to: niosv:u0|niosv_intel_niosv_m_0:intel_niosv_m_0|niosv_dm_top:dbg_mod|niosv_debug_module:dm_inst|niosv_debug_rom:dbg_rom_inst|niosv_ram:gen_mlab_rom.dbg_rom_inst|altsyncram:ram_no_ecc.data_ram_inst|altsyncram_45v1:auto_generated|lutrama35~MEMORYREGOUT
    Info (332098): From: niosv:u0|niosv_intel_niosv_m_0:intel_niosv_m_0|niosv_dm_top:dbg_mod|niosv_debug_module:dm_inst|niosv_debug_rom:dbg_rom_inst|niosv_ram:gen_mlab_rom.dbg_rom_inst|altsyncram:ram_no_ecc.data_ram_inst|altsyncram_45v1:auto_generated|lutrama36~CLKMUX_0  to: niosv:u0|niosv_intel_niosv_m_0:intel_niosv_m_0|niosv_dm_top:dbg_mod|niosv_debug_module:dm_inst|niosv_debug_rom:dbg_rom_inst|niosv_ram:gen_mlab_rom.dbg_rom_inst|altsyncram:ram_no_ecc.data_ram_inst|altsyncram_45v1:auto_generated|lutrama36~MEMORYREGOUT
    Info (332098): From: niosv:u0|niosv_intel_niosv_m_0:intel_niosv_m_0|niosv_dm_top:dbg_mod|niosv_debug_module:dm_inst|niosv_debug_rom:dbg_rom_inst|niosv_ram:gen_mlab_rom.dbg_rom_inst|altsyncram:ram_no_ecc.data_ram_inst|altsyncram_45v1:auto_generated|lutrama37~CLKMUX_0  to: niosv:u0|niosv_intel_niosv_m_0:intel_niosv_m_0|niosv_dm_top:dbg_mod|niosv_debug_module:dm_inst|niosv_debug_rom:dbg_rom_inst|niosv_ram:gen_mlab_rom.dbg_rom_inst|altsyncram:ram_no_ecc.data_ram_inst|altsyncram_45v1:auto_generated|lutrama37~MEMORYREGOUT
    Info (332098): From: niosv:u0|niosv_intel_niosv_m_0:intel_niosv_m_0|niosv_dm_top:dbg_mod|niosv_debug_module:dm_inst|niosv_debug_rom:dbg_rom_inst|niosv_ram:gen_mlab_rom.dbg_rom_inst|altsyncram:ram_no_ecc.data_ram_inst|altsyncram_45v1:auto_generated|lutrama38~CLKMUX_0  to: niosv:u0|niosv_intel_niosv_m_0:intel_niosv_m_0|niosv_dm_top:dbg_mod|niosv_debug_module:dm_inst|niosv_debug_rom:dbg_rom_inst|niosv_ram:gen_mlab_rom.dbg_rom_inst|altsyncram:ram_no_ecc.data_ram_inst|altsyncram_45v1:auto_generated|lutrama38~MEMORYREGOUT
    Info (332098): From: niosv:u0|niosv_intel_niosv_m_0:intel_niosv_m_0|niosv_dm_top:dbg_mod|niosv_debug_module:dm_inst|niosv_debug_rom:dbg_rom_inst|niosv_ram:gen_mlab_rom.dbg_rom_inst|altsyncram:ram_no_ecc.data_ram_inst|altsyncram_45v1:auto_generated|lutrama39~CLKMUX_0  to: niosv:u0|niosv_intel_niosv_m_0:intel_niosv_m_0|niosv_dm_top:dbg_mod|niosv_debug_module:dm_inst|niosv_debug_rom:dbg_rom_inst|niosv_ram:gen_mlab_rom.dbg_rom_inst|altsyncram:ram_no_ecc.data_ram_inst|altsyncram_45v1:auto_generated|lutrama39~MEMORYREGOUT
    Info (332098): From: niosv:u0|niosv_intel_niosv_m_0:intel_niosv_m_0|niosv_dm_top:dbg_mod|niosv_debug_module:dm_inst|niosv_debug_rom:dbg_rom_inst|niosv_ram:gen_mlab_rom.dbg_rom_inst|altsyncram:ram_no_ecc.data_ram_inst|altsyncram_45v1:auto_generated|lutrama3~CLKMUX_0  to: niosv:u0|niosv_intel_niosv_m_0:intel_niosv_m_0|niosv_dm_top:dbg_mod|niosv_debug_module:dm_inst|niosv_debug_rom:dbg_rom_inst|niosv_ram:gen_mlab_rom.dbg_rom_inst|altsyncram:ram_no_ecc.data_ram_inst|altsyncram_45v1:auto_generated|lutrama3~MEMORYREGOUT
    Info (332098): From: niosv:u0|niosv_intel_niosv_m_0:intel_niosv_m_0|niosv_dm_top:dbg_mod|niosv_debug_module:dm_inst|niosv_debug_rom:dbg_rom_inst|niosv_ram:gen_mlab_rom.dbg_rom_inst|altsyncram:ram_no_ecc.data_ram_inst|altsyncram_45v1:auto_generated|lutrama40~CLKMUX_0  to: niosv:u0|niosv_intel_niosv_m_0:intel_niosv_m_0|niosv_dm_top:dbg_mod|niosv_debug_module:dm_inst|niosv_debug_rom:dbg_rom_inst|niosv_ram:gen_mlab_rom.dbg_rom_inst|altsyncram:ram_no_ecc.data_ram_inst|altsyncram_45v1:auto_generated|lutrama40~MEMORYREGOUT
    Info (332098): From: niosv:u0|niosv_intel_niosv_m_0:intel_niosv_m_0|niosv_dm_top:dbg_mod|niosv_debug_module:dm_inst|niosv_debug_rom:dbg_rom_inst|niosv_ram:gen_mlab_rom.dbg_rom_inst|altsyncram:ram_no_ecc.data_ram_inst|altsyncram_45v1:auto_generated|lutrama41~CLKMUX_0  to: niosv:u0|niosv_intel_niosv_m_0:intel_niosv_m_0|niosv_dm_top:dbg_mod|niosv_debug_module:dm_inst|niosv_debug_rom:dbg_rom_inst|niosv_ram:gen_mlab_rom.dbg_rom_inst|altsyncram:ram_no_ecc.data_ram_inst|altsyncram_45v1:auto_generated|lutrama41~MEMORYREGOUT
    Info (332098): From: niosv:u0|niosv_intel_niosv_m_0:intel_niosv_m_0|niosv_dm_top:dbg_mod|niosv_debug_module:dm_inst|niosv_debug_rom:dbg_rom_inst|niosv_ram:gen_mlab_rom.dbg_rom_inst|altsyncram:ram_no_ecc.data_ram_inst|altsyncram_45v1:auto_generated|lutrama42~CLKMUX_0  to: niosv:u0|niosv_intel_niosv_m_0:intel_niosv_m_0|niosv_dm_top:dbg_mod|niosv_debug_module:dm_inst|niosv_debug_rom:dbg_rom_inst|niosv_ram:gen_mlab_rom.dbg_rom_inst|altsyncram:ram_no_ecc.data_ram_inst|altsyncram_45v1:auto_generated|lutrama42~MEMORYREGOUT
    Info (332098): From: niosv:u0|niosv_intel_niosv_m_0:intel_niosv_m_0|niosv_dm_top:dbg_mod|niosv_debug_module:dm_inst|niosv_debug_rom:dbg_rom_inst|niosv_ram:gen_mlab_rom.dbg_rom_inst|altsyncram:ram_no_ecc.data_ram_inst|altsyncram_45v1:auto_generated|lutrama43~CLKMUX_0  to: niosv:u0|niosv_intel_niosv_m_0:intel_niosv_m_0|niosv_dm_top:dbg_mod|niosv_debug_module:dm_inst|niosv_debug_rom:dbg_rom_inst|niosv_ram:gen_mlab_rom.dbg_rom_inst|altsyncram:ram_no_ecc.data_ram_inst|altsyncram_45v1:auto_generated|lutrama43~MEMORYREGOUT
    Info (332098): From: niosv:u0|niosv_intel_niosv_m_0:intel_niosv_m_0|niosv_dm_top:dbg_mod|niosv_debug_module:dm_inst|niosv_debug_rom:dbg_rom_inst|niosv_ram:gen_mlab_rom.dbg_rom_inst|altsyncram:ram_no_ecc.data_ram_inst|altsyncram_45v1:auto_generated|lutrama44~CLKMUX_0  to: niosv:u0|niosv_intel_niosv_m_0:intel_niosv_m_0|niosv_dm_top:dbg_mod|niosv_debug_module:dm_inst|niosv_debug_rom:dbg_rom_inst|niosv_ram:gen_mlab_rom.dbg_rom_inst|altsyncram:ram_no_ecc.data_ram_inst|altsyncram_45v1:auto_generated|lutrama44~MEMORYREGOUT
    Info (332098): From: niosv:u0|niosv_intel_niosv_m_0:intel_niosv_m_0|niosv_dm_top:dbg_mod|niosv_debug_module:dm_inst|niosv_debug_rom:dbg_rom_inst|niosv_ram:gen_mlab_rom.dbg_rom_inst|altsyncram:ram_no_ecc.data_ram_inst|altsyncram_45v1:auto_generated|lutrama45~CLKMUX_0  to: niosv:u0|niosv_intel_niosv_m_0:intel_niosv_m_0|niosv_dm_top:dbg_mod|niosv_debug_module:dm_inst|niosv_debug_rom:dbg_rom_inst|niosv_ram:gen_mlab_rom.dbg_rom_inst|altsyncram:ram_no_ecc.data_ram_inst|altsyncram_45v1:auto_generated|lutrama45~MEMORYREGOUT
    Info (332098): From: niosv:u0|niosv_intel_niosv_m_0:intel_niosv_m_0|niosv_dm_top:dbg_mod|niosv_debug_module:dm_inst|niosv_debug_rom:dbg_rom_inst|niosv_ram:gen_mlab_rom.dbg_rom_inst|altsyncram:ram_no_ecc.data_ram_inst|altsyncram_45v1:auto_generated|lutrama46~CLKMUX_0  to: niosv:u0|niosv_intel_niosv_m_0:intel_niosv_m_0|niosv_dm_top:dbg_mod|niosv_debug_module:dm_inst|niosv_debug_rom:dbg_rom_inst|niosv_ram:gen_mlab_rom.dbg_rom_inst|altsyncram:ram_no_ecc.data_ram_inst|altsyncram_45v1:auto_generated|lutrama46~MEMORYREGOUT
    Info (332098): From: niosv:u0|niosv_intel_niosv_m_0:intel_niosv_m_0|niosv_dm_top:dbg_mod|niosv_debug_module:dm_inst|niosv_debug_rom:dbg_rom_inst|niosv_ram:gen_mlab_rom.dbg_rom_inst|altsyncram:ram_no_ecc.data_ram_inst|altsyncram_45v1:auto_generated|lutrama47~CLKMUX_0  to: niosv:u0|niosv_intel_niosv_m_0:intel_niosv_m_0|niosv_dm_top:dbg_mod|niosv_debug_module:dm_inst|niosv_debug_rom:dbg_rom_inst|niosv_ram:gen_mlab_rom.dbg_rom_inst|altsyncram:ram_no_ecc.data_ram_inst|altsyncram_45v1:auto_generated|lutrama47~MEMORYREGOUT
    Info (332098): From: niosv:u0|niosv_intel_niosv_m_0:intel_niosv_m_0|niosv_dm_top:dbg_mod|niosv_debug_module:dm_inst|niosv_debug_rom:dbg_rom_inst|niosv_ram:gen_mlab_rom.dbg_rom_inst|altsyncram:ram_no_ecc.data_ram_inst|altsyncram_45v1:auto_generated|lutrama48~CLKMUX_0  to: niosv:u0|niosv_intel_niosv_m_0:intel_niosv_m_0|niosv_dm_top:dbg_mod|niosv_debug_module:dm_inst|niosv_debug_rom:dbg_rom_inst|niosv_ram:gen_mlab_rom.dbg_rom_inst|altsyncram:ram_no_ecc.data_ram_inst|altsyncram_45v1:auto_generated|lutrama48~MEMORYREGOUT
    Info (332098): From: niosv:u0|niosv_intel_niosv_m_0:intel_niosv_m_0|niosv_dm_top:dbg_mod|niosv_debug_module:dm_inst|niosv_debug_rom:dbg_rom_inst|niosv_ram:gen_mlab_rom.dbg_rom_inst|altsyncram:ram_no_ecc.data_ram_inst|altsyncram_45v1:auto_generated|lutrama49~CLKMUX_0  to: niosv:u0|niosv_intel_niosv_m_0:intel_niosv_m_0|niosv_dm_top:dbg_mod|niosv_debug_module:dm_inst|niosv_debug_rom:dbg_rom_inst|niosv_ram:gen_mlab_rom.dbg_rom_inst|altsyncram:ram_no_ecc.data_ram_inst|altsyncram_45v1:auto_generated|lutrama49~MEMORYREGOUT
    Info (332098): From: niosv:u0|niosv_intel_niosv_m_0:intel_niosv_m_0|niosv_dm_top:dbg_mod|niosv_debug_module:dm_inst|niosv_debug_rom:dbg_rom_inst|niosv_ram:gen_mlab_rom.dbg_rom_inst|altsyncram:ram_no_ecc.data_ram_inst|altsyncram_45v1:auto_generated|lutrama4~CLKMUX_0  to: niosv:u0|niosv_intel_niosv_m_0:intel_niosv_m_0|niosv_dm_top:dbg_mod|niosv_debug_module:dm_inst|niosv_debug_rom:dbg_rom_inst|niosv_ram:gen_mlab_rom.dbg_rom_inst|altsyncram:ram_no_ecc.data_ram_inst|altsyncram_45v1:auto_generated|lutrama4~MEMORYREGOUT
    Info (332098): From: niosv:u0|niosv_intel_niosv_m_0:intel_niosv_m_0|niosv_dm_top:dbg_mod|niosv_debug_module:dm_inst|niosv_debug_rom:dbg_rom_inst|niosv_ram:gen_mlab_rom.dbg_rom_inst|altsyncram:ram_no_ecc.data_ram_inst|altsyncram_45v1:auto_generated|lutrama50~CLKMUX_0  to: niosv:u0|niosv_intel_niosv_m_0:intel_niosv_m_0|niosv_dm_top:dbg_mod|niosv_debug_module:dm_inst|niosv_debug_rom:dbg_rom_inst|niosv_ram:gen_mlab_rom.dbg_rom_inst|altsyncram:ram_no_ecc.data_ram_inst|altsyncram_45v1:auto_generated|lutrama50~MEMORYREGOUT
    Info (332098): From: niosv:u0|niosv_intel_niosv_m_0:intel_niosv_m_0|niosv_dm_top:dbg_mod|niosv_debug_module:dm_inst|niosv_debug_rom:dbg_rom_inst|niosv_ram:gen_mlab_rom.dbg_rom_inst|altsyncram:ram_no_ecc.data_ram_inst|altsyncram_45v1:auto_generated|lutrama51~CLKMUX_0  to: niosv:u0|niosv_intel_niosv_m_0:intel_niosv_m_0|niosv_dm_top:dbg_mod|niosv_debug_module:dm_inst|niosv_debug_rom:dbg_rom_inst|niosv_ram:gen_mlab_rom.dbg_rom_inst|altsyncram:ram_no_ecc.data_ram_inst|altsyncram_45v1:auto_generated|lutrama51~MEMORYREGOUT
    Info (332098): From: niosv:u0|niosv_intel_niosv_m_0:intel_niosv_m_0|niosv_dm_top:dbg_mod|niosv_debug_module:dm_inst|niosv_debug_rom:dbg_rom_inst|niosv_ram:gen_mlab_rom.dbg_rom_inst|altsyncram:ram_no_ecc.data_ram_inst|altsyncram_45v1:auto_generated|lutrama52~CLKMUX_0  to: niosv:u0|niosv_intel_niosv_m_0:intel_niosv_m_0|niosv_dm_top:dbg_mod|niosv_debug_module:dm_inst|niosv_debug_rom:dbg_rom_inst|niosv_ram:gen_mlab_rom.dbg_rom_inst|altsyncram:ram_no_ecc.data_ram_inst|altsyncram_45v1:auto_generated|lutrama52~MEMORYREGOUT
    Info (332098): From: niosv:u0|niosv_intel_niosv_m_0:intel_niosv_m_0|niosv_dm_top:dbg_mod|niosv_debug_module:dm_inst|niosv_debug_rom:dbg_rom_inst|niosv_ram:gen_mlab_rom.dbg_rom_inst|altsyncram:ram_no_ecc.data_ram_inst|altsyncram_45v1:auto_generated|lutrama53~CLKMUX_0  to: niosv:u0|niosv_intel_niosv_m_0:intel_niosv_m_0|niosv_dm_top:dbg_mod|niosv_debug_module:dm_inst|niosv_debug_rom:dbg_rom_inst|niosv_ram:gen_mlab_rom.dbg_rom_inst|altsyncram:ram_no_ecc.data_ram_inst|altsyncram_45v1:auto_generated|lutrama53~MEMORYREGOUT
    Info (332098): From: niosv:u0|niosv_intel_niosv_m_0:intel_niosv_m_0|niosv_dm_top:dbg_mod|niosv_debug_module:dm_inst|niosv_debug_rom:dbg_rom_inst|niosv_ram:gen_mlab_rom.dbg_rom_inst|altsyncram:ram_no_ecc.data_ram_inst|altsyncram_45v1:auto_generated|lutrama54~CLKMUX_0  to: niosv:u0|niosv_intel_niosv_m_0:intel_niosv_m_0|niosv_dm_top:dbg_mod|niosv_debug_module:dm_inst|niosv_debug_rom:dbg_rom_inst|niosv_ram:gen_mlab_rom.dbg_rom_inst|altsyncram:ram_no_ecc.data_ram_inst|altsyncram_45v1:auto_generated|lutrama54~MEMORYREGOUT
    Info (332098): From: niosv:u0|niosv_intel_niosv_m_0:intel_niosv_m_0|niosv_dm_top:dbg_mod|niosv_debug_module:dm_inst|niosv_debug_rom:dbg_rom_inst|niosv_ram:gen_mlab_rom.dbg_rom_inst|altsyncram:ram_no_ecc.data_ram_inst|altsyncram_45v1:auto_generated|lutrama55~CLKMUX_0  to: niosv:u0|niosv_intel_niosv_m_0:intel_niosv_m_0|niosv_dm_top:dbg_mod|niosv_debug_module:dm_inst|niosv_debug_rom:dbg_rom_inst|niosv_ram:gen_mlab_rom.dbg_rom_inst|altsyncram:ram_no_ecc.data_ram_inst|altsyncram_45v1:auto_generated|lutrama55~MEMORYREGOUT
    Info (332098): From: niosv:u0|niosv_intel_niosv_m_0:intel_niosv_m_0|niosv_dm_top:dbg_mod|niosv_debug_module:dm_inst|niosv_debug_rom:dbg_rom_inst|niosv_ram:gen_mlab_rom.dbg_rom_inst|altsyncram:ram_no_ecc.data_ram_inst|altsyncram_45v1:auto_generated|lutrama56~CLKMUX_0  to: niosv:u0|niosv_intel_niosv_m_0:intel_niosv_m_0|niosv_dm_top:dbg_mod|niosv_debug_module:dm_inst|niosv_debug_rom:dbg_rom_inst|niosv_ram:gen_mlab_rom.dbg_rom_inst|altsyncram:ram_no_ecc.data_ram_inst|altsyncram_45v1:auto_generated|lutrama56~MEMORYREGOUT
    Info (332098): From: niosv:u0|niosv_intel_niosv_m_0:intel_niosv_m_0|niosv_dm_top:dbg_mod|niosv_debug_module:dm_inst|niosv_debug_rom:dbg_rom_inst|niosv_ram:gen_mlab_rom.dbg_rom_inst|altsyncram:ram_no_ecc.data_ram_inst|altsyncram_45v1:auto_generated|lutrama57~CLKMUX_0  to: niosv:u0|niosv_intel_niosv_m_0:intel_niosv_m_0|niosv_dm_top:dbg_mod|niosv_debug_module:dm_inst|niosv_debug_rom:dbg_rom_inst|niosv_ram:gen_mlab_rom.dbg_rom_inst|altsyncram:ram_no_ecc.data_ram_inst|altsyncram_45v1:auto_generated|lutrama57~MEMORYREGOUT
    Info (332098): From: niosv:u0|niosv_intel_niosv_m_0:intel_niosv_m_0|niosv_dm_top:dbg_mod|niosv_debug_module:dm_inst|niosv_debug_rom:dbg_rom_inst|niosv_ram:gen_mlab_rom.dbg_rom_inst|altsyncram:ram_no_ecc.data_ram_inst|altsyncram_45v1:auto_generated|lutrama58~CLKMUX_0  to: niosv:u0|niosv_intel_niosv_m_0:intel_niosv_m_0|niosv_dm_top:dbg_mod|niosv_debug_module:dm_inst|niosv_debug_rom:dbg_rom_inst|niosv_ram:gen_mlab_rom.dbg_rom_inst|altsyncram:ram_no_ecc.data_ram_inst|altsyncram_45v1:auto_generated|lutrama58~MEMORYREGOUT
    Info (332098): From: niosv:u0|niosv_intel_niosv_m_0:intel_niosv_m_0|niosv_dm_top:dbg_mod|niosv_debug_module:dm_inst|niosv_debug_rom:dbg_rom_inst|niosv_ram:gen_mlab_rom.dbg_rom_inst|altsyncram:ram_no_ecc.data_ram_inst|altsyncram_45v1:auto_generated|lutrama59~CLKMUX_0  to: niosv:u0|niosv_intel_niosv_m_0:intel_niosv_m_0|niosv_dm_top:dbg_mod|niosv_debug_module:dm_inst|niosv_debug_rom:dbg_rom_inst|niosv_ram:gen_mlab_rom.dbg_rom_inst|altsyncram:ram_no_ecc.data_ram_inst|altsyncram_45v1:auto_generated|lutrama59~MEMORYREGOUT
    Info (332098): From: niosv:u0|niosv_intel_niosv_m_0:intel_niosv_m_0|niosv_dm_top:dbg_mod|niosv_debug_module:dm_inst|niosv_debug_rom:dbg_rom_inst|niosv_ram:gen_mlab_rom.dbg_rom_inst|altsyncram:ram_no_ecc.data_ram_inst|altsyncram_45v1:auto_generated|lutrama5~CLKMUX_0  to: niosv:u0|niosv_intel_niosv_m_0:intel_niosv_m_0|niosv_dm_top:dbg_mod|niosv_debug_module:dm_inst|niosv_debug_rom:dbg_rom_inst|niosv_ram:gen_mlab_rom.dbg_rom_inst|altsyncram:ram_no_ecc.data_ram_inst|altsyncram_45v1:auto_generated|lutrama5~MEMORYREGOUT
    Info (332098): From: niosv:u0|niosv_intel_niosv_m_0:intel_niosv_m_0|niosv_dm_top:dbg_mod|niosv_debug_module:dm_inst|niosv_debug_rom:dbg_rom_inst|niosv_ram:gen_mlab_rom.dbg_rom_inst|altsyncram:ram_no_ecc.data_ram_inst|altsyncram_45v1:auto_generated|lutrama60~CLKMUX_0  to: niosv:u0|niosv_intel_niosv_m_0:intel_niosv_m_0|niosv_dm_top:dbg_mod|niosv_debug_module:dm_inst|niosv_debug_rom:dbg_rom_inst|niosv_ram:gen_mlab_rom.dbg_rom_inst|altsyncram:ram_no_ecc.data_ram_inst|altsyncram_45v1:auto_generated|lutrama60~MEMORYREGOUT
    Info (332098): From: niosv:u0|niosv_intel_niosv_m_0:intel_niosv_m_0|niosv_dm_top:dbg_mod|niosv_debug_module:dm_inst|niosv_debug_rom:dbg_rom_inst|niosv_ram:gen_mlab_rom.dbg_rom_inst|altsyncram:ram_no_ecc.data_ram_inst|altsyncram_45v1:auto_generated|lutrama61~CLKMUX_0  to: niosv:u0|niosv_intel_niosv_m_0:intel_niosv_m_0|niosv_dm_top:dbg_mod|niosv_debug_module:dm_inst|niosv_debug_rom:dbg_rom_inst|niosv_ram:gen_mlab_rom.dbg_rom_inst|altsyncram:ram_no_ecc.data_ram_inst|altsyncram_45v1:auto_generated|lutrama61~MEMORYREGOUT
    Info (332098): From: niosv:u0|niosv_intel_niosv_m_0:intel_niosv_m_0|niosv_dm_top:dbg_mod|niosv_debug_module:dm_inst|niosv_debug_rom:dbg_rom_inst|niosv_ram:gen_mlab_rom.dbg_rom_inst|altsyncram:ram_no_ecc.data_ram_inst|altsyncram_45v1:auto_generated|lutrama62~CLKMUX_0  to: niosv:u0|niosv_intel_niosv_m_0:intel_niosv_m_0|niosv_dm_top:dbg_mod|niosv_debug_module:dm_inst|niosv_debug_rom:dbg_rom_inst|niosv_ram:gen_mlab_rom.dbg_rom_inst|altsyncram:ram_no_ecc.data_ram_inst|altsyncram_45v1:auto_generated|lutrama62~MEMORYREGOUT
    Info (332098): From: niosv:u0|niosv_intel_niosv_m_0:intel_niosv_m_0|niosv_dm_top:dbg_mod|niosv_debug_module:dm_inst|niosv_debug_rom:dbg_rom_inst|niosv_ram:gen_mlab_rom.dbg_rom_inst|altsyncram:ram_no_ecc.data_ram_inst|altsyncram_45v1:auto_generated|lutrama63~CLKMUX_0  to: niosv:u0|niosv_intel_niosv_m_0:intel_niosv_m_0|niosv_dm_top:dbg_mod|niosv_debug_module:dm_inst|niosv_debug_rom:dbg_rom_inst|niosv_ram:gen_mlab_rom.dbg_rom_inst|altsyncram:ram_no_ecc.data_ram_inst|altsyncram_45v1:auto_generated|lutrama63~MEMORYREGOUT
    Info (332098): From: niosv:u0|niosv_intel_niosv_m_0:intel_niosv_m_0|niosv_dm_top:dbg_mod|niosv_debug_module:dm_inst|niosv_debug_rom:dbg_rom_inst|niosv_ram:gen_mlab_rom.dbg_rom_inst|altsyncram:ram_no_ecc.data_ram_inst|altsyncram_45v1:auto_generated|lutrama6~CLKMUX_0  to: niosv:u0|niosv_intel_niosv_m_0:intel_niosv_m_0|niosv_dm_top:dbg_mod|niosv_debug_module:dm_inst|niosv_debug_rom:dbg_rom_inst|niosv_ram:gen_mlab_rom.dbg_rom_inst|altsyncram:ram_no_ecc.data_ram_inst|altsyncram_45v1:auto_generated|lutrama6~MEMORYREGOUT
    Info (332098): From: niosv:u0|niosv_intel_niosv_m_0:intel_niosv_m_0|niosv_dm_top:dbg_mod|niosv_debug_module:dm_inst|niosv_debug_rom:dbg_rom_inst|niosv_ram:gen_mlab_rom.dbg_rom_inst|altsyncram:ram_no_ecc.data_ram_inst|altsyncram_45v1:auto_generated|lutrama7~CLKMUX_0  to: niosv:u0|niosv_intel_niosv_m_0:intel_niosv_m_0|niosv_dm_top:dbg_mod|niosv_debug_module:dm_inst|niosv_debug_rom:dbg_rom_inst|niosv_ram:gen_mlab_rom.dbg_rom_inst|altsyncram:ram_no_ecc.data_ram_inst|altsyncram_45v1:auto_generated|lutrama7~MEMORYREGOUT
    Info (332098): From: niosv:u0|niosv_intel_niosv_m_0:intel_niosv_m_0|niosv_dm_top:dbg_mod|niosv_debug_module:dm_inst|niosv_debug_rom:dbg_rom_inst|niosv_ram:gen_mlab_rom.dbg_rom_inst|altsyncram:ram_no_ecc.data_ram_inst|altsyncram_45v1:auto_generated|lutrama8~CLKMUX_0  to: niosv:u0|niosv_intel_niosv_m_0:intel_niosv_m_0|niosv_dm_top:dbg_mod|niosv_debug_module:dm_inst|niosv_debug_rom:dbg_rom_inst|niosv_ram:gen_mlab_rom.dbg_rom_inst|altsyncram:ram_no_ecc.data_ram_inst|altsyncram_45v1:auto_generated|lutrama8~MEMORYREGOUT
    Info (332098): From: niosv:u0|niosv_intel_niosv_m_0:intel_niosv_m_0|niosv_dm_top:dbg_mod|niosv_debug_module:dm_inst|niosv_debug_rom:dbg_rom_inst|niosv_ram:gen_mlab_rom.dbg_rom_inst|altsyncram:ram_no_ecc.data_ram_inst|altsyncram_45v1:auto_generated|lutrama9~CLKMUX_0  to: niosv:u0|niosv_intel_niosv_m_0:intel_niosv_m_0|niosv_dm_top:dbg_mod|niosv_debug_module:dm_inst|niosv_debug_rom:dbg_rom_inst|niosv_ram:gen_mlab_rom.dbg_rom_inst|altsyncram:ram_no_ecc.data_ram_inst|altsyncram_45v1:auto_generated|lutrama9~MEMORYREGOUT
    Info (332098): From: niosv:u0|niosv_intel_niosv_m_0:intel_niosv_m_0|niosv_dm_top:dbg_mod|niosv_debug_module:dm_inst|niosv_ram:niosv_dm_csr_mem_inst|altsyncram:ram_no_ecc.data_ram_inst|altsyncram_51v1:auto_generated|lutrama0~CLKMUX_0  to: niosv:u0|niosv_intel_niosv_m_0:intel_niosv_m_0|niosv_dm_top:dbg_mod|niosv_debug_module:dm_inst|niosv_ram:niosv_dm_csr_mem_inst|altsyncram:ram_no_ecc.data_ram_inst|altsyncram_51v1:auto_generated|lutrama0~MEMORYREGOUT
    Info (332098): From: niosv:u0|niosv_intel_niosv_m_0:intel_niosv_m_0|niosv_dm_top:dbg_mod|niosv_debug_module:dm_inst|niosv_ram:niosv_dm_csr_mem_inst|altsyncram:ram_no_ecc.data_ram_inst|altsyncram_51v1:auto_generated|lutrama10~CLKMUX_0  to: niosv:u0|niosv_intel_niosv_m_0:intel_niosv_m_0|niosv_dm_top:dbg_mod|niosv_debug_module:dm_inst|niosv_ram:niosv_dm_csr_mem_inst|altsyncram:ram_no_ecc.data_ram_inst|altsyncram_51v1:auto_generated|lutrama10~MEMORYREGOUT
    Info (332098): From: niosv:u0|niosv_intel_niosv_m_0:intel_niosv_m_0|niosv_dm_top:dbg_mod|niosv_debug_module:dm_inst|niosv_ram:niosv_dm_csr_mem_inst|altsyncram:ram_no_ecc.data_ram_inst|altsyncram_51v1:auto_generated|lutrama11~CLKMUX_0  to: niosv:u0|niosv_intel_niosv_m_0:intel_niosv_m_0|niosv_dm_top:dbg_mod|niosv_debug_module:dm_inst|niosv_ram:niosv_dm_csr_mem_inst|altsyncram:ram_no_ecc.data_ram_inst|altsyncram_51v1:auto_generated|lutrama11~MEMORYREGOUT
    Info (332098): From: niosv:u0|niosv_intel_niosv_m_0:intel_niosv_m_0|niosv_dm_top:dbg_mod|niosv_debug_module:dm_inst|niosv_ram:niosv_dm_csr_mem_inst|altsyncram:ram_no_ecc.data_ram_inst|altsyncram_51v1:auto_generated|lutrama12~CLKMUX_0  to: niosv:u0|niosv_intel_niosv_m_0:intel_niosv_m_0|niosv_dm_top:dbg_mod|niosv_debug_module:dm_inst|niosv_ram:niosv_dm_csr_mem_inst|altsyncram:ram_no_ecc.data_ram_inst|altsyncram_51v1:auto_generated|lutrama12~MEMORYREGOUT
    Info (332098): From: niosv:u0|niosv_intel_niosv_m_0:intel_niosv_m_0|niosv_dm_top:dbg_mod|niosv_debug_module:dm_inst|niosv_ram:niosv_dm_csr_mem_inst|altsyncram:ram_no_ecc.data_ram_inst|altsyncram_51v1:auto_generated|lutrama13~CLKMUX_0  to: niosv:u0|niosv_intel_niosv_m_0:intel_niosv_m_0|niosv_dm_top:dbg_mod|niosv_debug_module:dm_inst|niosv_ram:niosv_dm_csr_mem_inst|altsyncram:ram_no_ecc.data_ram_inst|altsyncram_51v1:auto_generated|lutrama13~MEMORYREGOUT
    Info (332098): From: niosv:u0|niosv_intel_niosv_m_0:intel_niosv_m_0|niosv_dm_top:dbg_mod|niosv_debug_module:dm_inst|niosv_ram:niosv_dm_csr_mem_inst|altsyncram:ram_no_ecc.data_ram_inst|altsyncram_51v1:auto_generated|lutrama14~CLKMUX_0  to: niosv:u0|niosv_intel_niosv_m_0:intel_niosv_m_0|niosv_dm_top:dbg_mod|niosv_debug_module:dm_inst|niosv_ram:niosv_dm_csr_mem_inst|altsyncram:ram_no_ecc.data_ram_inst|altsyncram_51v1:auto_generated|lutrama14~MEMORYREGOUT
    Info (332098): From: niosv:u0|niosv_intel_niosv_m_0:intel_niosv_m_0|niosv_dm_top:dbg_mod|niosv_debug_module:dm_inst|niosv_ram:niosv_dm_csr_mem_inst|altsyncram:ram_no_ecc.data_ram_inst|altsyncram_51v1:auto_generated|lutrama15~CLKMUX_0  to: niosv:u0|niosv_intel_niosv_m_0:intel_niosv_m_0|niosv_dm_top:dbg_mod|niosv_debug_module:dm_inst|niosv_ram:niosv_dm_csr_mem_inst|altsyncram:ram_no_ecc.data_ram_inst|altsyncram_51v1:auto_generated|lutrama15~MEMORYREGOUT
    Info (332098): From: niosv:u0|niosv_intel_niosv_m_0:intel_niosv_m_0|niosv_dm_top:dbg_mod|niosv_debug_module:dm_inst|niosv_ram:niosv_dm_csr_mem_inst|altsyncram:ram_no_ecc.data_ram_inst|altsyncram_51v1:auto_generated|lutrama16~CLKMUX_0  to: niosv:u0|niosv_intel_niosv_m_0:intel_niosv_m_0|niosv_dm_top:dbg_mod|niosv_debug_module:dm_inst|niosv_ram:niosv_dm_csr_mem_inst|altsyncram:ram_no_ecc.data_ram_inst|altsyncram_51v1:auto_generated|lutrama16~MEMORYREGOUT
    Info (332098): From: niosv:u0|niosv_intel_niosv_m_0:intel_niosv_m_0|niosv_dm_top:dbg_mod|niosv_debug_module:dm_inst|niosv_ram:niosv_dm_csr_mem_inst|altsyncram:ram_no_ecc.data_ram_inst|altsyncram_51v1:auto_generated|lutrama17~CLKMUX_0  to: niosv:u0|niosv_intel_niosv_m_0:intel_niosv_m_0|niosv_dm_top:dbg_mod|niosv_debug_module:dm_inst|niosv_ram:niosv_dm_csr_mem_inst|altsyncram:ram_no_ecc.data_ram_inst|altsyncram_51v1:auto_generated|lutrama17~MEMORYREGOUT
    Info (332098): From: niosv:u0|niosv_intel_niosv_m_0:intel_niosv_m_0|niosv_dm_top:dbg_mod|niosv_debug_module:dm_inst|niosv_ram:niosv_dm_csr_mem_inst|altsyncram:ram_no_ecc.data_ram_inst|altsyncram_51v1:auto_generated|lutrama18~CLKMUX_0  to: niosv:u0|niosv_intel_niosv_m_0:intel_niosv_m_0|niosv_dm_top:dbg_mod|niosv_debug_module:dm_inst|niosv_ram:niosv_dm_csr_mem_inst|altsyncram:ram_no_ecc.data_ram_inst|altsyncram_51v1:auto_generated|lutrama18~MEMORYREGOUT
    Info (332098): From: niosv:u0|niosv_intel_niosv_m_0:intel_niosv_m_0|niosv_dm_top:dbg_mod|niosv_debug_module:dm_inst|niosv_ram:niosv_dm_csr_mem_inst|altsyncram:ram_no_ecc.data_ram_inst|altsyncram_51v1:auto_generated|lutrama19~CLKMUX_0  to: niosv:u0|niosv_intel_niosv_m_0:intel_niosv_m_0|niosv_dm_top:dbg_mod|niosv_debug_module:dm_inst|niosv_ram:niosv_dm_csr_mem_inst|altsyncram:ram_no_ecc.data_ram_inst|altsyncram_51v1:auto_generated|lutrama19~MEMORYREGOUT
    Info (332098): From: niosv:u0|niosv_intel_niosv_m_0:intel_niosv_m_0|niosv_dm_top:dbg_mod|niosv_debug_module:dm_inst|niosv_ram:niosv_dm_csr_mem_inst|altsyncram:ram_no_ecc.data_ram_inst|altsyncram_51v1:auto_generated|lutrama1~CLKMUX_0  to: niosv:u0|niosv_intel_niosv_m_0:intel_niosv_m_0|niosv_dm_top:dbg_mod|niosv_debug_module:dm_inst|niosv_ram:niosv_dm_csr_mem_inst|altsyncram:ram_no_ecc.data_ram_inst|altsyncram_51v1:auto_generated|lutrama1~MEMORYREGOUT
    Info (332098): From: niosv:u0|niosv_intel_niosv_m_0:intel_niosv_m_0|niosv_dm_top:dbg_mod|niosv_debug_module:dm_inst|niosv_ram:niosv_dm_csr_mem_inst|altsyncram:ram_no_ecc.data_ram_inst|altsyncram_51v1:auto_generated|lutrama20~CLKMUX_0  to: niosv:u0|niosv_intel_niosv_m_0:intel_niosv_m_0|niosv_dm_top:dbg_mod|niosv_debug_module:dm_inst|niosv_ram:niosv_dm_csr_mem_inst|altsyncram:ram_no_ecc.data_ram_inst|altsyncram_51v1:auto_generated|lutrama20~MEMORYREGOUT
    Info (332098): From: niosv:u0|niosv_intel_niosv_m_0:intel_niosv_m_0|niosv_dm_top:dbg_mod|niosv_debug_module:dm_inst|niosv_ram:niosv_dm_csr_mem_inst|altsyncram:ram_no_ecc.data_ram_inst|altsyncram_51v1:auto_generated|lutrama21~CLKMUX_0  to: niosv:u0|niosv_intel_niosv_m_0:intel_niosv_m_0|niosv_dm_top:dbg_mod|niosv_debug_module:dm_inst|niosv_ram:niosv_dm_csr_mem_inst|altsyncram:ram_no_ecc.data_ram_inst|altsyncram_51v1:auto_generated|lutrama21~MEMORYREGOUT
    Info (332098): From: niosv:u0|niosv_intel_niosv_m_0:intel_niosv_m_0|niosv_dm_top:dbg_mod|niosv_debug_module:dm_inst|niosv_ram:niosv_dm_csr_mem_inst|altsyncram:ram_no_ecc.data_ram_inst|altsyncram_51v1:auto_generated|lutrama22~CLKMUX_0  to: niosv:u0|niosv_intel_niosv_m_0:intel_niosv_m_0|niosv_dm_top:dbg_mod|niosv_debug_module:dm_inst|niosv_ram:niosv_dm_csr_mem_inst|altsyncram:ram_no_ecc.data_ram_inst|altsyncram_51v1:auto_generated|lutrama22~MEMORYREGOUT
    Info (332098): From: niosv:u0|niosv_intel_niosv_m_0:intel_niosv_m_0|niosv_dm_top:dbg_mod|niosv_debug_module:dm_inst|niosv_ram:niosv_dm_csr_mem_inst|altsyncram:ram_no_ecc.data_ram_inst|altsyncram_51v1:auto_generated|lutrama23~CLKMUX_0  to: niosv:u0|niosv_intel_niosv_m_0:intel_niosv_m_0|niosv_dm_top:dbg_mod|niosv_debug_module:dm_inst|niosv_ram:niosv_dm_csr_mem_inst|altsyncram:ram_no_ecc.data_ram_inst|altsyncram_51v1:auto_generated|lutrama23~MEMORYREGOUT
    Info (332098): From: niosv:u0|niosv_intel_niosv_m_0:intel_niosv_m_0|niosv_dm_top:dbg_mod|niosv_debug_module:dm_inst|niosv_ram:niosv_dm_csr_mem_inst|altsyncram:ram_no_ecc.data_ram_inst|altsyncram_51v1:auto_generated|lutrama24~CLKMUX_0  to: niosv:u0|niosv_intel_niosv_m_0:intel_niosv_m_0|niosv_dm_top:dbg_mod|niosv_debug_module:dm_inst|niosv_ram:niosv_dm_csr_mem_inst|altsyncram:ram_no_ecc.data_ram_inst|altsyncram_51v1:auto_generated|lutrama24~MEMORYREGOUT
    Info (332098): From: niosv:u0|niosv_intel_niosv_m_0:intel_niosv_m_0|niosv_dm_top:dbg_mod|niosv_debug_module:dm_inst|niosv_ram:niosv_dm_csr_mem_inst|altsyncram:ram_no_ecc.data_ram_inst|altsyncram_51v1:auto_generated|lutrama25~CLKMUX_0  to: niosv:u0|niosv_intel_niosv_m_0:intel_niosv_m_0|niosv_dm_top:dbg_mod|niosv_debug_module:dm_inst|niosv_ram:niosv_dm_csr_mem_inst|altsyncram:ram_no_ecc.data_ram_inst|altsyncram_51v1:auto_generated|lutrama25~MEMORYREGOUT
    Info (332098): From: niosv:u0|niosv_intel_niosv_m_0:intel_niosv_m_0|niosv_dm_top:dbg_mod|niosv_debug_module:dm_inst|niosv_ram:niosv_dm_csr_mem_inst|altsyncram:ram_no_ecc.data_ram_inst|altsyncram_51v1:auto_generated|lutrama26~CLKMUX_0  to: niosv:u0|niosv_intel_niosv_m_0:intel_niosv_m_0|niosv_dm_top:dbg_mod|niosv_debug_module:dm_inst|niosv_ram:niosv_dm_csr_mem_inst|altsyncram:ram_no_ecc.data_ram_inst|altsyncram_51v1:auto_generated|lutrama26~MEMORYREGOUT
    Info (332098): From: niosv:u0|niosv_intel_niosv_m_0:intel_niosv_m_0|niosv_dm_top:dbg_mod|niosv_debug_module:dm_inst|niosv_ram:niosv_dm_csr_mem_inst|altsyncram:ram_no_ecc.data_ram_inst|altsyncram_51v1:auto_generated|lutrama27~CLKMUX_0  to: niosv:u0|niosv_intel_niosv_m_0:intel_niosv_m_0|niosv_dm_top:dbg_mod|niosv_debug_module:dm_inst|niosv_ram:niosv_dm_csr_mem_inst|altsyncram:ram_no_ecc.data_ram_inst|altsyncram_51v1:auto_generated|lutrama27~MEMORYREGOUT
    Info (332098): From: niosv:u0|niosv_intel_niosv_m_0:intel_niosv_m_0|niosv_dm_top:dbg_mod|niosv_debug_module:dm_inst|niosv_ram:niosv_dm_csr_mem_inst|altsyncram:ram_no_ecc.data_ram_inst|altsyncram_51v1:auto_generated|lutrama28~CLKMUX_0  to: niosv:u0|niosv_intel_niosv_m_0:intel_niosv_m_0|niosv_dm_top:dbg_mod|niosv_debug_module:dm_inst|niosv_ram:niosv_dm_csr_mem_inst|altsyncram:ram_no_ecc.data_ram_inst|altsyncram_51v1:auto_generated|lutrama28~MEMORYREGOUT
    Info (332098): From: niosv:u0|niosv_intel_niosv_m_0:intel_niosv_m_0|niosv_dm_top:dbg_mod|niosv_debug_module:dm_inst|niosv_ram:niosv_dm_csr_mem_inst|altsyncram:ram_no_ecc.data_ram_inst|altsyncram_51v1:auto_generated|lutrama29~CLKMUX_0  to: niosv:u0|niosv_intel_niosv_m_0:intel_niosv_m_0|niosv_dm_top:dbg_mod|niosv_debug_module:dm_inst|niosv_ram:niosv_dm_csr_mem_inst|altsyncram:ram_no_ecc.data_ram_inst|altsyncram_51v1:auto_generated|lutrama29~MEMORYREGOUT
    Info (332098): From: niosv:u0|niosv_intel_niosv_m_0:intel_niosv_m_0|niosv_dm_top:dbg_mod|niosv_debug_module:dm_inst|niosv_ram:niosv_dm_csr_mem_inst|altsyncram:ram_no_ecc.data_ram_inst|altsyncram_51v1:auto_generated|lutrama2~CLKMUX_0  to: niosv:u0|niosv_intel_niosv_m_0:intel_niosv_m_0|niosv_dm_top:dbg_mod|niosv_debug_module:dm_inst|niosv_ram:niosv_dm_csr_mem_inst|altsyncram:ram_no_ecc.data_ram_inst|altsyncram_51v1:auto_generated|lutrama2~MEMORYREGOUT
    Info (332098): From: niosv:u0|niosv_intel_niosv_m_0:intel_niosv_m_0|niosv_dm_top:dbg_mod|niosv_debug_module:dm_inst|niosv_ram:niosv_dm_csr_mem_inst|altsyncram:ram_no_ecc.data_ram_inst|altsyncram_51v1:auto_generated|lutrama30~CLKMUX_0  to: niosv:u0|niosv_intel_niosv_m_0:intel_niosv_m_0|niosv_dm_top:dbg_mod|niosv_debug_module:dm_inst|niosv_ram:niosv_dm_csr_mem_inst|altsyncram:ram_no_ecc.data_ram_inst|altsyncram_51v1:auto_generated|lutrama30~MEMORYREGOUT
    Info (332098): From: niosv:u0|niosv_intel_niosv_m_0:intel_niosv_m_0|niosv_dm_top:dbg_mod|niosv_debug_module:dm_inst|niosv_ram:niosv_dm_csr_mem_inst|altsyncram:ram_no_ecc.data_ram_inst|altsyncram_51v1:auto_generated|lutrama31~CLKMUX_0  to: niosv:u0|niosv_intel_niosv_m_0:intel_niosv_m_0|niosv_dm_top:dbg_mod|niosv_debug_module:dm_inst|niosv_ram:niosv_dm_csr_mem_inst|altsyncram:ram_no_ecc.data_ram_inst|altsyncram_51v1:auto_generated|lutrama31~MEMORYREGOUT
    Info (332098): From: niosv:u0|niosv_intel_niosv_m_0:intel_niosv_m_0|niosv_dm_top:dbg_mod|niosv_debug_module:dm_inst|niosv_ram:niosv_dm_csr_mem_inst|altsyncram:ram_no_ecc.data_ram_inst|altsyncram_51v1:auto_generated|lutrama3~CLKMUX_0  to: niosv:u0|niosv_intel_niosv_m_0:intel_niosv_m_0|niosv_dm_top:dbg_mod|niosv_debug_module:dm_inst|niosv_ram:niosv_dm_csr_mem_inst|altsyncram:ram_no_ecc.data_ram_inst|altsyncram_51v1:auto_generated|lutrama3~MEMORYREGOUT
    Info (332098): From: niosv:u0|niosv_intel_niosv_m_0:intel_niosv_m_0|niosv_dm_top:dbg_mod|niosv_debug_module:dm_inst|niosv_ram:niosv_dm_csr_mem_inst|altsyncram:ram_no_ecc.data_ram_inst|altsyncram_51v1:auto_generated|lutrama4~CLKMUX_0  to: niosv:u0|niosv_intel_niosv_m_0:intel_niosv_m_0|niosv_dm_top:dbg_mod|niosv_debug_module:dm_inst|niosv_ram:niosv_dm_csr_mem_inst|altsyncram:ram_no_ecc.data_ram_inst|altsyncram_51v1:auto_generated|lutrama4~MEMORYREGOUT
    Info (332098): From: niosv:u0|niosv_intel_niosv_m_0:intel_niosv_m_0|niosv_dm_top:dbg_mod|niosv_debug_module:dm_inst|niosv_ram:niosv_dm_csr_mem_inst|altsyncram:ram_no_ecc.data_ram_inst|altsyncram_51v1:auto_generated|lutrama5~CLKMUX_0  to: niosv:u0|niosv_intel_niosv_m_0:intel_niosv_m_0|niosv_dm_top:dbg_mod|niosv_debug_module:dm_inst|niosv_ram:niosv_dm_csr_mem_inst|altsyncram:ram_no_ecc.data_ram_inst|altsyncram_51v1:auto_generated|lutrama5~MEMORYREGOUT
    Info (332098): From: niosv:u0|niosv_intel_niosv_m_0:intel_niosv_m_0|niosv_dm_top:dbg_mod|niosv_debug_module:dm_inst|niosv_ram:niosv_dm_csr_mem_inst|altsyncram:ram_no_ecc.data_ram_inst|altsyncram_51v1:auto_generated|lutrama6~CLKMUX_0  to: niosv:u0|niosv_intel_niosv_m_0:intel_niosv_m_0|niosv_dm_top:dbg_mod|niosv_debug_module:dm_inst|niosv_ram:niosv_dm_csr_mem_inst|altsyncram:ram_no_ecc.data_ram_inst|altsyncram_51v1:auto_generated|lutrama6~MEMORYREGOUT
    Info (332098): From: niosv:u0|niosv_intel_niosv_m_0:intel_niosv_m_0|niosv_dm_top:dbg_mod|niosv_debug_module:dm_inst|niosv_ram:niosv_dm_csr_mem_inst|altsyncram:ram_no_ecc.data_ram_inst|altsyncram_51v1:auto_generated|lutrama7~CLKMUX_0  to: niosv:u0|niosv_intel_niosv_m_0:intel_niosv_m_0|niosv_dm_top:dbg_mod|niosv_debug_module:dm_inst|niosv_ram:niosv_dm_csr_mem_inst|altsyncram:ram_no_ecc.data_ram_inst|altsyncram_51v1:auto_generated|lutrama7~MEMORYREGOUT
    Info (332098): From: niosv:u0|niosv_intel_niosv_m_0:intel_niosv_m_0|niosv_dm_top:dbg_mod|niosv_debug_module:dm_inst|niosv_ram:niosv_dm_csr_mem_inst|altsyncram:ram_no_ecc.data_ram_inst|altsyncram_51v1:auto_generated|lutrama8~CLKMUX_0  to: niosv:u0|niosv_intel_niosv_m_0:intel_niosv_m_0|niosv_dm_top:dbg_mod|niosv_debug_module:dm_inst|niosv_ram:niosv_dm_csr_mem_inst|altsyncram:ram_no_ecc.data_ram_inst|altsyncram_51v1:auto_generated|lutrama8~MEMORYREGOUT
    Info (332098): From: niosv:u0|niosv_intel_niosv_m_0:intel_niosv_m_0|niosv_dm_top:dbg_mod|niosv_debug_module:dm_inst|niosv_ram:niosv_dm_csr_mem_inst|altsyncram:ram_no_ecc.data_ram_inst|altsyncram_51v1:auto_generated|lutrama9~CLKMUX_0  to: niosv:u0|niosv_intel_niosv_m_0:intel_niosv_m_0|niosv_dm_top:dbg_mod|niosv_debug_module:dm_inst|niosv_ram:niosv_dm_csr_mem_inst|altsyncram:ram_no_ecc.data_ram_inst|altsyncram_51v1:auto_generated|lutrama9~MEMORYREGOUT
Info (332123): Deriving Clock Uncertainty. Please refer to report_sdc in the Timing Analyzer to see clock uncertainties.
Info (332146): Worst-case setup slack is 12.491
    Info (332119):     Slack       End Point TNS Clock 
    Info (332119): ========= =================== =====================
    Info (332119):    12.491               0.000 CLOCK_50 
    Info (332119):    13.113               0.000 altera_reserved_tck 
Info (332146): Worst-case hold slack is 0.040
    Info (332119):     Slack       End Point TNS Clock 
    Info (332119): ========= =================== =====================
    Info (332119):     0.040               0.000 altera_reserved_tck 
    Info (332119):     0.102               0.000 CLOCK_50 
Info (332146): Worst-case recovery slack is 15.864
    Info (332119):     Slack       End Point TNS Clock 
    Info (332119): ========= =================== =====================
    Info (332119):    15.864               0.000 CLOCK_50 
    Info (332119):    31.316               0.000 altera_reserved_tck 
Info (332146): Worst-case removal slack is 0.404
    Info (332119):     Slack       End Point TNS Clock 
    Info (332119): ========= =================== =====================
    Info (332119):     0.404               0.000 altera_reserved_tck 
    Info (332119):     0.558               0.000 CLOCK_50 
Info (332146): Worst-case minimum pulse width slack is 8.786
    Info (332119):     Slack       End Point TNS Clock 
    Info (332119): ========= =================== =====================
    Info (332119):     8.786               0.000 CLOCK_50 
    Info (332119):    15.254               0.000 altera_reserved_tck 
Info (332114): Report Metastability: Found 95 synchronizer chains.
    Info (332114): Worst-Case MTBF of Design is 1e+09 years or 3.15e+16 seconds.
    Info (332114): Typical MTBF of Design is 1e+09 years or 3.15e+16 seconds.

    Info (332114): Number of Synchronizer Chains Found: 95
    Info (332114): Shortest Synchronizer Chain: 2 Registers
    Info (332114): Fraction of Chains for which MTBFs Could Not be Calculated: 0.958
    Info (332114): Worst Case Available Settling Time: 38.332 ns
    Info (332114): 
    Info (332114): Worst-Case MTBF values are calculated based on the worst-case silicon characteristics, with worst-case operating conditions.
    Info (332114):   - Under worst-case conditions, an increase of 100ps in available settling time will increase MTBF values by a factor of 79.4
    Info (332114): Typical MTBF values are calculated based on the nominal silicon characteristics, at nominal operating conditions.
    Info (332114):   - Under typical conditions, an increase of 100ps in available settling time will increase MTBF values by a factor of 17.8
Info: Analyzing Fast 1100mV 0C Model
Info (332097): The following timing edges are non-unate.  The Timing Analyzer will assume pos-unate behavior for these edges in the clock network.
    Info (332098): From: niosv:u0|niosv_intel_niosv_m_0:intel_niosv_m_0|niosv_dm_top:dbg_mod|niosv_debug_module:dm_inst|niosv_debug_rom:dbg_rom_inst|niosv_ram:gen_mlab_rom.dbg_rom_inst|altsyncram:ram_no_ecc.data_ram_inst|altsyncram_45v1:auto_generated|lutrama0~CLKMUX_0  to: niosv:u0|niosv_intel_niosv_m_0:intel_niosv_m_0|niosv_dm_top:dbg_mod|niosv_debug_module:dm_inst|niosv_debug_rom:dbg_rom_inst|niosv_ram:gen_mlab_rom.dbg_rom_inst|altsyncram:ram_no_ecc.data_ram_inst|altsyncram_45v1:auto_generated|lutrama0~MEMORYREGOUT
    Info (332098): From: niosv:u0|niosv_intel_niosv_m_0:intel_niosv_m_0|niosv_dm_top:dbg_mod|niosv_debug_module:dm_inst|niosv_debug_rom:dbg_rom_inst|niosv_ram:gen_mlab_rom.dbg_rom_inst|altsyncram:ram_no_ecc.data_ram_inst|altsyncram_45v1:auto_generated|lutrama10~CLKMUX_0  to: niosv:u0|niosv_intel_niosv_m_0:intel_niosv_m_0|niosv_dm_top:dbg_mod|niosv_debug_module:dm_inst|niosv_debug_rom:dbg_rom_inst|niosv_ram:gen_mlab_rom.dbg_rom_inst|altsyncram:ram_no_ecc.data_ram_inst|altsyncram_45v1:auto_generated|lutrama10~MEMORYREGOUT
    Info (332098): From: niosv:u0|niosv_intel_niosv_m_0:intel_niosv_m_0|niosv_dm_top:dbg_mod|niosv_debug_module:dm_inst|niosv_debug_rom:dbg_rom_inst|niosv_ram:gen_mlab_rom.dbg_rom_inst|altsyncram:ram_no_ecc.data_ram_inst|altsyncram_45v1:auto_generated|lutrama11~CLKMUX_0  to: niosv:u0|niosv_intel_niosv_m_0:intel_niosv_m_0|niosv_dm_top:dbg_mod|niosv_debug_module:dm_inst|niosv_debug_rom:dbg_rom_inst|niosv_ram:gen_mlab_rom.dbg_rom_inst|altsyncram:ram_no_ecc.data_ram_inst|altsyncram_45v1:auto_generated|lutrama11~MEMORYREGOUT
    Info (332098): From: niosv:u0|niosv_intel_niosv_m_0:intel_niosv_m_0|niosv_dm_top:dbg_mod|niosv_debug_module:dm_inst|niosv_debug_rom:dbg_rom_inst|niosv_ram:gen_mlab_rom.dbg_rom_inst|altsyncram:ram_no_ecc.data_ram_inst|altsyncram_45v1:auto_generated|lutrama12~CLKMUX_0  to: niosv:u0|niosv_intel_niosv_m_0:intel_niosv_m_0|niosv_dm_top:dbg_mod|niosv_debug_module:dm_inst|niosv_debug_rom:dbg_rom_inst|niosv_ram:gen_mlab_rom.dbg_rom_inst|altsyncram:ram_no_ecc.data_ram_inst|altsyncram_45v1:auto_generated|lutrama12~MEMORYREGOUT
    Info (332098): From: niosv:u0|niosv_intel_niosv_m_0:intel_niosv_m_0|niosv_dm_top:dbg_mod|niosv_debug_module:dm_inst|niosv_debug_rom:dbg_rom_inst|niosv_ram:gen_mlab_rom.dbg_rom_inst|altsyncram:ram_no_ecc.data_ram_inst|altsyncram_45v1:auto_generated|lutrama13~CLKMUX_0  to: niosv:u0|niosv_intel_niosv_m_0:intel_niosv_m_0|niosv_dm_top:dbg_mod|niosv_debug_module:dm_inst|niosv_debug_rom:dbg_rom_inst|niosv_ram:gen_mlab_rom.dbg_rom_inst|altsyncram:ram_no_ecc.data_ram_inst|altsyncram_45v1:auto_generated|lutrama13~MEMORYREGOUT
    Info (332098): From: niosv:u0|niosv_intel_niosv_m_0:intel_niosv_m_0|niosv_dm_top:dbg_mod|niosv_debug_module:dm_inst|niosv_debug_rom:dbg_rom_inst|niosv_ram:gen_mlab_rom.dbg_rom_inst|altsyncram:ram_no_ecc.data_ram_inst|altsyncram_45v1:auto_generated|lutrama14~CLKMUX_0  to: niosv:u0|niosv_intel_niosv_m_0:intel_niosv_m_0|niosv_dm_top:dbg_mod|niosv_debug_module:dm_inst|niosv_debug_rom:dbg_rom_inst|niosv_ram:gen_mlab_rom.dbg_rom_inst|altsyncram:ram_no_ecc.data_ram_inst|altsyncram_45v1:auto_generated|lutrama14~MEMORYREGOUT
    Info (332098): From: niosv:u0|niosv_intel_niosv_m_0:intel_niosv_m_0|niosv_dm_top:dbg_mod|niosv_debug_module:dm_inst|niosv_debug_rom:dbg_rom_inst|niosv_ram:gen_mlab_rom.dbg_rom_inst|altsyncram:ram_no_ecc.data_ram_inst|altsyncram_45v1:auto_generated|lutrama15~CLKMUX_0  to: niosv:u0|niosv_intel_niosv_m_0:intel_niosv_m_0|niosv_dm_top:dbg_mod|niosv_debug_module:dm_inst|niosv_debug_rom:dbg_rom_inst|niosv_ram:gen_mlab_rom.dbg_rom_inst|altsyncram:ram_no_ecc.data_ram_inst|altsyncram_45v1:auto_generated|lutrama15~MEMORYREGOUT
    Info (332098): From: niosv:u0|niosv_intel_niosv_m_0:intel_niosv_m_0|niosv_dm_top:dbg_mod|niosv_debug_module:dm_inst|niosv_debug_rom:dbg_rom_inst|niosv_ram:gen_mlab_rom.dbg_rom_inst|altsyncram:ram_no_ecc.data_ram_inst|altsyncram_45v1:auto_generated|lutrama16~CLKMUX_0  to: niosv:u0|niosv_intel_niosv_m_0:intel_niosv_m_0|niosv_dm_top:dbg_mod|niosv_debug_module:dm_inst|niosv_debug_rom:dbg_rom_inst|niosv_ram:gen_mlab_rom.dbg_rom_inst|altsyncram:ram_no_ecc.data_ram_inst|altsyncram_45v1:auto_generated|lutrama16~MEMORYREGOUT
    Info (332098): From: niosv:u0|niosv_intel_niosv_m_0:intel_niosv_m_0|niosv_dm_top:dbg_mod|niosv_debug_module:dm_inst|niosv_debug_rom:dbg_rom_inst|niosv_ram:gen_mlab_rom.dbg_rom_inst|altsyncram:ram_no_ecc.data_ram_inst|altsyncram_45v1:auto_generated|lutrama17~CLKMUX_0  to: niosv:u0|niosv_intel_niosv_m_0:intel_niosv_m_0|niosv_dm_top:dbg_mod|niosv_debug_module:dm_inst|niosv_debug_rom:dbg_rom_inst|niosv_ram:gen_mlab_rom.dbg_rom_inst|altsyncram:ram_no_ecc.data_ram_inst|altsyncram_45v1:auto_generated|lutrama17~MEMORYREGOUT
    Info (332098): From: niosv:u0|niosv_intel_niosv_m_0:intel_niosv_m_0|niosv_dm_top:dbg_mod|niosv_debug_module:dm_inst|niosv_debug_rom:dbg_rom_inst|niosv_ram:gen_mlab_rom.dbg_rom_inst|altsyncram:ram_no_ecc.data_ram_inst|altsyncram_45v1:auto_generated|lutrama18~CLKMUX_0  to: niosv:u0|niosv_intel_niosv_m_0:intel_niosv_m_0|niosv_dm_top:dbg_mod|niosv_debug_module:dm_inst|niosv_debug_rom:dbg_rom_inst|niosv_ram:gen_mlab_rom.dbg_rom_inst|altsyncram:ram_no_ecc.data_ram_inst|altsyncram_45v1:auto_generated|lutrama18~MEMORYREGOUT
    Info (332098): From: niosv:u0|niosv_intel_niosv_m_0:intel_niosv_m_0|niosv_dm_top:dbg_mod|niosv_debug_module:dm_inst|niosv_debug_rom:dbg_rom_inst|niosv_ram:gen_mlab_rom.dbg_rom_inst|altsyncram:ram_no_ecc.data_ram_inst|altsyncram_45v1:auto_generated|lutrama19~CLKMUX_0  to: niosv:u0|niosv_intel_niosv_m_0:intel_niosv_m_0|niosv_dm_top:dbg_mod|niosv_debug_module:dm_inst|niosv_debug_rom:dbg_rom_inst|niosv_ram:gen_mlab_rom.dbg_rom_inst|altsyncram:ram_no_ecc.data_ram_inst|altsyncram_45v1:auto_generated|lutrama19~MEMORYREGOUT
    Info (332098): From: niosv:u0|niosv_intel_niosv_m_0:intel_niosv_m_0|niosv_dm_top:dbg_mod|niosv_debug_module:dm_inst|niosv_debug_rom:dbg_rom_inst|niosv_ram:gen_mlab_rom.dbg_rom_inst|altsyncram:ram_no_ecc.data_ram_inst|altsyncram_45v1:auto_generated|lutrama1~CLKMUX_0  to: niosv:u0|niosv_intel_niosv_m_0:intel_niosv_m_0|niosv_dm_top:dbg_mod|niosv_debug_module:dm_inst|niosv_debug_rom:dbg_rom_inst|niosv_ram:gen_mlab_rom.dbg_rom_inst|altsyncram:ram_no_ecc.data_ram_inst|altsyncram_45v1:auto_generated|lutrama1~MEMORYREGOUT
    Info (332098): From: niosv:u0|niosv_intel_niosv_m_0:intel_niosv_m_0|niosv_dm_top:dbg_mod|niosv_debug_module:dm_inst|niosv_debug_rom:dbg_rom_inst|niosv_ram:gen_mlab_rom.dbg_rom_inst|altsyncram:ram_no_ecc.data_ram_inst|altsyncram_45v1:auto_generated|lutrama20~CLKMUX_0  to: niosv:u0|niosv_intel_niosv_m_0:intel_niosv_m_0|niosv_dm_top:dbg_mod|niosv_debug_module:dm_inst|niosv_debug_rom:dbg_rom_inst|niosv_ram:gen_mlab_rom.dbg_rom_inst|altsyncram:ram_no_ecc.data_ram_inst|altsyncram_45v1:auto_generated|lutrama20~MEMORYREGOUT
    Info (332098): From: niosv:u0|niosv_intel_niosv_m_0:intel_niosv_m_0|niosv_dm_top:dbg_mod|niosv_debug_module:dm_inst|niosv_debug_rom:dbg_rom_inst|niosv_ram:gen_mlab_rom.dbg_rom_inst|altsyncram:ram_no_ecc.data_ram_inst|altsyncram_45v1:auto_generated|lutrama21~CLKMUX_0  to: niosv:u0|niosv_intel_niosv_m_0:intel_niosv_m_0|niosv_dm_top:dbg_mod|niosv_debug_module:dm_inst|niosv_debug_rom:dbg_rom_inst|niosv_ram:gen_mlab_rom.dbg_rom_inst|altsyncram:ram_no_ecc.data_ram_inst|altsyncram_45v1:auto_generated|lutrama21~MEMORYREGOUT
    Info (332098): From: niosv:u0|niosv_intel_niosv_m_0:intel_niosv_m_0|niosv_dm_top:dbg_mod|niosv_debug_module:dm_inst|niosv_debug_rom:dbg_rom_inst|niosv_ram:gen_mlab_rom.dbg_rom_inst|altsyncram:ram_no_ecc.data_ram_inst|altsyncram_45v1:auto_generated|lutrama22~CLKMUX_0  to: niosv:u0|niosv_intel_niosv_m_0:intel_niosv_m_0|niosv_dm_top:dbg_mod|niosv_debug_module:dm_inst|niosv_debug_rom:dbg_rom_inst|niosv_ram:gen_mlab_rom.dbg_rom_inst|altsyncram:ram_no_ecc.data_ram_inst|altsyncram_45v1:auto_generated|lutrama22~MEMORYREGOUT
    Info (332098): From: niosv:u0|niosv_intel_niosv_m_0:intel_niosv_m_0|niosv_dm_top:dbg_mod|niosv_debug_module:dm_inst|niosv_debug_rom:dbg_rom_inst|niosv_ram:gen_mlab_rom.dbg_rom_inst|altsyncram:ram_no_ecc.data_ram_inst|altsyncram_45v1:auto_generated|lutrama23~CLKMUX_0  to: niosv:u0|niosv_intel_niosv_m_0:intel_niosv_m_0|niosv_dm_top:dbg_mod|niosv_debug_module:dm_inst|niosv_debug_rom:dbg_rom_inst|niosv_ram:gen_mlab_rom.dbg_rom_inst|altsyncram:ram_no_ecc.data_ram_inst|altsyncram_45v1:auto_generated|lutrama23~MEMORYREGOUT
    Info (332098): From: niosv:u0|niosv_intel_niosv_m_0:intel_niosv_m_0|niosv_dm_top:dbg_mod|niosv_debug_module:dm_inst|niosv_debug_rom:dbg_rom_inst|niosv_ram:gen_mlab_rom.dbg_rom_inst|altsyncram:ram_no_ecc.data_ram_inst|altsyncram_45v1:auto_generated|lutrama24~CLKMUX_0  to: niosv:u0|niosv_intel_niosv_m_0:intel_niosv_m_0|niosv_dm_top:dbg_mod|niosv_debug_module:dm_inst|niosv_debug_rom:dbg_rom_inst|niosv_ram:gen_mlab_rom.dbg_rom_inst|altsyncram:ram_no_ecc.data_ram_inst|altsyncram_45v1:auto_generated|lutrama24~MEMORYREGOUT
    Info (332098): From: niosv:u0|niosv_intel_niosv_m_0:intel_niosv_m_0|niosv_dm_top:dbg_mod|niosv_debug_module:dm_inst|niosv_debug_rom:dbg_rom_inst|niosv_ram:gen_mlab_rom.dbg_rom_inst|altsyncram:ram_no_ecc.data_ram_inst|altsyncram_45v1:auto_generated|lutrama25~CLKMUX_0  to: niosv:u0|niosv_intel_niosv_m_0:intel_niosv_m_0|niosv_dm_top:dbg_mod|niosv_debug_module:dm_inst|niosv_debug_rom:dbg_rom_inst|niosv_ram:gen_mlab_rom.dbg_rom_inst|altsyncram:ram_no_ecc.data_ram_inst|altsyncram_45v1:auto_generated|lutrama25~MEMORYREGOUT
    Info (332098): From: niosv:u0|niosv_intel_niosv_m_0:intel_niosv_m_0|niosv_dm_top:dbg_mod|niosv_debug_module:dm_inst|niosv_debug_rom:dbg_rom_inst|niosv_ram:gen_mlab_rom.dbg_rom_inst|altsyncram:ram_no_ecc.data_ram_inst|altsyncram_45v1:auto_generated|lutrama26~CLKMUX_0  to: niosv:u0|niosv_intel_niosv_m_0:intel_niosv_m_0|niosv_dm_top:dbg_mod|niosv_debug_module:dm_inst|niosv_debug_rom:dbg_rom_inst|niosv_ram:gen_mlab_rom.dbg_rom_inst|altsyncram:ram_no_ecc.data_ram_inst|altsyncram_45v1:auto_generated|lutrama26~MEMORYREGOUT
    Info (332098): From: niosv:u0|niosv_intel_niosv_m_0:intel_niosv_m_0|niosv_dm_top:dbg_mod|niosv_debug_module:dm_inst|niosv_debug_rom:dbg_rom_inst|niosv_ram:gen_mlab_rom.dbg_rom_inst|altsyncram:ram_no_ecc.data_ram_inst|altsyncram_45v1:auto_generated|lutrama27~CLKMUX_0  to: niosv:u0|niosv_intel_niosv_m_0:intel_niosv_m_0|niosv_dm_top:dbg_mod|niosv_debug_module:dm_inst|niosv_debug_rom:dbg_rom_inst|niosv_ram:gen_mlab_rom.dbg_rom_inst|altsyncram:ram_no_ecc.data_ram_inst|altsyncram_45v1:auto_generated|lutrama27~MEMORYREGOUT
    Info (332098): From: niosv:u0|niosv_intel_niosv_m_0:intel_niosv_m_0|niosv_dm_top:dbg_mod|niosv_debug_module:dm_inst|niosv_debug_rom:dbg_rom_inst|niosv_ram:gen_mlab_rom.dbg_rom_inst|altsyncram:ram_no_ecc.data_ram_inst|altsyncram_45v1:auto_generated|lutrama28~CLKMUX_0  to: niosv:u0|niosv_intel_niosv_m_0:intel_niosv_m_0|niosv_dm_top:dbg_mod|niosv_debug_module:dm_inst|niosv_debug_rom:dbg_rom_inst|niosv_ram:gen_mlab_rom.dbg_rom_inst|altsyncram:ram_no_ecc.data_ram_inst|altsyncram_45v1:auto_generated|lutrama28~MEMORYREGOUT
    Info (332098): From: niosv:u0|niosv_intel_niosv_m_0:intel_niosv_m_0|niosv_dm_top:dbg_mod|niosv_debug_module:dm_inst|niosv_debug_rom:dbg_rom_inst|niosv_ram:gen_mlab_rom.dbg_rom_inst|altsyncram:ram_no_ecc.data_ram_inst|altsyncram_45v1:auto_generated|lutrama29~CLKMUX_0  to: niosv:u0|niosv_intel_niosv_m_0:intel_niosv_m_0|niosv_dm_top:dbg_mod|niosv_debug_module:dm_inst|niosv_debug_rom:dbg_rom_inst|niosv_ram:gen_mlab_rom.dbg_rom_inst|altsyncram:ram_no_ecc.data_ram_inst|altsyncram_45v1:auto_generated|lutrama29~MEMORYREGOUT
    Info (332098): From: niosv:u0|niosv_intel_niosv_m_0:intel_niosv_m_0|niosv_dm_top:dbg_mod|niosv_debug_module:dm_inst|niosv_debug_rom:dbg_rom_inst|niosv_ram:gen_mlab_rom.dbg_rom_inst|altsyncram:ram_no_ecc.data_ram_inst|altsyncram_45v1:auto_generated|lutrama2~CLKMUX_0  to: niosv:u0|niosv_intel_niosv_m_0:intel_niosv_m_0|niosv_dm_top:dbg_mod|niosv_debug_module:dm_inst|niosv_debug_rom:dbg_rom_inst|niosv_ram:gen_mlab_rom.dbg_rom_inst|altsyncram:ram_no_ecc.data_ram_inst|altsyncram_45v1:auto_generated|lutrama2~MEMORYREGOUT
    Info (332098): From: niosv:u0|niosv_intel_niosv_m_0:intel_niosv_m_0|niosv_dm_top:dbg_mod|niosv_debug_module:dm_inst|niosv_debug_rom:dbg_rom_inst|niosv_ram:gen_mlab_rom.dbg_rom_inst|altsyncram:ram_no_ecc.data_ram_inst|altsyncram_45v1:auto_generated|lutrama30~CLKMUX_0  to: niosv:u0|niosv_intel_niosv_m_0:intel_niosv_m_0|niosv_dm_top:dbg_mod|niosv_debug_module:dm_inst|niosv_debug_rom:dbg_rom_inst|niosv_ram:gen_mlab_rom.dbg_rom_inst|altsyncram:ram_no_ecc.data_ram_inst|altsyncram_45v1:auto_generated|lutrama30~MEMORYREGOUT
    Info (332098): From: niosv:u0|niosv_intel_niosv_m_0:intel_niosv_m_0|niosv_dm_top:dbg_mod|niosv_debug_module:dm_inst|niosv_debug_rom:dbg_rom_inst|niosv_ram:gen_mlab_rom.dbg_rom_inst|altsyncram:ram_no_ecc.data_ram_inst|altsyncram_45v1:auto_generated|lutrama31~CLKMUX_0  to: niosv:u0|niosv_intel_niosv_m_0:intel_niosv_m_0|niosv_dm_top:dbg_mod|niosv_debug_module:dm_inst|niosv_debug_rom:dbg_rom_inst|niosv_ram:gen_mlab_rom.dbg_rom_inst|altsyncram:ram_no_ecc.data_ram_inst|altsyncram_45v1:auto_generated|lutrama31~MEMORYREGOUT
    Info (332098): From: niosv:u0|niosv_intel_niosv_m_0:intel_niosv_m_0|niosv_dm_top:dbg_mod|niosv_debug_module:dm_inst|niosv_debug_rom:dbg_rom_inst|niosv_ram:gen_mlab_rom.dbg_rom_inst|altsyncram:ram_no_ecc.data_ram_inst|altsyncram_45v1:auto_generated|lutrama32~CLKMUX_0  to: niosv:u0|niosv_intel_niosv_m_0:intel_niosv_m_0|niosv_dm_top:dbg_mod|niosv_debug_module:dm_inst|niosv_debug_rom:dbg_rom_inst|niosv_ram:gen_mlab_rom.dbg_rom_inst|altsyncram:ram_no_ecc.data_ram_inst|altsyncram_45v1:auto_generated|lutrama32~MEMORYREGOUT
    Info (332098): From: niosv:u0|niosv_intel_niosv_m_0:intel_niosv_m_0|niosv_dm_top:dbg_mod|niosv_debug_module:dm_inst|niosv_debug_rom:dbg_rom_inst|niosv_ram:gen_mlab_rom.dbg_rom_inst|altsyncram:ram_no_ecc.data_ram_inst|altsyncram_45v1:auto_generated|lutrama33~CLKMUX_0  to: niosv:u0|niosv_intel_niosv_m_0:intel_niosv_m_0|niosv_dm_top:dbg_mod|niosv_debug_module:dm_inst|niosv_debug_rom:dbg_rom_inst|niosv_ram:gen_mlab_rom.dbg_rom_inst|altsyncram:ram_no_ecc.data_ram_inst|altsyncram_45v1:auto_generated|lutrama33~MEMORYREGOUT
    Info (332098): From: niosv:u0|niosv_intel_niosv_m_0:intel_niosv_m_0|niosv_dm_top:dbg_mod|niosv_debug_module:dm_inst|niosv_debug_rom:dbg_rom_inst|niosv_ram:gen_mlab_rom.dbg_rom_inst|altsyncram:ram_no_ecc.data_ram_inst|altsyncram_45v1:auto_generated|lutrama34~CLKMUX_0  to: niosv:u0|niosv_intel_niosv_m_0:intel_niosv_m_0|niosv_dm_top:dbg_mod|niosv_debug_module:dm_inst|niosv_debug_rom:dbg_rom_inst|niosv_ram:gen_mlab_rom.dbg_rom_inst|altsyncram:ram_no_ecc.data_ram_inst|altsyncram_45v1:auto_generated|lutrama34~MEMORYREGOUT
    Info (332098): From: niosv:u0|niosv_intel_niosv_m_0:intel_niosv_m_0|niosv_dm_top:dbg_mod|niosv_debug_module:dm_inst|niosv_debug_rom:dbg_rom_inst|niosv_ram:gen_mlab_rom.dbg_rom_inst|altsyncram:ram_no_ecc.data_ram_inst|altsyncram_45v1:auto_generated|lutrama35~CLKMUX_0  to: niosv:u0|niosv_intel_niosv_m_0:intel_niosv_m_0|niosv_dm_top:dbg_mod|niosv_debug_module:dm_inst|niosv_debug_rom:dbg_rom_inst|niosv_ram:gen_mlab_rom.dbg_rom_inst|altsyncram:ram_no_ecc.data_ram_inst|altsyncram_45v1:auto_generated|lutrama35~MEMORYREGOUT
    Info (332098): From: niosv:u0|niosv_intel_niosv_m_0:intel_niosv_m_0|niosv_dm_top:dbg_mod|niosv_debug_module:dm_inst|niosv_debug_rom:dbg_rom_inst|niosv_ram:gen_mlab_rom.dbg_rom_inst|altsyncram:ram_no_ecc.data_ram_inst|altsyncram_45v1:auto_generated|lutrama36~CLKMUX_0  to: niosv:u0|niosv_intel_niosv_m_0:intel_niosv_m_0|niosv_dm_top:dbg_mod|niosv_debug_module:dm_inst|niosv_debug_rom:dbg_rom_inst|niosv_ram:gen_mlab_rom.dbg_rom_inst|altsyncram:ram_no_ecc.data_ram_inst|altsyncram_45v1:auto_generated|lutrama36~MEMORYREGOUT
    Info (332098): From: niosv:u0|niosv_intel_niosv_m_0:intel_niosv_m_0|niosv_dm_top:dbg_mod|niosv_debug_module:dm_inst|niosv_debug_rom:dbg_rom_inst|niosv_ram:gen_mlab_rom.dbg_rom_inst|altsyncram:ram_no_ecc.data_ram_inst|altsyncram_45v1:auto_generated|lutrama37~CLKMUX_0  to: niosv:u0|niosv_intel_niosv_m_0:intel_niosv_m_0|niosv_dm_top:dbg_mod|niosv_debug_module:dm_inst|niosv_debug_rom:dbg_rom_inst|niosv_ram:gen_mlab_rom.dbg_rom_inst|altsyncram:ram_no_ecc.data_ram_inst|altsyncram_45v1:auto_generated|lutrama37~MEMORYREGOUT
    Info (332098): From: niosv:u0|niosv_intel_niosv_m_0:intel_niosv_m_0|niosv_dm_top:dbg_mod|niosv_debug_module:dm_inst|niosv_debug_rom:dbg_rom_inst|niosv_ram:gen_mlab_rom.dbg_rom_inst|altsyncram:ram_no_ecc.data_ram_inst|altsyncram_45v1:auto_generated|lutrama38~CLKMUX_0  to: niosv:u0|niosv_intel_niosv_m_0:intel_niosv_m_0|niosv_dm_top:dbg_mod|niosv_debug_module:dm_inst|niosv_debug_rom:dbg_rom_inst|niosv_ram:gen_mlab_rom.dbg_rom_inst|altsyncram:ram_no_ecc.data_ram_inst|altsyncram_45v1:auto_generated|lutrama38~MEMORYREGOUT
    Info (332098): From: niosv:u0|niosv_intel_niosv_m_0:intel_niosv_m_0|niosv_dm_top:dbg_mod|niosv_debug_module:dm_inst|niosv_debug_rom:dbg_rom_inst|niosv_ram:gen_mlab_rom.dbg_rom_inst|altsyncram:ram_no_ecc.data_ram_inst|altsyncram_45v1:auto_generated|lutrama39~CLKMUX_0  to: niosv:u0|niosv_intel_niosv_m_0:intel_niosv_m_0|niosv_dm_top:dbg_mod|niosv_debug_module:dm_inst|niosv_debug_rom:dbg_rom_inst|niosv_ram:gen_mlab_rom.dbg_rom_inst|altsyncram:ram_no_ecc.data_ram_inst|altsyncram_45v1:auto_generated|lutrama39~MEMORYREGOUT
    Info (332098): From: niosv:u0|niosv_intel_niosv_m_0:intel_niosv_m_0|niosv_dm_top:dbg_mod|niosv_debug_module:dm_inst|niosv_debug_rom:dbg_rom_inst|niosv_ram:gen_mlab_rom.dbg_rom_inst|altsyncram:ram_no_ecc.data_ram_inst|altsyncram_45v1:auto_generated|lutrama3~CLKMUX_0  to: niosv:u0|niosv_intel_niosv_m_0:intel_niosv_m_0|niosv_dm_top:dbg_mod|niosv_debug_module:dm_inst|niosv_debug_rom:dbg_rom_inst|niosv_ram:gen_mlab_rom.dbg_rom_inst|altsyncram:ram_no_ecc.data_ram_inst|altsyncram_45v1:auto_generated|lutrama3~MEMORYREGOUT
    Info (332098): From: niosv:u0|niosv_intel_niosv_m_0:intel_niosv_m_0|niosv_dm_top:dbg_mod|niosv_debug_module:dm_inst|niosv_debug_rom:dbg_rom_inst|niosv_ram:gen_mlab_rom.dbg_rom_inst|altsyncram:ram_no_ecc.data_ram_inst|altsyncram_45v1:auto_generated|lutrama40~CLKMUX_0  to: niosv:u0|niosv_intel_niosv_m_0:intel_niosv_m_0|niosv_dm_top:dbg_mod|niosv_debug_module:dm_inst|niosv_debug_rom:dbg_rom_inst|niosv_ram:gen_mlab_rom.dbg_rom_inst|altsyncram:ram_no_ecc.data_ram_inst|altsyncram_45v1:auto_generated|lutrama40~MEMORYREGOUT
    Info (332098): From: niosv:u0|niosv_intel_niosv_m_0:intel_niosv_m_0|niosv_dm_top:dbg_mod|niosv_debug_module:dm_inst|niosv_debug_rom:dbg_rom_inst|niosv_ram:gen_mlab_rom.dbg_rom_inst|altsyncram:ram_no_ecc.data_ram_inst|altsyncram_45v1:auto_generated|lutrama41~CLKMUX_0  to: niosv:u0|niosv_intel_niosv_m_0:intel_niosv_m_0|niosv_dm_top:dbg_mod|niosv_debug_module:dm_inst|niosv_debug_rom:dbg_rom_inst|niosv_ram:gen_mlab_rom.dbg_rom_inst|altsyncram:ram_no_ecc.data_ram_inst|altsyncram_45v1:auto_generated|lutrama41~MEMORYREGOUT
    Info (332098): From: niosv:u0|niosv_intel_niosv_m_0:intel_niosv_m_0|niosv_dm_top:dbg_mod|niosv_debug_module:dm_inst|niosv_debug_rom:dbg_rom_inst|niosv_ram:gen_mlab_rom.dbg_rom_inst|altsyncram:ram_no_ecc.data_ram_inst|altsyncram_45v1:auto_generated|lutrama42~CLKMUX_0  to: niosv:u0|niosv_intel_niosv_m_0:intel_niosv_m_0|niosv_dm_top:dbg_mod|niosv_debug_module:dm_inst|niosv_debug_rom:dbg_rom_inst|niosv_ram:gen_mlab_rom.dbg_rom_inst|altsyncram:ram_no_ecc.data_ram_inst|altsyncram_45v1:auto_generated|lutrama42~MEMORYREGOUT
    Info (332098): From: niosv:u0|niosv_intel_niosv_m_0:intel_niosv_m_0|niosv_dm_top:dbg_mod|niosv_debug_module:dm_inst|niosv_debug_rom:dbg_rom_inst|niosv_ram:gen_mlab_rom.dbg_rom_inst|altsyncram:ram_no_ecc.data_ram_inst|altsyncram_45v1:auto_generated|lutrama43~CLKMUX_0  to: niosv:u0|niosv_intel_niosv_m_0:intel_niosv_m_0|niosv_dm_top:dbg_mod|niosv_debug_module:dm_inst|niosv_debug_rom:dbg_rom_inst|niosv_ram:gen_mlab_rom.dbg_rom_inst|altsyncram:ram_no_ecc.data_ram_inst|altsyncram_45v1:auto_generated|lutrama43~MEMORYREGOUT
    Info (332098): From: niosv:u0|niosv_intel_niosv_m_0:intel_niosv_m_0|niosv_dm_top:dbg_mod|niosv_debug_module:dm_inst|niosv_debug_rom:dbg_rom_inst|niosv_ram:gen_mlab_rom.dbg_rom_inst|altsyncram:ram_no_ecc.data_ram_inst|altsyncram_45v1:auto_generated|lutrama44~CLKMUX_0  to: niosv:u0|niosv_intel_niosv_m_0:intel_niosv_m_0|niosv_dm_top:dbg_mod|niosv_debug_module:dm_inst|niosv_debug_rom:dbg_rom_inst|niosv_ram:gen_mlab_rom.dbg_rom_inst|altsyncram:ram_no_ecc.data_ram_inst|altsyncram_45v1:auto_generated|lutrama44~MEMORYREGOUT
    Info (332098): From: niosv:u0|niosv_intel_niosv_m_0:intel_niosv_m_0|niosv_dm_top:dbg_mod|niosv_debug_module:dm_inst|niosv_debug_rom:dbg_rom_inst|niosv_ram:gen_mlab_rom.dbg_rom_inst|altsyncram:ram_no_ecc.data_ram_inst|altsyncram_45v1:auto_generated|lutrama45~CLKMUX_0  to: niosv:u0|niosv_intel_niosv_m_0:intel_niosv_m_0|niosv_dm_top:dbg_mod|niosv_debug_module:dm_inst|niosv_debug_rom:dbg_rom_inst|niosv_ram:gen_mlab_rom.dbg_rom_inst|altsyncram:ram_no_ecc.data_ram_inst|altsyncram_45v1:auto_generated|lutrama45~MEMORYREGOUT
    Info (332098): From: niosv:u0|niosv_intel_niosv_m_0:intel_niosv_m_0|niosv_dm_top:dbg_mod|niosv_debug_module:dm_inst|niosv_debug_rom:dbg_rom_inst|niosv_ram:gen_mlab_rom.dbg_rom_inst|altsyncram:ram_no_ecc.data_ram_inst|altsyncram_45v1:auto_generated|lutrama46~CLKMUX_0  to: niosv:u0|niosv_intel_niosv_m_0:intel_niosv_m_0|niosv_dm_top:dbg_mod|niosv_debug_module:dm_inst|niosv_debug_rom:dbg_rom_inst|niosv_ram:gen_mlab_rom.dbg_rom_inst|altsyncram:ram_no_ecc.data_ram_inst|altsyncram_45v1:auto_generated|lutrama46~MEMORYREGOUT
    Info (332098): From: niosv:u0|niosv_intel_niosv_m_0:intel_niosv_m_0|niosv_dm_top:dbg_mod|niosv_debug_module:dm_inst|niosv_debug_rom:dbg_rom_inst|niosv_ram:gen_mlab_rom.dbg_rom_inst|altsyncram:ram_no_ecc.data_ram_inst|altsyncram_45v1:auto_generated|lutrama47~CLKMUX_0  to: niosv:u0|niosv_intel_niosv_m_0:intel_niosv_m_0|niosv_dm_top:dbg_mod|niosv_debug_module:dm_inst|niosv_debug_rom:dbg_rom_inst|niosv_ram:gen_mlab_rom.dbg_rom_inst|altsyncram:ram_no_ecc.data_ram_inst|altsyncram_45v1:auto_generated|lutrama47~MEMORYREGOUT
    Info (332098): From: niosv:u0|niosv_intel_niosv_m_0:intel_niosv_m_0|niosv_dm_top:dbg_mod|niosv_debug_module:dm_inst|niosv_debug_rom:dbg_rom_inst|niosv_ram:gen_mlab_rom.dbg_rom_inst|altsyncram:ram_no_ecc.data_ram_inst|altsyncram_45v1:auto_generated|lutrama48~CLKMUX_0  to: niosv:u0|niosv_intel_niosv_m_0:intel_niosv_m_0|niosv_dm_top:dbg_mod|niosv_debug_module:dm_inst|niosv_debug_rom:dbg_rom_inst|niosv_ram:gen_mlab_rom.dbg_rom_inst|altsyncram:ram_no_ecc.data_ram_inst|altsyncram_45v1:auto_generated|lutrama48~MEMORYREGOUT
    Info (332098): From: niosv:u0|niosv_intel_niosv_m_0:intel_niosv_m_0|niosv_dm_top:dbg_mod|niosv_debug_module:dm_inst|niosv_debug_rom:dbg_rom_inst|niosv_ram:gen_mlab_rom.dbg_rom_inst|altsyncram:ram_no_ecc.data_ram_inst|altsyncram_45v1:auto_generated|lutrama49~CLKMUX_0  to: niosv:u0|niosv_intel_niosv_m_0:intel_niosv_m_0|niosv_dm_top:dbg_mod|niosv_debug_module:dm_inst|niosv_debug_rom:dbg_rom_inst|niosv_ram:gen_mlab_rom.dbg_rom_inst|altsyncram:ram_no_ecc.data_ram_inst|altsyncram_45v1:auto_generated|lutrama49~MEMORYREGOUT
    Info (332098): From: niosv:u0|niosv_intel_niosv_m_0:intel_niosv_m_0|niosv_dm_top:dbg_mod|niosv_debug_module:dm_inst|niosv_debug_rom:dbg_rom_inst|niosv_ram:gen_mlab_rom.dbg_rom_inst|altsyncram:ram_no_ecc.data_ram_inst|altsyncram_45v1:auto_generated|lutrama4~CLKMUX_0  to: niosv:u0|niosv_intel_niosv_m_0:intel_niosv_m_0|niosv_dm_top:dbg_mod|niosv_debug_module:dm_inst|niosv_debug_rom:dbg_rom_inst|niosv_ram:gen_mlab_rom.dbg_rom_inst|altsyncram:ram_no_ecc.data_ram_inst|altsyncram_45v1:auto_generated|lutrama4~MEMORYREGOUT
    Info (332098): From: niosv:u0|niosv_intel_niosv_m_0:intel_niosv_m_0|niosv_dm_top:dbg_mod|niosv_debug_module:dm_inst|niosv_debug_rom:dbg_rom_inst|niosv_ram:gen_mlab_rom.dbg_rom_inst|altsyncram:ram_no_ecc.data_ram_inst|altsyncram_45v1:auto_generated|lutrama50~CLKMUX_0  to: niosv:u0|niosv_intel_niosv_m_0:intel_niosv_m_0|niosv_dm_top:dbg_mod|niosv_debug_module:dm_inst|niosv_debug_rom:dbg_rom_inst|niosv_ram:gen_mlab_rom.dbg_rom_inst|altsyncram:ram_no_ecc.data_ram_inst|altsyncram_45v1:auto_generated|lutrama50~MEMORYREGOUT
    Info (332098): From: niosv:u0|niosv_intel_niosv_m_0:intel_niosv_m_0|niosv_dm_top:dbg_mod|niosv_debug_module:dm_inst|niosv_debug_rom:dbg_rom_inst|niosv_ram:gen_mlab_rom.dbg_rom_inst|altsyncram:ram_no_ecc.data_ram_inst|altsyncram_45v1:auto_generated|lutrama51~CLKMUX_0  to: niosv:u0|niosv_intel_niosv_m_0:intel_niosv_m_0|niosv_dm_top:dbg_mod|niosv_debug_module:dm_inst|niosv_debug_rom:dbg_rom_inst|niosv_ram:gen_mlab_rom.dbg_rom_inst|altsyncram:ram_no_ecc.data_ram_inst|altsyncram_45v1:auto_generated|lutrama51~MEMORYREGOUT
    Info (332098): From: niosv:u0|niosv_intel_niosv_m_0:intel_niosv_m_0|niosv_dm_top:dbg_mod|niosv_debug_module:dm_inst|niosv_debug_rom:dbg_rom_inst|niosv_ram:gen_mlab_rom.dbg_rom_inst|altsyncram:ram_no_ecc.data_ram_inst|altsyncram_45v1:auto_generated|lutrama52~CLKMUX_0  to: niosv:u0|niosv_intel_niosv_m_0:intel_niosv_m_0|niosv_dm_top:dbg_mod|niosv_debug_module:dm_inst|niosv_debug_rom:dbg_rom_inst|niosv_ram:gen_mlab_rom.dbg_rom_inst|altsyncram:ram_no_ecc.data_ram_inst|altsyncram_45v1:auto_generated|lutrama52~MEMORYREGOUT
    Info (332098): From: niosv:u0|niosv_intel_niosv_m_0:intel_niosv_m_0|niosv_dm_top:dbg_mod|niosv_debug_module:dm_inst|niosv_debug_rom:dbg_rom_inst|niosv_ram:gen_mlab_rom.dbg_rom_inst|altsyncram:ram_no_ecc.data_ram_inst|altsyncram_45v1:auto_generated|lutrama53~CLKMUX_0  to: niosv:u0|niosv_intel_niosv_m_0:intel_niosv_m_0|niosv_dm_top:dbg_mod|niosv_debug_module:dm_inst|niosv_debug_rom:dbg_rom_inst|niosv_ram:gen_mlab_rom.dbg_rom_inst|altsyncram:ram_no_ecc.data_ram_inst|altsyncram_45v1:auto_generated|lutrama53~MEMORYREGOUT
    Info (332098): From: niosv:u0|niosv_intel_niosv_m_0:intel_niosv_m_0|niosv_dm_top:dbg_mod|niosv_debug_module:dm_inst|niosv_debug_rom:dbg_rom_inst|niosv_ram:gen_mlab_rom.dbg_rom_inst|altsyncram:ram_no_ecc.data_ram_inst|altsyncram_45v1:auto_generated|lutrama54~CLKMUX_0  to: niosv:u0|niosv_intel_niosv_m_0:intel_niosv_m_0|niosv_dm_top:dbg_mod|niosv_debug_module:dm_inst|niosv_debug_rom:dbg_rom_inst|niosv_ram:gen_mlab_rom.dbg_rom_inst|altsyncram:ram_no_ecc.data_ram_inst|altsyncram_45v1:auto_generated|lutrama54~MEMORYREGOUT
    Info (332098): From: niosv:u0|niosv_intel_niosv_m_0:intel_niosv_m_0|niosv_dm_top:dbg_mod|niosv_debug_module:dm_inst|niosv_debug_rom:dbg_rom_inst|niosv_ram:gen_mlab_rom.dbg_rom_inst|altsyncram:ram_no_ecc.data_ram_inst|altsyncram_45v1:auto_generated|lutrama55~CLKMUX_0  to: niosv:u0|niosv_intel_niosv_m_0:intel_niosv_m_0|niosv_dm_top:dbg_mod|niosv_debug_module:dm_inst|niosv_debug_rom:dbg_rom_inst|niosv_ram:gen_mlab_rom.dbg_rom_inst|altsyncram:ram_no_ecc.data_ram_inst|altsyncram_45v1:auto_generated|lutrama55~MEMORYREGOUT
    Info (332098): From: niosv:u0|niosv_intel_niosv_m_0:intel_niosv_m_0|niosv_dm_top:dbg_mod|niosv_debug_module:dm_inst|niosv_debug_rom:dbg_rom_inst|niosv_ram:gen_mlab_rom.dbg_rom_inst|altsyncram:ram_no_ecc.data_ram_inst|altsyncram_45v1:auto_generated|lutrama56~CLKMUX_0  to: niosv:u0|niosv_intel_niosv_m_0:intel_niosv_m_0|niosv_dm_top:dbg_mod|niosv_debug_module:dm_inst|niosv_debug_rom:dbg_rom_inst|niosv_ram:gen_mlab_rom.dbg_rom_inst|altsyncram:ram_no_ecc.data_ram_inst|altsyncram_45v1:auto_generated|lutrama56~MEMORYREGOUT
    Info (332098): From: niosv:u0|niosv_intel_niosv_m_0:intel_niosv_m_0|niosv_dm_top:dbg_mod|niosv_debug_module:dm_inst|niosv_debug_rom:dbg_rom_inst|niosv_ram:gen_mlab_rom.dbg_rom_inst|altsyncram:ram_no_ecc.data_ram_inst|altsyncram_45v1:auto_generated|lutrama57~CLKMUX_0  to: niosv:u0|niosv_intel_niosv_m_0:intel_niosv_m_0|niosv_dm_top:dbg_mod|niosv_debug_module:dm_inst|niosv_debug_rom:dbg_rom_inst|niosv_ram:gen_mlab_rom.dbg_rom_inst|altsyncram:ram_no_ecc.data_ram_inst|altsyncram_45v1:auto_generated|lutrama57~MEMORYREGOUT
    Info (332098): From: niosv:u0|niosv_intel_niosv_m_0:intel_niosv_m_0|niosv_dm_top:dbg_mod|niosv_debug_module:dm_inst|niosv_debug_rom:dbg_rom_inst|niosv_ram:gen_mlab_rom.dbg_rom_inst|altsyncram:ram_no_ecc.data_ram_inst|altsyncram_45v1:auto_generated|lutrama58~CLKMUX_0  to: niosv:u0|niosv_intel_niosv_m_0:intel_niosv_m_0|niosv_dm_top:dbg_mod|niosv_debug_module:dm_inst|niosv_debug_rom:dbg_rom_inst|niosv_ram:gen_mlab_rom.dbg_rom_inst|altsyncram:ram_no_ecc.data_ram_inst|altsyncram_45v1:auto_generated|lutrama58~MEMORYREGOUT
    Info (332098): From: niosv:u0|niosv_intel_niosv_m_0:intel_niosv_m_0|niosv_dm_top:dbg_mod|niosv_debug_module:dm_inst|niosv_debug_rom:dbg_rom_inst|niosv_ram:gen_mlab_rom.dbg_rom_inst|altsyncram:ram_no_ecc.data_ram_inst|altsyncram_45v1:auto_generated|lutrama59~CLKMUX_0  to: niosv:u0|niosv_intel_niosv_m_0:intel_niosv_m_0|niosv_dm_top:dbg_mod|niosv_debug_module:dm_inst|niosv_debug_rom:dbg_rom_inst|niosv_ram:gen_mlab_rom.dbg_rom_inst|altsyncram:ram_no_ecc.data_ram_inst|altsyncram_45v1:auto_generated|lutrama59~MEMORYREGOUT
    Info (332098): From: niosv:u0|niosv_intel_niosv_m_0:intel_niosv_m_0|niosv_dm_top:dbg_mod|niosv_debug_module:dm_inst|niosv_debug_rom:dbg_rom_inst|niosv_ram:gen_mlab_rom.dbg_rom_inst|altsyncram:ram_no_ecc.data_ram_inst|altsyncram_45v1:auto_generated|lutrama5~CLKMUX_0  to: niosv:u0|niosv_intel_niosv_m_0:intel_niosv_m_0|niosv_dm_top:dbg_mod|niosv_debug_module:dm_inst|niosv_debug_rom:dbg_rom_inst|niosv_ram:gen_mlab_rom.dbg_rom_inst|altsyncram:ram_no_ecc.data_ram_inst|altsyncram_45v1:auto_generated|lutrama5~MEMORYREGOUT
    Info (332098): From: niosv:u0|niosv_intel_niosv_m_0:intel_niosv_m_0|niosv_dm_top:dbg_mod|niosv_debug_module:dm_inst|niosv_debug_rom:dbg_rom_inst|niosv_ram:gen_mlab_rom.dbg_rom_inst|altsyncram:ram_no_ecc.data_ram_inst|altsyncram_45v1:auto_generated|lutrama60~CLKMUX_0  to: niosv:u0|niosv_intel_niosv_m_0:intel_niosv_m_0|niosv_dm_top:dbg_mod|niosv_debug_module:dm_inst|niosv_debug_rom:dbg_rom_inst|niosv_ram:gen_mlab_rom.dbg_rom_inst|altsyncram:ram_no_ecc.data_ram_inst|altsyncram_45v1:auto_generated|lutrama60~MEMORYREGOUT
    Info (332098): From: niosv:u0|niosv_intel_niosv_m_0:intel_niosv_m_0|niosv_dm_top:dbg_mod|niosv_debug_module:dm_inst|niosv_debug_rom:dbg_rom_inst|niosv_ram:gen_mlab_rom.dbg_rom_inst|altsyncram:ram_no_ecc.data_ram_inst|altsyncram_45v1:auto_generated|lutrama61~CLKMUX_0  to: niosv:u0|niosv_intel_niosv_m_0:intel_niosv_m_0|niosv_dm_top:dbg_mod|niosv_debug_module:dm_inst|niosv_debug_rom:dbg_rom_inst|niosv_ram:gen_mlab_rom.dbg_rom_inst|altsyncram:ram_no_ecc.data_ram_inst|altsyncram_45v1:auto_generated|lutrama61~MEMORYREGOUT
    Info (332098): From: niosv:u0|niosv_intel_niosv_m_0:intel_niosv_m_0|niosv_dm_top:dbg_mod|niosv_debug_module:dm_inst|niosv_debug_rom:dbg_rom_inst|niosv_ram:gen_mlab_rom.dbg_rom_inst|altsyncram:ram_no_ecc.data_ram_inst|altsyncram_45v1:auto_generated|lutrama62~CLKMUX_0  to: niosv:u0|niosv_intel_niosv_m_0:intel_niosv_m_0|niosv_dm_top:dbg_mod|niosv_debug_module:dm_inst|niosv_debug_rom:dbg_rom_inst|niosv_ram:gen_mlab_rom.dbg_rom_inst|altsyncram:ram_no_ecc.data_ram_inst|altsyncram_45v1:auto_generated|lutrama62~MEMORYREGOUT
    Info (332098): From: niosv:u0|niosv_intel_niosv_m_0:intel_niosv_m_0|niosv_dm_top:dbg_mod|niosv_debug_module:dm_inst|niosv_debug_rom:dbg_rom_inst|niosv_ram:gen_mlab_rom.dbg_rom_inst|altsyncram:ram_no_ecc.data_ram_inst|altsyncram_45v1:auto_generated|lutrama63~CLKMUX_0  to: niosv:u0|niosv_intel_niosv_m_0:intel_niosv_m_0|niosv_dm_top:dbg_mod|niosv_debug_module:dm_inst|niosv_debug_rom:dbg_rom_inst|niosv_ram:gen_mlab_rom.dbg_rom_inst|altsyncram:ram_no_ecc.data_ram_inst|altsyncram_45v1:auto_generated|lutrama63~MEMORYREGOUT
    Info (332098): From: niosv:u0|niosv_intel_niosv_m_0:intel_niosv_m_0|niosv_dm_top:dbg_mod|niosv_debug_module:dm_inst|niosv_debug_rom:dbg_rom_inst|niosv_ram:gen_mlab_rom.dbg_rom_inst|altsyncram:ram_no_ecc.data_ram_inst|altsyncram_45v1:auto_generated|lutrama6~CLKMUX_0  to: niosv:u0|niosv_intel_niosv_m_0:intel_niosv_m_0|niosv_dm_top:dbg_mod|niosv_debug_module:dm_inst|niosv_debug_rom:dbg_rom_inst|niosv_ram:gen_mlab_rom.dbg_rom_inst|altsyncram:ram_no_ecc.data_ram_inst|altsyncram_45v1:auto_generated|lutrama6~MEMORYREGOUT
    Info (332098): From: niosv:u0|niosv_intel_niosv_m_0:intel_niosv_m_0|niosv_dm_top:dbg_mod|niosv_debug_module:dm_inst|niosv_debug_rom:dbg_rom_inst|niosv_ram:gen_mlab_rom.dbg_rom_inst|altsyncram:ram_no_ecc.data_ram_inst|altsyncram_45v1:auto_generated|lutrama7~CLKMUX_0  to: niosv:u0|niosv_intel_niosv_m_0:intel_niosv_m_0|niosv_dm_top:dbg_mod|niosv_debug_module:dm_inst|niosv_debug_rom:dbg_rom_inst|niosv_ram:gen_mlab_rom.dbg_rom_inst|altsyncram:ram_no_ecc.data_ram_inst|altsyncram_45v1:auto_generated|lutrama7~MEMORYREGOUT
    Info (332098): From: niosv:u0|niosv_intel_niosv_m_0:intel_niosv_m_0|niosv_dm_top:dbg_mod|niosv_debug_module:dm_inst|niosv_debug_rom:dbg_rom_inst|niosv_ram:gen_mlab_rom.dbg_rom_inst|altsyncram:ram_no_ecc.data_ram_inst|altsyncram_45v1:auto_generated|lutrama8~CLKMUX_0  to: niosv:u0|niosv_intel_niosv_m_0:intel_niosv_m_0|niosv_dm_top:dbg_mod|niosv_debug_module:dm_inst|niosv_debug_rom:dbg_rom_inst|niosv_ram:gen_mlab_rom.dbg_rom_inst|altsyncram:ram_no_ecc.data_ram_inst|altsyncram_45v1:auto_generated|lutrama8~MEMORYREGOUT
    Info (332098): From: niosv:u0|niosv_intel_niosv_m_0:intel_niosv_m_0|niosv_dm_top:dbg_mod|niosv_debug_module:dm_inst|niosv_debug_rom:dbg_rom_inst|niosv_ram:gen_mlab_rom.dbg_rom_inst|altsyncram:ram_no_ecc.data_ram_inst|altsyncram_45v1:auto_generated|lutrama9~CLKMUX_0  to: niosv:u0|niosv_intel_niosv_m_0:intel_niosv_m_0|niosv_dm_top:dbg_mod|niosv_debug_module:dm_inst|niosv_debug_rom:dbg_rom_inst|niosv_ram:gen_mlab_rom.dbg_rom_inst|altsyncram:ram_no_ecc.data_ram_inst|altsyncram_45v1:auto_generated|lutrama9~MEMORYREGOUT
    Info (332098): From: niosv:u0|niosv_intel_niosv_m_0:intel_niosv_m_0|niosv_dm_top:dbg_mod|niosv_debug_module:dm_inst|niosv_ram:niosv_dm_csr_mem_inst|altsyncram:ram_no_ecc.data_ram_inst|altsyncram_51v1:auto_generated|lutrama0~CLKMUX_0  to: niosv:u0|niosv_intel_niosv_m_0:intel_niosv_m_0|niosv_dm_top:dbg_mod|niosv_debug_module:dm_inst|niosv_ram:niosv_dm_csr_mem_inst|altsyncram:ram_no_ecc.data_ram_inst|altsyncram_51v1:auto_generated|lutrama0~MEMORYREGOUT
    Info (332098): From: niosv:u0|niosv_intel_niosv_m_0:intel_niosv_m_0|niosv_dm_top:dbg_mod|niosv_debug_module:dm_inst|niosv_ram:niosv_dm_csr_mem_inst|altsyncram:ram_no_ecc.data_ram_inst|altsyncram_51v1:auto_generated|lutrama10~CLKMUX_0  to: niosv:u0|niosv_intel_niosv_m_0:intel_niosv_m_0|niosv_dm_top:dbg_mod|niosv_debug_module:dm_inst|niosv_ram:niosv_dm_csr_mem_inst|altsyncram:ram_no_ecc.data_ram_inst|altsyncram_51v1:auto_generated|lutrama10~MEMORYREGOUT
    Info (332098): From: niosv:u0|niosv_intel_niosv_m_0:intel_niosv_m_0|niosv_dm_top:dbg_mod|niosv_debug_module:dm_inst|niosv_ram:niosv_dm_csr_mem_inst|altsyncram:ram_no_ecc.data_ram_inst|altsyncram_51v1:auto_generated|lutrama11~CLKMUX_0  to: niosv:u0|niosv_intel_niosv_m_0:intel_niosv_m_0|niosv_dm_top:dbg_mod|niosv_debug_module:dm_inst|niosv_ram:niosv_dm_csr_mem_inst|altsyncram:ram_no_ecc.data_ram_inst|altsyncram_51v1:auto_generated|lutrama11~MEMORYREGOUT
    Info (332098): From: niosv:u0|niosv_intel_niosv_m_0:intel_niosv_m_0|niosv_dm_top:dbg_mod|niosv_debug_module:dm_inst|niosv_ram:niosv_dm_csr_mem_inst|altsyncram:ram_no_ecc.data_ram_inst|altsyncram_51v1:auto_generated|lutrama12~CLKMUX_0  to: niosv:u0|niosv_intel_niosv_m_0:intel_niosv_m_0|niosv_dm_top:dbg_mod|niosv_debug_module:dm_inst|niosv_ram:niosv_dm_csr_mem_inst|altsyncram:ram_no_ecc.data_ram_inst|altsyncram_51v1:auto_generated|lutrama12~MEMORYREGOUT
    Info (332098): From: niosv:u0|niosv_intel_niosv_m_0:intel_niosv_m_0|niosv_dm_top:dbg_mod|niosv_debug_module:dm_inst|niosv_ram:niosv_dm_csr_mem_inst|altsyncram:ram_no_ecc.data_ram_inst|altsyncram_51v1:auto_generated|lutrama13~CLKMUX_0  to: niosv:u0|niosv_intel_niosv_m_0:intel_niosv_m_0|niosv_dm_top:dbg_mod|niosv_debug_module:dm_inst|niosv_ram:niosv_dm_csr_mem_inst|altsyncram:ram_no_ecc.data_ram_inst|altsyncram_51v1:auto_generated|lutrama13~MEMORYREGOUT
    Info (332098): From: niosv:u0|niosv_intel_niosv_m_0:intel_niosv_m_0|niosv_dm_top:dbg_mod|niosv_debug_module:dm_inst|niosv_ram:niosv_dm_csr_mem_inst|altsyncram:ram_no_ecc.data_ram_inst|altsyncram_51v1:auto_generated|lutrama14~CLKMUX_0  to: niosv:u0|niosv_intel_niosv_m_0:intel_niosv_m_0|niosv_dm_top:dbg_mod|niosv_debug_module:dm_inst|niosv_ram:niosv_dm_csr_mem_inst|altsyncram:ram_no_ecc.data_ram_inst|altsyncram_51v1:auto_generated|lutrama14~MEMORYREGOUT
    Info (332098): From: niosv:u0|niosv_intel_niosv_m_0:intel_niosv_m_0|niosv_dm_top:dbg_mod|niosv_debug_module:dm_inst|niosv_ram:niosv_dm_csr_mem_inst|altsyncram:ram_no_ecc.data_ram_inst|altsyncram_51v1:auto_generated|lutrama15~CLKMUX_0  to: niosv:u0|niosv_intel_niosv_m_0:intel_niosv_m_0|niosv_dm_top:dbg_mod|niosv_debug_module:dm_inst|niosv_ram:niosv_dm_csr_mem_inst|altsyncram:ram_no_ecc.data_ram_inst|altsyncram_51v1:auto_generated|lutrama15~MEMORYREGOUT
    Info (332098): From: niosv:u0|niosv_intel_niosv_m_0:intel_niosv_m_0|niosv_dm_top:dbg_mod|niosv_debug_module:dm_inst|niosv_ram:niosv_dm_csr_mem_inst|altsyncram:ram_no_ecc.data_ram_inst|altsyncram_51v1:auto_generated|lutrama16~CLKMUX_0  to: niosv:u0|niosv_intel_niosv_m_0:intel_niosv_m_0|niosv_dm_top:dbg_mod|niosv_debug_module:dm_inst|niosv_ram:niosv_dm_csr_mem_inst|altsyncram:ram_no_ecc.data_ram_inst|altsyncram_51v1:auto_generated|lutrama16~MEMORYREGOUT
    Info (332098): From: niosv:u0|niosv_intel_niosv_m_0:intel_niosv_m_0|niosv_dm_top:dbg_mod|niosv_debug_module:dm_inst|niosv_ram:niosv_dm_csr_mem_inst|altsyncram:ram_no_ecc.data_ram_inst|altsyncram_51v1:auto_generated|lutrama17~CLKMUX_0  to: niosv:u0|niosv_intel_niosv_m_0:intel_niosv_m_0|niosv_dm_top:dbg_mod|niosv_debug_module:dm_inst|niosv_ram:niosv_dm_csr_mem_inst|altsyncram:ram_no_ecc.data_ram_inst|altsyncram_51v1:auto_generated|lutrama17~MEMORYREGOUT
    Info (332098): From: niosv:u0|niosv_intel_niosv_m_0:intel_niosv_m_0|niosv_dm_top:dbg_mod|niosv_debug_module:dm_inst|niosv_ram:niosv_dm_csr_mem_inst|altsyncram:ram_no_ecc.data_ram_inst|altsyncram_51v1:auto_generated|lutrama18~CLKMUX_0  to: niosv:u0|niosv_intel_niosv_m_0:intel_niosv_m_0|niosv_dm_top:dbg_mod|niosv_debug_module:dm_inst|niosv_ram:niosv_dm_csr_mem_inst|altsyncram:ram_no_ecc.data_ram_inst|altsyncram_51v1:auto_generated|lutrama18~MEMORYREGOUT
    Info (332098): From: niosv:u0|niosv_intel_niosv_m_0:intel_niosv_m_0|niosv_dm_top:dbg_mod|niosv_debug_module:dm_inst|niosv_ram:niosv_dm_csr_mem_inst|altsyncram:ram_no_ecc.data_ram_inst|altsyncram_51v1:auto_generated|lutrama19~CLKMUX_0  to: niosv:u0|niosv_intel_niosv_m_0:intel_niosv_m_0|niosv_dm_top:dbg_mod|niosv_debug_module:dm_inst|niosv_ram:niosv_dm_csr_mem_inst|altsyncram:ram_no_ecc.data_ram_inst|altsyncram_51v1:auto_generated|lutrama19~MEMORYREGOUT
    Info (332098): From: niosv:u0|niosv_intel_niosv_m_0:intel_niosv_m_0|niosv_dm_top:dbg_mod|niosv_debug_module:dm_inst|niosv_ram:niosv_dm_csr_mem_inst|altsyncram:ram_no_ecc.data_ram_inst|altsyncram_51v1:auto_generated|lutrama1~CLKMUX_0  to: niosv:u0|niosv_intel_niosv_m_0:intel_niosv_m_0|niosv_dm_top:dbg_mod|niosv_debug_module:dm_inst|niosv_ram:niosv_dm_csr_mem_inst|altsyncram:ram_no_ecc.data_ram_inst|altsyncram_51v1:auto_generated|lutrama1~MEMORYREGOUT
    Info (332098): From: niosv:u0|niosv_intel_niosv_m_0:intel_niosv_m_0|niosv_dm_top:dbg_mod|niosv_debug_module:dm_inst|niosv_ram:niosv_dm_csr_mem_inst|altsyncram:ram_no_ecc.data_ram_inst|altsyncram_51v1:auto_generated|lutrama20~CLKMUX_0  to: niosv:u0|niosv_intel_niosv_m_0:intel_niosv_m_0|niosv_dm_top:dbg_mod|niosv_debug_module:dm_inst|niosv_ram:niosv_dm_csr_mem_inst|altsyncram:ram_no_ecc.data_ram_inst|altsyncram_51v1:auto_generated|lutrama20~MEMORYREGOUT
    Info (332098): From: niosv:u0|niosv_intel_niosv_m_0:intel_niosv_m_0|niosv_dm_top:dbg_mod|niosv_debug_module:dm_inst|niosv_ram:niosv_dm_csr_mem_inst|altsyncram:ram_no_ecc.data_ram_inst|altsyncram_51v1:auto_generated|lutrama21~CLKMUX_0  to: niosv:u0|niosv_intel_niosv_m_0:intel_niosv_m_0|niosv_dm_top:dbg_mod|niosv_debug_module:dm_inst|niosv_ram:niosv_dm_csr_mem_inst|altsyncram:ram_no_ecc.data_ram_inst|altsyncram_51v1:auto_generated|lutrama21~MEMORYREGOUT
    Info (332098): From: niosv:u0|niosv_intel_niosv_m_0:intel_niosv_m_0|niosv_dm_top:dbg_mod|niosv_debug_module:dm_inst|niosv_ram:niosv_dm_csr_mem_inst|altsyncram:ram_no_ecc.data_ram_inst|altsyncram_51v1:auto_generated|lutrama22~CLKMUX_0  to: niosv:u0|niosv_intel_niosv_m_0:intel_niosv_m_0|niosv_dm_top:dbg_mod|niosv_debug_module:dm_inst|niosv_ram:niosv_dm_csr_mem_inst|altsyncram:ram_no_ecc.data_ram_inst|altsyncram_51v1:auto_generated|lutrama22~MEMORYREGOUT
    Info (332098): From: niosv:u0|niosv_intel_niosv_m_0:intel_niosv_m_0|niosv_dm_top:dbg_mod|niosv_debug_module:dm_inst|niosv_ram:niosv_dm_csr_mem_inst|altsyncram:ram_no_ecc.data_ram_inst|altsyncram_51v1:auto_generated|lutrama23~CLKMUX_0  to: niosv:u0|niosv_intel_niosv_m_0:intel_niosv_m_0|niosv_dm_top:dbg_mod|niosv_debug_module:dm_inst|niosv_ram:niosv_dm_csr_mem_inst|altsyncram:ram_no_ecc.data_ram_inst|altsyncram_51v1:auto_generated|lutrama23~MEMORYREGOUT
    Info (332098): From: niosv:u0|niosv_intel_niosv_m_0:intel_niosv_m_0|niosv_dm_top:dbg_mod|niosv_debug_module:dm_inst|niosv_ram:niosv_dm_csr_mem_inst|altsyncram:ram_no_ecc.data_ram_inst|altsyncram_51v1:auto_generated|lutrama24~CLKMUX_0  to: niosv:u0|niosv_intel_niosv_m_0:intel_niosv_m_0|niosv_dm_top:dbg_mod|niosv_debug_module:dm_inst|niosv_ram:niosv_dm_csr_mem_inst|altsyncram:ram_no_ecc.data_ram_inst|altsyncram_51v1:auto_generated|lutrama24~MEMORYREGOUT
    Info (332098): From: niosv:u0|niosv_intel_niosv_m_0:intel_niosv_m_0|niosv_dm_top:dbg_mod|niosv_debug_module:dm_inst|niosv_ram:niosv_dm_csr_mem_inst|altsyncram:ram_no_ecc.data_ram_inst|altsyncram_51v1:auto_generated|lutrama25~CLKMUX_0  to: niosv:u0|niosv_intel_niosv_m_0:intel_niosv_m_0|niosv_dm_top:dbg_mod|niosv_debug_module:dm_inst|niosv_ram:niosv_dm_csr_mem_inst|altsyncram:ram_no_ecc.data_ram_inst|altsyncram_51v1:auto_generated|lutrama25~MEMORYREGOUT
    Info (332098): From: niosv:u0|niosv_intel_niosv_m_0:intel_niosv_m_0|niosv_dm_top:dbg_mod|niosv_debug_module:dm_inst|niosv_ram:niosv_dm_csr_mem_inst|altsyncram:ram_no_ecc.data_ram_inst|altsyncram_51v1:auto_generated|lutrama26~CLKMUX_0  to: niosv:u0|niosv_intel_niosv_m_0:intel_niosv_m_0|niosv_dm_top:dbg_mod|niosv_debug_module:dm_inst|niosv_ram:niosv_dm_csr_mem_inst|altsyncram:ram_no_ecc.data_ram_inst|altsyncram_51v1:auto_generated|lutrama26~MEMORYREGOUT
    Info (332098): From: niosv:u0|niosv_intel_niosv_m_0:intel_niosv_m_0|niosv_dm_top:dbg_mod|niosv_debug_module:dm_inst|niosv_ram:niosv_dm_csr_mem_inst|altsyncram:ram_no_ecc.data_ram_inst|altsyncram_51v1:auto_generated|lutrama27~CLKMUX_0  to: niosv:u0|niosv_intel_niosv_m_0:intel_niosv_m_0|niosv_dm_top:dbg_mod|niosv_debug_module:dm_inst|niosv_ram:niosv_dm_csr_mem_inst|altsyncram:ram_no_ecc.data_ram_inst|altsyncram_51v1:auto_generated|lutrama27~MEMORYREGOUT
    Info (332098): From: niosv:u0|niosv_intel_niosv_m_0:intel_niosv_m_0|niosv_dm_top:dbg_mod|niosv_debug_module:dm_inst|niosv_ram:niosv_dm_csr_mem_inst|altsyncram:ram_no_ecc.data_ram_inst|altsyncram_51v1:auto_generated|lutrama28~CLKMUX_0  to: niosv:u0|niosv_intel_niosv_m_0:intel_niosv_m_0|niosv_dm_top:dbg_mod|niosv_debug_module:dm_inst|niosv_ram:niosv_dm_csr_mem_inst|altsyncram:ram_no_ecc.data_ram_inst|altsyncram_51v1:auto_generated|lutrama28~MEMORYREGOUT
    Info (332098): From: niosv:u0|niosv_intel_niosv_m_0:intel_niosv_m_0|niosv_dm_top:dbg_mod|niosv_debug_module:dm_inst|niosv_ram:niosv_dm_csr_mem_inst|altsyncram:ram_no_ecc.data_ram_inst|altsyncram_51v1:auto_generated|lutrama29~CLKMUX_0  to: niosv:u0|niosv_intel_niosv_m_0:intel_niosv_m_0|niosv_dm_top:dbg_mod|niosv_debug_module:dm_inst|niosv_ram:niosv_dm_csr_mem_inst|altsyncram:ram_no_ecc.data_ram_inst|altsyncram_51v1:auto_generated|lutrama29~MEMORYREGOUT
    Info (332098): From: niosv:u0|niosv_intel_niosv_m_0:intel_niosv_m_0|niosv_dm_top:dbg_mod|niosv_debug_module:dm_inst|niosv_ram:niosv_dm_csr_mem_inst|altsyncram:ram_no_ecc.data_ram_inst|altsyncram_51v1:auto_generated|lutrama2~CLKMUX_0  to: niosv:u0|niosv_intel_niosv_m_0:intel_niosv_m_0|niosv_dm_top:dbg_mod|niosv_debug_module:dm_inst|niosv_ram:niosv_dm_csr_mem_inst|altsyncram:ram_no_ecc.data_ram_inst|altsyncram_51v1:auto_generated|lutrama2~MEMORYREGOUT
    Info (332098): From: niosv:u0|niosv_intel_niosv_m_0:intel_niosv_m_0|niosv_dm_top:dbg_mod|niosv_debug_module:dm_inst|niosv_ram:niosv_dm_csr_mem_inst|altsyncram:ram_no_ecc.data_ram_inst|altsyncram_51v1:auto_generated|lutrama30~CLKMUX_0  to: niosv:u0|niosv_intel_niosv_m_0:intel_niosv_m_0|niosv_dm_top:dbg_mod|niosv_debug_module:dm_inst|niosv_ram:niosv_dm_csr_mem_inst|altsyncram:ram_no_ecc.data_ram_inst|altsyncram_51v1:auto_generated|lutrama30~MEMORYREGOUT
    Info (332098): From: niosv:u0|niosv_intel_niosv_m_0:intel_niosv_m_0|niosv_dm_top:dbg_mod|niosv_debug_module:dm_inst|niosv_ram:niosv_dm_csr_mem_inst|altsyncram:ram_no_ecc.data_ram_inst|altsyncram_51v1:auto_generated|lutrama31~CLKMUX_0  to: niosv:u0|niosv_intel_niosv_m_0:intel_niosv_m_0|niosv_dm_top:dbg_mod|niosv_debug_module:dm_inst|niosv_ram:niosv_dm_csr_mem_inst|altsyncram:ram_no_ecc.data_ram_inst|altsyncram_51v1:auto_generated|lutrama31~MEMORYREGOUT
    Info (332098): From: niosv:u0|niosv_intel_niosv_m_0:intel_niosv_m_0|niosv_dm_top:dbg_mod|niosv_debug_module:dm_inst|niosv_ram:niosv_dm_csr_mem_inst|altsyncram:ram_no_ecc.data_ram_inst|altsyncram_51v1:auto_generated|lutrama3~CLKMUX_0  to: niosv:u0|niosv_intel_niosv_m_0:intel_niosv_m_0|niosv_dm_top:dbg_mod|niosv_debug_module:dm_inst|niosv_ram:niosv_dm_csr_mem_inst|altsyncram:ram_no_ecc.data_ram_inst|altsyncram_51v1:auto_generated|lutrama3~MEMORYREGOUT
    Info (332098): From: niosv:u0|niosv_intel_niosv_m_0:intel_niosv_m_0|niosv_dm_top:dbg_mod|niosv_debug_module:dm_inst|niosv_ram:niosv_dm_csr_mem_inst|altsyncram:ram_no_ecc.data_ram_inst|altsyncram_51v1:auto_generated|lutrama4~CLKMUX_0  to: niosv:u0|niosv_intel_niosv_m_0:intel_niosv_m_0|niosv_dm_top:dbg_mod|niosv_debug_module:dm_inst|niosv_ram:niosv_dm_csr_mem_inst|altsyncram:ram_no_ecc.data_ram_inst|altsyncram_51v1:auto_generated|lutrama4~MEMORYREGOUT
    Info (332098): From: niosv:u0|niosv_intel_niosv_m_0:intel_niosv_m_0|niosv_dm_top:dbg_mod|niosv_debug_module:dm_inst|niosv_ram:niosv_dm_csr_mem_inst|altsyncram:ram_no_ecc.data_ram_inst|altsyncram_51v1:auto_generated|lutrama5~CLKMUX_0  to: niosv:u0|niosv_intel_niosv_m_0:intel_niosv_m_0|niosv_dm_top:dbg_mod|niosv_debug_module:dm_inst|niosv_ram:niosv_dm_csr_mem_inst|altsyncram:ram_no_ecc.data_ram_inst|altsyncram_51v1:auto_generated|lutrama5~MEMORYREGOUT
    Info (332098): From: niosv:u0|niosv_intel_niosv_m_0:intel_niosv_m_0|niosv_dm_top:dbg_mod|niosv_debug_module:dm_inst|niosv_ram:niosv_dm_csr_mem_inst|altsyncram:ram_no_ecc.data_ram_inst|altsyncram_51v1:auto_generated|lutrama6~CLKMUX_0  to: niosv:u0|niosv_intel_niosv_m_0:intel_niosv_m_0|niosv_dm_top:dbg_mod|niosv_debug_module:dm_inst|niosv_ram:niosv_dm_csr_mem_inst|altsyncram:ram_no_ecc.data_ram_inst|altsyncram_51v1:auto_generated|lutrama6~MEMORYREGOUT
    Info (332098): From: niosv:u0|niosv_intel_niosv_m_0:intel_niosv_m_0|niosv_dm_top:dbg_mod|niosv_debug_module:dm_inst|niosv_ram:niosv_dm_csr_mem_inst|altsyncram:ram_no_ecc.data_ram_inst|altsyncram_51v1:auto_generated|lutrama7~CLKMUX_0  to: niosv:u0|niosv_intel_niosv_m_0:intel_niosv_m_0|niosv_dm_top:dbg_mod|niosv_debug_module:dm_inst|niosv_ram:niosv_dm_csr_mem_inst|altsyncram:ram_no_ecc.data_ram_inst|altsyncram_51v1:auto_generated|lutrama7~MEMORYREGOUT
    Info (332098): From: niosv:u0|niosv_intel_niosv_m_0:intel_niosv_m_0|niosv_dm_top:dbg_mod|niosv_debug_module:dm_inst|niosv_ram:niosv_dm_csr_mem_inst|altsyncram:ram_no_ecc.data_ram_inst|altsyncram_51v1:auto_generated|lutrama8~CLKMUX_0  to: niosv:u0|niosv_intel_niosv_m_0:intel_niosv_m_0|niosv_dm_top:dbg_mod|niosv_debug_module:dm_inst|niosv_ram:niosv_dm_csr_mem_inst|altsyncram:ram_no_ecc.data_ram_inst|altsyncram_51v1:auto_generated|lutrama8~MEMORYREGOUT
    Info (332098): From: niosv:u0|niosv_intel_niosv_m_0:intel_niosv_m_0|niosv_dm_top:dbg_mod|niosv_debug_module:dm_inst|niosv_ram:niosv_dm_csr_mem_inst|altsyncram:ram_no_ecc.data_ram_inst|altsyncram_51v1:auto_generated|lutrama9~CLKMUX_0  to: niosv:u0|niosv_intel_niosv_m_0:intel_niosv_m_0|niosv_dm_top:dbg_mod|niosv_debug_module:dm_inst|niosv_ram:niosv_dm_csr_mem_inst|altsyncram:ram_no_ecc.data_ram_inst|altsyncram_51v1:auto_generated|lutrama9~MEMORYREGOUT
Info (332123): Deriving Clock Uncertainty. Please refer to report_sdc in the Timing Analyzer to see clock uncertainties.
Info (332146): Worst-case setup slack is 13.355
    Info (332119):     Slack       End Point TNS Clock 
    Info (332119): ========= =================== =====================
    Info (332119):    13.355               0.000 CLOCK_50 
    Info (332119):    13.488               0.000 altera_reserved_tck 
Info (332146): Worst-case hold slack is 0.027
    Info (332119):     Slack       End Point TNS Clock 
    Info (332119): ========= =================== =====================
    Info (332119):     0.027               0.000 altera_reserved_tck 
    Info (332119):     0.070               0.000 CLOCK_50 
Info (332146): Worst-case recovery slack is 16.372
    Info (332119):     Slack       End Point TNS Clock 
    Info (332119): ========= =================== =====================
    Info (332119):    16.372               0.000 CLOCK_50 
    Info (332119):    31.518               0.000 altera_reserved_tck 
Info (332146): Worst-case removal slack is 0.344
    Info (332119):     Slack       End Point TNS Clock 
    Info (332119): ========= =================== =====================
    Info (332119):     0.344               0.000 altera_reserved_tck 
    Info (332119):     0.499               0.000 CLOCK_50 
Info (332146): Worst-case minimum pulse width slack is 8.778
    Info (332119):     Slack       End Point TNS Clock 
    Info (332119): ========= =================== =====================
    Info (332119):     8.778               0.000 CLOCK_50 
    Info (332119):    15.258               0.000 altera_reserved_tck 
Info (332114): Report Metastability: Found 95 synchronizer chains.
    Info (332114): Worst-Case MTBF of Design is 1e+09 years or 3.15e+16 seconds.
    Info (332114): Typical MTBF of Design is 1e+09 years or 3.15e+16 seconds.

    Info (332114): Number of Synchronizer Chains Found: 95
    Info (332114): Shortest Synchronizer Chain: 2 Registers
    Info (332114): Fraction of Chains for which MTBFs Could Not be Calculated: 0.958
    Info (332114): Worst Case Available Settling Time: 38.457 ns
    Info (332114): 
    Info (332114): Worst-Case MTBF values are calculated based on the worst-case silicon characteristics, with worst-case operating conditions.
    Info (332114):   - Under worst-case conditions, an increase of 100ps in available settling time will increase MTBF values by a factor of 5.2
    Info (332114): Typical MTBF values are calculated based on the nominal silicon characteristics, at nominal operating conditions.
    Info (332114):   - Under typical conditions, an increase of 100ps in available settling time will increase MTBF values by a factor of 17.8
Info (332102): Design is not fully constrained for setup requirements
Info (332102): Design is not fully constrained for hold requirements
Info: Quartus Prime Timing Analyzer was successful. 0 errors, 2 warnings
    Info: Peak virtual memory: 5651 megabytes
    Info: Processing ended: Wed Jul  8 09:27:24 2026
    Info: Elapsed time: 00:00:13
    Info: Total CPU time (on all processors): 00:00:35


