:020000020000FC
:040000003740006F16
:0400010000000000FB
:0400020000000000FA
:0400030000000000F9
:0400040000000000F8
:0400050000000000F7
:0400060000000000F6
:0400070000000000F5
:04000800FC010113E3
:04000900001120239F
:04000A00005122235C
:04000B000061242349
:04000C000071262336
:04000D0000A1282303
:04000E0000B12A23F0
:04000F0000C12C23DD
:0400100000D12E23CA
:0400110002E12023C5
:0400120002F12223B2
:04001300030124239E
:04001400031126238B
:0400150003C12823D8
:0400160003D12A23C5
:0400170003E12C23B2
:0400180003F12E239F
:0400190034202573F7
:04001A00341025F386
:04001B0034302673E4
:04001C00194000EF98
:04001D003415107313
:04001E00000120833A
:04001F0000412283F7
:040020000081230335
:0400210000C1238374
:04002200018126032F
:0400230001C126836E
:0400240002012703AB
:0400250002412783EA
:040026000281280328
:0400270002C1288367
:0400280003012E039F
:0400290003412E83DE
:04002A0003812F031C
:04002B0003C12F835B
:04002C0001012503A6
:04002D0001412583E5
:04002E0004010113B5
:04002F00302000730A
:0400300034302673CF
:04003100140000EFC8
:0400320034151073FE
:04003300FADFF06F91
:04003400FD010113B6
:0400350002812623FB
:0400360003010413AB
:04003700FCA42E23D4
:04003800FE04262379
:04003900FEC4278357
:04003A000007851323
:04003B0002C12403D7
:04003C0003010113A8
:04003D0000008067D8
:04003E00FF010113AA
:04003F0000812623F3
:0400400001010413A3
:040041000010007338
:0400420000000013A7
:0400430000C12403D1
:0400440001010113A2
:0400450000008067D0
:04004600FD010113A4
:040047000211262359
:0400480002812423EA
:040049000301041398
:04004A00000000139F
:04004B00344027F323
:04004C00FEF420237B
:04004D00304027F325
:04004E00FEF4222377
:04004F00FE04270381
:04005000FE442783C0
:0400510000F777B38A
:040052000107D79338
:04005300FCF42A236C
:04005400FC042E2357
:0400550000100793FD
:04005600FCF42C2367
:04005700FD4427033A
:04005800FD84278379
:0400590000F777B382
:04005A0004078E63A6
:04005B00FB0187130B
:04005C00FDC4278335
:04005D00003797933E
:04005E0000F707B3ED
:04005F000007A703EC
:04006000FB01869387
:04006100FDC4278330
:040062000037979339
:0400630000F687B369
:040064000047A78327
:0400650000078513F8
:04006600000700E7A8
:040067000000001382
:04006800344027F306
:04006900FEF424235A
:04006A00304027F308
:04006B00FEF4262356
:04006C00FE842703E4
:04006D00FEC4278323
:04006E0000F777B36D
:04006F000107D7931B
:040070000200006F1B
:04007100FD84278360
:040072000017979349
:04007300FCF42C234A
:04007400FDC427831D
:040075000017879356
:04007600FCF42E2345
:04007700F81FF06F0F
:04007800FCF42A2347
:04007900FD44278398
:04007A00F60794E30E
:04007B00000000136E
:04007C00000000136D
:04007D0002C1208319
:04007E0002812403D4
:04007F000301011365
:040080000000806795
:04008100FD01011369
:04008200021126231E
:0400830002812423AF
:04008400030104135D
:04008500FCA42E2386
:04008600FCB42C2377
:04008700FCC42A2368
:04008800FDC4270389
:04008900800007B735
:04008A0000F777B351
:04008B00FEF4242338
:04008C00FDC4270385
:04008D00800007B731
:04008E00FFF787935E
:04008F0000F777B34C
:04009000FEF4262331
:04009100FE8427833F
:040092000807806378
:04009300FEC427037D
:04009400003007939E
:0400950002F70C63FF
:04009600FEC427037A
:04009700007007935B
:0400980004F71A63EC
:04009900F4C1A78384
:04009A0006078C6366
:04009B00000000134E
:04009C00F4C1A78381
:04009D00FD442603F5
:04009E00FD84258335
:04009F00FDC4250374
:0400A000000780E7EE
:0400A1000000001348
:0400A2000580006F66
:0400A300F481A783BA
:0400A40004078C635E
:0400A5000000001344
:0400A600F481A783B7
:0400A700FD442603EB
:0400A800FD8425832B
:0400A900FDC425036A
:0400AA00000780E7E4
:0400AB00000000133E
:0400AC000380006F5E
:0400AD00FEC4270363
:0400AE0000F00793C4
:0400AF0002E7FA6307
:0400B000E59FF0EFE9
:0400B10002C0006F1A
:0400B200FEC4250360
:0400B300E05FF0EF2B
:0400B40000050793A9
:0400B500020790634B
:0400B600E21FF0EF66
:0400B7000180006F55
:0400B8000000001331
:0400B9000100006FD3
:0400BA00000000132F
:0400BB000080006F52
:0400BC00000000132D
:0400BD00FD84278314
:0400BE00000785139F
:0400BF0002C12083D7
:0400C0000281240392
:0400C1000301011323
:0400C2000000806753
:0400C300FD01011327
:0400C40002112623DC
:0400C500028124236D
:0400C600030104131B
:0400C70000C00793DB
:0400C800FCF42E23F3
:0400C9000080079319
:0400CA00FEF42023FD
:0400CB000030079367
:0400CC00FEF42223F9
:0400CD00FDC4270344
:0400CE00FE04278382
:0400CF0000F707B37C
:0400D000000785930D
:0400D100FE442503C1
:0400D2007FC020EFDC
:0400D300000507938A
:0400D400FEF42423EF
:0400D500FE842783FB
:0400D600FEF42623EB
:0400D700000207B765
:0400D80004078793FF
:0400D900FEC4270337
:0400DA0000E7A02378
:0400DB00000000130E
:0400DC00FFDFF06FE3
:0400DD000000029786
:0400DE00CAC282937D
:0400DF003052907398
:0400E00008800293FF
:0400E1003002B073C6
:0400E2003040107327
:0400E3003440107322
:0400E4000000419740
:0400E500E48181939E
:0400E60000010117FD
:0400E700C6810113BA
:0400E80000004317BA
:0400E900D803031322
:0400EA000000439738
:0400EB0015038393E3
:0400EC0000032023CA
:0400ED0000430313B6
:0400EE00FE736CE34E
:0400EF000C8000EF92
:0400F00000003317C2
:0400F100F38303137F
:0400F2000000339740
:0400F300F3038393FD
:0400F40000737863BA
:0400F50000032023C1
:0400F60000430313AD
:0400F700FE736CE345
:0400F800000032973B
:0400F900F18282937B
:0400FA0000003317B8
:0400FB00F1030313F7
:0400FC000000339736
:0400FD00F083839376
:0400FE000062FC633D
:0400FF000002A483D4
:040100000093A023A5
:0401010000428293A3
:0401020000438393A0
:04010300FE62E8E3CD
:0401040000003217AE
:04010500EE82021371
:040106000EC000EF38
:040107000000006F85
:04010800FE010113E0
:0401090000812E2320
:04010A0002010413D7
:04010B00FEA4262305
:04010C00FEB42423F6
:04010D00FEC42223E7
:04010E00FE84270341
:04010F00FEC4278380
:0401100002F70A6385
:040111000240006F39
:04011200FEC42703FD
:040113000047079307
:04011400FEF42623AC
:04011500FE842783BA
:040116000047869385
:04011700FED42423CB
:0401180000072703B2
:0401190000E7A02338
:04011A00FE84270335
:04011B00FE442783F4
:04011C00FCF71CE3ED
:04011D0000000013CB
:04011E0001C12403F4
:04011F0002010113C5
:0401200000008067F4
:04012100FF010113C6
:04012200001126237F
:040123000081242310
:0401240001010413BE
:04012500000147B7D7
:04012600A0C78613D5
:04012700000137B7E5
:040128002F87859305
:04012900000147B7D3
:04012A00A0C78513D2
:04012B00F75FF0EF9B
:04012C00000107B710
:04012D0030C786133E
:04012E00000107B70E
:04012F0002078593AB
:04013000000107B70C
:040131000207851329
:04013200F59FF0EF56
:04013300000137B7D9
:040134002F87861378
:04013500000137B7D7
:040136002EC78593B8
:04013700000137B7D5
:040138002EC7851336
:04013900F3DFF0EF11
:04013A00114000EF81
:04013B001EC000EFF3
:04013C0000000013AC
:04013D0000C120835A
:04013E000081240315
:04013F0001010113A6
:0401400000008067D4
:04014100FE010113A7
:0401420000112E2357
:0401430000812C23E8
:04014400020104139D
:04014500000005139E
:0401460004C000EF02
:0401470000000013A1
:0401480007C000EFFD
:040149000F4000EF74
:04014A00000107B7F2
:04014B00678785132A
:04014C00740000EF4C
:04014D00F501A7030E
:04014E00F541A6834E
:04014F00F581A7830C
:04015000000786130B
:04015100000685938C
:04015200000705138A
:04015300DC1FF0EFCE
:04015400FEA42623BC
:04015500001005137E
:04015600074010EF5F
:04015700FEC42503BA
:04015800724000EF02
:04015900FE0101138F
:04015A0000112E233F
:04015B0000812C23D0
:04015C000201041385
:04015D00FEA42623B3
:04015E00368000EFF8
:04015F000080079382
:040160003007A07351
:040161000000001387
:040162000000001386
:0401630001C1208333
:0401640001812403EE
:04016500020101137F
:0401660000008067AE
:04016700FE01011381
:0401680000112E2331
:0401690000812C23C2
:04016A000201041377
:04016B003E80079338
:04016C00FEF4262354
:04016D00F601A7836D
:04016E00000798638B
:04016F00FEC42703A0
:04017000F6E1A023F1
:040171000080006F9B
:040172000000001376
:04017300000117B7B9
:04017400B487879332
:04017500FEF424234D
:04017600FE842703D9
:04017700F4E1A623E6
:040178000000001370
:04017900610000EF32
:04017A00000000136E
:04017B0001C120831B
:04017C0001812403D6
:04017D000201011367
:04017E000000806796
:04017F00FF01011368
:0401800000812623B1
:040181000101041361
:040182000000001366
:0401830000C1240390
:040184000101011361
:04018500000080678F
:04018600FE01011362
:0401870000112E2312
:0401880000812C23A3
:040189000201041358
:04018A00000137B782
:04018B002E878793A1
:04018C00FEF4262334
:04018D0001C0006F3E
:04018E00FEC4278301
:04018F000007A7833B
:04019000000780E7FD
:04019100FEC42783FE
:040192000047879308
:04019300FEF426232D
:04019400FEC427037B
:04019500000137B777
:040196002EC7879356
:04019700FCF76EE320
:040198000000001350
:04019900000000134F
:04019A0001C12083FC
:04019B0001812403B7
:04019C000201011348
:04019D000000806777
:04019E00FE0101134A
:04019F0000112E23FA
:0401A00000812C238B
:0401A1000201041340
:0401A200000137B76A
:0401A3002E87879389
:0401A400FEF426231C
:0401A50001C0006F26
:0401A600FEC42783E9
:0401A7000007A78323
:0401A800000780E7E5
:0401A900FEC42783E6
:0401AA00FFC7879371
:0401AB00FEF4262315
:0401AC00FEC4270363
:0401AD00000137B75F
:0401AE002EC787933E
:0401AF00FCF77EE3F8
:0401B0000000001338
:0401B1000000001337
:0401B20001C12083E4
:0401B300018124039F
:0401B4000201011330
:0401B500000080675F
:0401B600FF01011331
:0401B700008126237A
:0401B800010104132A
:0401B900000000132F
:0401BA0000C1240359
:0401BB00010101132A
:0401BC000000806758
:0401BD00FD0101132C
:0401BE000281262371
:0401BF000301041321
:0401C000FCA42E234A
:0401C1000080079320
:0401C2003007B7F358
:0401C300FEF42623FD
:0401C400FEC42783CB
:0401C500FEF4202301
:0401C600FDC42783CA
:0401C700FEF42423FB
:0401C800FE84278307
:0401C9000007A78301
:0401CA00FE84270385
:0401CB0000472703BF
:0401CC0000E7A22383
:0401CD00FE84278302
:0401CE000047A783BC
:0401CF00FE84270380
:0401D00000072703FA
:0401D10000E7A02380
:0401D200FE842783FD
:0401D300FE8427037C
:0401D40000E7A2237B
:0401D500FE842783FA
:0401D600FE84270379
:0401D70000E7A0237A
:0401D8000000001310
:0401D900FE04278376
:0401DA00FEF42223EA
:0401DB00FE44278334
:0401DC000087F7930E
:0401DD003007A073D4
:0401DE00000000130A
:0401DF000000001309
:0401E00002C1240331
:0401E1000301011302
:0401E2000000806732
:0401E300FE01011305
:0401E40000112E23B5
:0401E50000812C2346
:0401E60001212A23A6
:0401E7000131282397
:0401E80002010413F9
:0401E900000147B713
:0401EA009D878793D3
:0401EB000007A783DF
:0401EC00FEF42223D8
:0401ED00F681A703ED
:0401EE00F6C1A7832C
:0401EF0000100513E4
:0401F0000000059373
:0401F10000A706332A
:0401F20000060813E8
:0401F30000E83833B5
:0401F40000B786B317
:0401F50000D807B374
:0401F60000078693E5
:0401F70000060713E4
:0401F80000068793E3
:0401F900F6E1A42364
:0401FA00F6F1A62351
:0401FB000C40006F45
:0401FC00FE44278313
:0401FD000007A783CD
:0401FE00FEF42423C4
:0401FF00FE44278310
:040200000087A603CA
:0402010000C7A68309
:04020200F681A703D7
:04020300F6C1A78316
:040204000006851358
:0402050000078593D6
:0402060008A5E863FC
:040207000006851355
:0402080000078593D3
:0402090000B51863C1
:04020A000006069351
:04020B00000707934E
:04020C0006D7EC63C2
:04020D00FE44278301
:04020E000107A783BA
:04020F00FE4427037F
:040210000147270378
:0402110000070513CA
:04021200000780E77A
:04021300FEA42623FC
:04021400FEC427837A
:0402150000079863E3
:04021600FE4425037A
:04021700E99FF0EF7C
:040218000480006FEF
:04021900FE442783F5
:04021A000087A703AF
:04021B0000C7A783EE
:04021C00FEC4268373
:04021D00000689133B
:04021E000000099340
:04021F00012706337A
:04022000000605933C
:0402210000E5B5B38C
:04022200013786B367
:0402230000D587B3C8
:0402240000078693B6
:0402250000060713B5
:0402260000068793B4
:04022700FE442683E8
:0402280000E6A42325
:0402290000F6A62312
:04022A00FE842783A4
:04022B00FEF4222398
:04022C00FE44270362
:04022D00000147B7CE
:04022E009D8787938E
:04022F00F2F71AE3E5
:0402300000000013B7
:0402310000000013B6
:0402320001C1208363
:04023300018124031E
:040234000141290358
:040235000101298317
:0402360002010113AD
:0402370000008067DC
:04023800FF010113AE
:0402390000812623F7
:04023A0001010413A7
:04023B00FFF0079336
:04023C003047B07324
:04023D0000300793F3
:04023E003057B07312
:04023F0000000013A8
:0402400000C12403D2
:0402410001010113A3
:0402420000008067D1
:04024300FF010113A3
:04024400001126235C
:0402450000812423ED
:04024600010104139B
:040247000A4000EF7A
:040248000005071393
:040249000005879392
:04024A00F6E1A8230E
:04024B00F6F1AA23FB
:04024C000000079314
:04024D00000785130E
:04024E0000C1208348
:04024F000081240303
:040250000101011394
:0402510000008067C2
:04025200FF01011394
:04025300001126234D
:0402540000812423DE
:04025500010104138C
:04025600068000EF2F
:040257000005061385
:040258000005869384
:04025900F701A50301
:04025A00F741A58340
:04025B0040A607337F
:04025C00000708137C
:04025D00010638332B
:04025E0040B687B36C
:04025F00410786B31A
:04026000000687937A
:04026100000705137A
:040262000007859379
:0402630000C1208333
:0402640000812403EE
:04026500010101137F
:0402660000008067AD
:04026700FF0101137F
:0402680000812623C8
:040269000101041378
:04026A0002FAF7B7E6
:04026B000807879366
:04026C0000078513EF
:04026D0000C12403A5
:04026E000101011376
:04026F0000008067A4
:04027000FE01011377
:0402710000812E23B7
:04027200020104136E
:04027300000203374B
:04027400004303132D
:04027500000323035C
:04027600FE642423DB
:040277000002033747
:040278000003230359
:04027900FE642623D6
:04027A000002033744
:04027B000043031326
:04027C000003230355
:04027D00FE842E03CA
:04027E00FC6E1AE315
:04027F00FE842303D3
:04028000000308135C
:0402810000000893DE
:0402820000081793C6
:04028300000007135D
:04028400FEC4280389
:040285000008061354
:0402860000000693DB
:0402870000C7653314
:0402880000D7E5B303
:040289000005071352
:04028A000005879351
:04028B000007051350
:04028C00000785934F
:04028D0001C1240384
:04028E000201011355
:04028F000000806784
:04029000FD01011358
:04029100028126239D
:04029200030104134D
:04029300FCA42C2378
:04029400FCB42E2365
:04029500F14026F31B
:04029600FED4262349
:04029700FEC4260378
:04029800000046B765
:040299000016869332
:04029A0000D606B3D1
:04029B000036969300
:04029C00FED4242345
:04029D00FE84268332
:04029E0000468693FD
:04029F00FFF0061353
:0402A00000C6A023D1
:0402A100FD842603AF
:0402A200FE8426832D
:0402A30000C6A023CE
:0402A400FDC42683EC
:0402A5000006D71365
:0402A60000000793BA
:0402A700FE84268328
:0402A80000468693F3
:0402A90000070793B0
:0402AA0000F6A02397
:0402AB00000000133C
:0402AC0002C1240364
:0402AD000301011335
:0402AE000000806765
:0402AF00FE01011338
:0402B00000812E2378
:0402B100020104132F
:0402B200F140237381
:0402B300FE6426239C
:0402B400FEC42E0353
:0402B50000004337CB
:0402B600001303131B
:0402B700006E03339F
:0402B80000331313E9
:0402B900FE6420239C
:0402BA00FE04230318
:0402BB000003230316
:0402BC00FE64222397
:0402BD00FE04230315
:0402BE0000430313E3
:0402BF000003230312
:0402C000FE64242391
:0402C100FE84230391
:0402C200000308131A
:0402C300000008939C
:0402C4000008179384
:0402C500000007131B
:0402C600FE442803C7
:0402C7000008061312
:0402C8000000069399
:0402C90000C76533D2
:0402CA0000D7E5B3C1
:0402CB000005071310
:0402CC00000587930F
:0402CD00000705130E
:0402CE00000785930D
:0402CF0001C1240342
:0402D0000201011313
:0402D1000000806742
:0402D200FC01011317
:0402D30002112E23C3
:0402D40002812C2354
:0402D5000401041309
:0402D600FCA426233B
:0402D700FCB424232C
:0402D800FCC422231D
:0402D900E5DFF0EF7E
:0402DA00FEA4242337
:0402DB00FEB4262324
:0402DC00FE84270372
:0402DD00FEC42783B1
:0402DE000000C53720
:0402DF0035050513C9
:0402E0000000059382
:0402E10000A7063339
:0402E20000060813F7
:0402E30000E83833C4
:0402E40000B786B326
:0402E50000D807B383
:0402E60000078693F4
:0402E70000060713F3
:0402E80000068793F2
:0402E90000070513F2
:0402EA0000078593F1
:0402EB00E95FF0EFE8
:0402EC0000800793F4
:0402ED003007B7F32C
:0402EE00FEF42223D5
:0402EF00FE4427831F
:0402F000FCF42E23C9
:0402F100BC9FF0EFCF
:0402F200FDC427839D
:0402F300FEF42023D2
:0402F400FE0427835A
:0402F5000087F793F4
:0402F6003007A073BA
:0402F70000000013F0
:0402F80000000013EF
:0402F90003C120839A
:0402FA000381240355
:0402FB0004010113E6
:0402FC000000806717
:0402FD00FE010113EA
:0402FE0000112E239A
:0402FF0000812C232B
:0403000002010413DF
:04030100DBDFF0EF5F
:04030200FEA424230E
:04030300FEB42623FB
:04030400FE84270349
:04030500FEC4278388
:040306000000C537F7
:0403070035050513A0
:040308000000059359
:0403090000A7063310
:04030A0000060813CE
:04030B0000E838339B
:04030C0000B786B3FD
:04030D0000D807B35A
:04030E0000078693CB
:04030F0000060713CA
:0403100000068793C9
:0403110000070513C9
:0403120000078593C8
:04031300DF5FF0EFC9
:040314000800079343
:040315003047A0735A
:0403160000000013D0
:0403170000000013CF
:0403180001C120837C
:040319000181240337
:04031A0002010113C8
:04031B0000008067F7
:04031C000005059340
:04031D000000069343
:04031E0000000613C2
:04031F0000000513C2
:040320002390006FB7
:04032100FF010113C4
:04032200000005933F
:04032300008124230E
:04032400001126237B
:0403250000050413B8
:04032600305000EF64
:04032700F781A78330
:0403280000078463E3
:04032900000780E762
:04032A0000040513B3
:04032B00128020EF2D
:04032C000000261790
:04032D0064860613C9
:04032E00000025970F
:04032F008605859327
:04033000000025178D
:0403310064850513C7
:040332004680006F92
:0403330000452583D9
:04033400FF010113B1
:0403350000812423FC
:040336000011262369
:0403370003018793A4
:0403380000050413A5
:0403390000F58463E4
:04033A00031010EFAD
:04033B000084258392
:04033C000981879319
:04033D0000F58663DE
:04033E00000405139F
:04033F0001D010EFEA
:0403400000C425834D
:04034100100187938D
:0403420000F58C63D3
:04034300000405139A
:04034400008124030D
:0403450000C1208350
:04034600010101139D
:040347007FC0106FF4
:0403480000C120834D
:040349000081240308
:04034A000101011399
:04034B0000008067C7
:04034C000645A78338
:04034D000017F7930B
:04034E0000079863A9
:04034F0000C5D7838B
:040350002007F793F8
:0403510000078663B8
:04035200000005138F
:0403530000008067BF
:040354000585A50373
:04035500FF01011390
:040356000011262349
:04035700055000EF5E
:0403580000C120833D
:040359000000051388
:04035A000101011389
:04035B0000008067B7
:04035C000645A78328
:04035D000017F793FB
:04035E000007986399
:04035F0000C5D7837B
:040360002007F793E8
:0403610000078663A8
:04036200000005137F
:0403630000008067AF
:040364000585A50363
:04036500FF01011380
:040366000011262339
:0403670002D000EFD1
:0403680000C120832D
:040369000000051378
:04036A000101011379
:04036B0000008067A7
:04036C00FE0101137A
:04036D0000000797EE
:04036E00EFC78793BB
:04036F0000112E2328
:0403700000812C23B9
:0403710000912A23AA
:0403720003018413EC
:040373000121282319
:04037400013126230A
:0403750001412423FB
:0403760000800613EA
:0403770000000593EA
:04037800F6F1AC23CB
:0403790008C185131F
:04037A0000400793A5
:04037B0000F4262341
:04037C000004202336
:04037D000004222333
:04037E000004242330
:04037F00060422232B
:04038000000428232A
:0403810000042A2327
:0403820000042C2324
:040383007D0000EF0A
:0403840000000A1754
:040385003D4A0A13D0
:0403860000000997D3
:04038700430989930A
:040388000000091751
:040389004B09091300
:04038A0000000497D4
:04038B005204849301
:04038C00088185134C
:04038D0003442023E2
:04038E0003342223EF
:04038F0003242423FC
:04039000029426238A
:0403910000842E2393
:04039200758000EF83
:04039300000107B7A7
:0403940000878793C4
:0403950000800613CB
:0403960000000593CB
:040397000F4185137A
:0403980006F42A231A
:04039900060424230F
:04039A00060426230C
:04039B000604282309
:04039C000C04262304
:04039D0006042C2303
:04039E0006042E2300
:04039F00080420230B
:0403A00075C000EF35
:0403A10009818793B4
:0403A2000F018513AF
:0403A30008F4222315
:0403A40009442423C1
:0403A50009342623CE
:0403A60009242823DB
:0403A70008942A2369
:0403A800700000EFF2
:0403A900000207B790
:0403AA00012787930D
:0403AB0000800613B5
:0403AC0000000593B5
:0403AD0015C18513DE
:0403AE000CF42E23FA
:0403AF000C042823EF
:0403B0000C042A23EC
:0403B1000C042C23E9
:0403B20012042A23E4
:0403B3000E042023F1
:0403B4000E042223EE
:0403B5000E042423EB
:0403B600704000EFA4
:0403B7001001879317
:0403B8000F442823A3
:0403B9000F342A23B0
:0403BA000F242C23BD
:0403BB000E942E234B
:0403BC000EF42623F2
:0403BD000181240393
:0403BE0001C12083D6
:0403BF000141248351
:0403C000010129030B
:0403C10000C12983CB
:0403C20000812A0389
:0403C3001581851308
:0403C400020101131E
:0403C50068C0006F9D
:0403C600FE01011320
:0403C70001312623B7
:0403C8000005099390
:0403C900F9C18513DE
:0403CA0000112E23CD
:0403CB0000812C235E
:0403CC0000912A234F
:0403CD0001212823BF
:0403CE00678000EF55
:0403CF00F781A78388
:0403D000100780632F
:0403D10000002917E8
:0403D2003B49091387
:0403D300FFF00493A0
:0403D4000049278332
:0403D5000089240374
:0403D600FFF7879313
:0403D7000007D863E0
:0403D8000900006FA9
:0403D900068404137F
:0403DA000897846399
:0403DB0000C4170340
:0403DC00FFF787930D
:0403DD00FE0718E31C
:0403DE00FFFF07B75F
:0403DF0000178793E9
:0403E00000F42623DC
:0403E1000584051377
:0403E20006042223C8
:0403E300614000EF86
:0403E400F9C18513C3
:0403E500634000EF82
:0403E600008006137A
:0403E70000042023CB
:0403E80000042423C6
:0403E90000042223C7
:0403EA0000042823C0
:0403EB0000042A23BD
:0403EC0000042C23BA
:0403ED000000059374
:0403EE0005C405132A
:0403EF00620000EFB9
:0403F00002042823B8
:0403F10002042A23B5
:0403F20004042223BA
:0403F30004042423B7
:0403F40001C12083A0
:0403F50000040513E8
:0403F600018124035A
:0403F7000141248319
:0403F80001012903D3
:0403F90000C1298393
:0403FA0002010113E8
:0403FB000000806717
:0403FC0000092403CD
:0403FD00000406638F
:0403FE0000040913DB
:0403FF00F55FF06F47
:040400001AC0059386
:040401000009851356
:04040200539000EF24
:0404030000050413D9
:0404040002050C637E
:0404050000C5051316
:040406000040079318
:0404070000042023AA
:0404080000F42223B7
:0404090000A4242304
:04040A001A000613BB
:04040B000000059355
:04040C005AC000EFE3
:04040D00008920231F
:04040E0000040913CA
:04040F00F15FF06F3A
:04041000D71FF0EF13
:04041100F01FF06F79
:04041200000920239A
:04041300F9C1851393
:04041400578000EF1E
:0404150000C0079389
:0404160000F9A02326
:04041700F75FF06F2C
:04041800FF010113CC
:040419000081242317
:04041A0000050413C2
:04041B00F9C185138B
:04041C000011262382
:04041D0053C000EFD9
:04041E0003442783E9
:04041F0000079C63D3
:04042000000007973A
:04042100C4C7879332
:0404220002F42A2393
:04042300F781A78333
:0404240000078C63DE
:04042500008124032B
:0404260000C120836E
:04042700F9C185137F
:0404280001010113BA
:040429005240006FCE
:04042A00D09FF0EF80
:04042B000081240325
:04042C0000C1208368
:04042D00F9C1851379
:04042E0001010113B4
:04042F0050C0006F4A
:04043000F9C1851376
:040431004EC0006F4A
:04043200F9C1851374
:040433004FC0006F47
:04043400FF010113B0
:04043500F9C1851371
:040436000011262368
:040437004D4000EF45
:0404380000C120835C
:040439000000261782
:04043A00214606133E
:04043B000000059721
:04043C00C44585939B
:04043D0000000513A3
:04043E0001010113A4
:04043F000340006F07
:04044000FF010113A4
:04044100000026177A
:040442001F46061338
:040443000000059719
:04044400C645859391
:04044500000005139B
:040446000011262358
:04044700014000EF81
:0404480000C120834C
:04044900F9C185135D
:04044A000101011398
:04044B0049C0006F35
:04044C00FD0101139A
:04044D000321202344
:04044E0001312E2327
:04044F0001412C2318
:0404500001512A2309
:0404510001612823FA
:0404520001712623EB
:040453000211262349
:0404540002812423DA
:0404550002912223CB
:0404560000050B137F
:0404570000058B937E
:0404580000060A93FD
:0404590000000A1382
:04045A0000100993F2
:04045B00FFF0091392
:04045C00004AA4832B
:04045D00008AA4036A
:04045E00FFF4849390
:04045F000204C86368
:0404600000C45783FA
:0404610000F9FE633D
:0404620000E4178318
:0404630000040593F9
:04046400000B051371
:040465000127866382
:04046600000B80E720
:0404670000AA6A334A
:04046800FFF4849386
:0404690006840413EE
:04046A00FD249CE3EE
:04046B00000AAA8356
:04046C00FC0A90E313
:04046D0002C1208325
:04046E0002812403E0
:04046F00024124839F
:040470000201290359
:0404710001C1298319
:0404720001412A8397
:0404730001012B0355
:0404740000C12B8315
:04047500000A051361
:0404760001812A03D3
:040477000301011369
:040478000000806799
:04047900FF0101136B
:04047A0000812423B6
:04047B0000058413E1
:04047C0000E595837F
:04047D000011262321
:04047E002EC000EF9D
:04047F0002054063CF
:0404800005042783C5
:0404810000C1208313
:0404820000A787B395
:0404830004F4282332
:0404840000812403CC
:04048500010101135D
:04048600000080678B
:0404870000C45783D3
:04048800FFFFF73744
:04048900FFF707135F
:04048A0000E7F7B3DD
:04048B0000C1208309
:04048C0000F416233F
:04048D0000812403C3
:04048E000101011354
:04048F000000806782
:040490000000051350
:040491000000806780
:0404920000C5978387
:04049300FE01011352
:0404940000812C2394
:0404950000912A2385
:0404960001212823F5
:0404970001312623E6
:0404980000112E23FE
:040499001007F7133E
:04049A0000058413C2
:04049B0000050493C1
:04049C00000609133A
:04049D000006899339
:04049E0004071063DC
:04049F00FFFFF7372D
:0404A000FFF7071348
:0404A10000E7F7B3C6
:0404A20000E41583DA
:0404A30000F4162328
:0404A40001812403AB
:0404A50001C12083EE
:0404A6000009869330
:0404A700000906132F
:0404A80000C12983E3
:0404A9000101290321
:0404AA0000048513B2
:0404AB000141248364
:0404AC000201011335
:0404AD0028C0006FF4
:0404AE0000E595834D
:0404AF000020069390
:0404B000000006132F
:0404B1001C4000EFFC
:0404B20000C41783E8
:0404B300FB1FF06FCC
:0404B400FF01011330
:0404B500008124237B
:0404B60000058413A6
:0404B70000E5958344
:0404B80000112623E6
:0404B9001A4000EFF6
:0404BA00FFF00793B5
:0404BB0002F50863DB
:0404BC0000C457839E
:0404BD0000001737ED
:0404BE0000C12083D6
:0404BF0000E7E7B3B8
:0404C0000107979306
:0404C1004107D79385
:0404C20004A4282343
:0404C30000F4162308
:0404C400008124038C
:0404C500010101131D
:0404C600000080674B
:0404C70000C4578393
:0404C800FFFFF73704
:0404C900FFF707131F
:0404CA0000E7F7B39D
:0404CB0001079793FB
:0404CC004107D7937A
:0404CD0000C12083C7
:0404CE0000F41623FD
:0404CF000081240381
:0404D0000101011312
:0404D1000000806740
:0404D20000E5958329
:0404D3000040006F76
:0404D400FF01011310
:0404D500008124235B
:0404D6000005041306
:0404D7000005851384
:0404D800F601AE2358
:0404D90000112623C5
:0404DA00041010EF0B
:0404DB00FFF0079394
:0404DC0000F50A63BA
:0404DD0000C12083B7
:0404DE000081240372
:0404DF000101011303
:0404E0000000806731
:0404E100F7C1A78335
:0404E200FE0786E3A8
:0404E30000C12083B1
:0404E40000F42023DD
:0404E500008124036B
:0404E60001010113FC
:0404E700000080672A
:0404E8000000279752
:0404E9006407A7837A
:0404EA000CA78E636A
:0404EB00044525831C
:0404EC00FE010113F9
:0404ED0000912A232D
:0404EE0000112E23A8
:0404EF0000812C2339
:0404F000000504936C
:0404F1000405886313
:0404F2000121282399
:0404F300013126238A
:0404F40000000913E8
:0404F500080009935F
:0404F600012587B3A2
:0404F7000007A40353
:0404F80000040E638B
:0404F9000004059363
:0404FA0000042403D3
:0404FB000004851361
:0404FC0064C000EFE9
:0404FD00FE0418E3FE
:0404FE000444A5838A
:0404FF000049091394
:04050000FD391CE3C2
:04050100000485135A
:04050200634000EF63
:0405030001012903C6
:0405040000C1298386
:040505000384A58343
:040506000005866303
:040507000004851354
:0405080061C000EFDF
:040509000404A4033F
:04050A0000040C637A
:04050B000004059350
:04050C0000042403C0
:04050D00000485134E
:04050E00604000EF5A
:04050F00FE0418E3EB
:0405100004C4A583F7
:0405110000058663F8
:040512000004851349
:040513005F0000EF96
:040514000344A78372
:0405150000078E63EA
:040516000181240338
:0405170001C120837B
:040518000004851343
:0405190001412483F5
:04051A0002010113C6
:04051B0000078067EE
:04051C0001C1208376
:04051D000181240331
:04051E0001412483F0
:04051F0002010113C1
:0405200000008067F0
:0405210000008067EF
:04052200FF010113C1
:040523000005871335
:04052400008124230B
:040525000006059334
:0405260000050413B5
:040527000006861331
:0405280000070513B0
:04052900F601AE2306
:04052A000011262373
:04052B001A9010EF23
:04052C00FFF0079342
:04052D0000F50A6368
:04052E0000C1208365
:04052F000081240320
:0405300001010113B1
:0405310000008067DF
:04053200F7C1A783E3
:04053300FE0786E356
:0405340000C120835F
:0405350000F420238B
:040536000081240319
:0405370001010113AA
:0405380000008067D8
:04053900FF010113AA
:04053A00000587131E
:04053B0000812423F4
:04053C00000605931D
:04053D00000504139E
:04053E00000686131A
:04053F000007051399
:04054000F601AE23EF
:04054100001126235C
:0405420026D010EFC0
:04054300FFF007932B
:0405440000F50A6351
:0405450000C120834E
:040546000081240309
:04054700010101139A
:0405480000008067C8
:04054900F7C1A783CC
:04054A00FE0786E33F
:04054B0000C1208348
:04054C0000F4202374
:04054D000081240302
:04054E000101011393
:04054F0000008067C1
:04055000FF01011393
:040551000005871307
:0405520000812423DD
:040553000006059306
:040554000005041387
:040555000006861303
:040556000007051382
:04055700F601AE23D8
:040558000011262345
:04055900481010EF47
:04055A00FFF0079314
:04055B0000F50A633A
:04055C0000C1208337
:04055D0000812403F2
:04055E000101011383
:04055F0000008067B1
:04056000F7C1A783B5
:04056100FE0786E328
:0405620000C1208331
:0405630000F420235D
:0405640000812403EB
:04056500010101137C
:0405660000008067AA
:0405670000008067A9
:0405680000008067A8
:0405690000008067A7
:04056A0000008067A6
:04056B0000008067A5
:04056C0000008067A4
:04056D000010051362
:04056E0000008067A2
:04056F000010051360
:0405700000008067A0
:04057100000080679F
:04057200000080679E
:0405730000050593E7
:040574000000251747
:040575004105250314
:04057600D79FF06FAC
:0405770000F003137A
:040578000005071360
:0405790002C37E63D8
:04057A0000F777937C
:04057B000A07906378
:04057C000805926379
:04057D00FF0676936C
:04057E0000F67613FA
:04057F0000E686B359
:0405800000B720237D
:0405810000B722237A
:0405820000B7242377
:0405830000B7262374
:040584000107071351
:04058500FED766E354
:0405860000061463F4
:040587000000806789
:0405880040C306B3B3
:04058900002696931F
:04058A0000000297D4
:04058B00005686B3DD
:04058C0000C68067BE
:04058D0000B7072389
:04058E0000B706A309
:04058F0000B7062388
:0405900000B705A308
:0405910000B7052387
:0405920000B704A307
:0405930000B7042386
:0405940000B703A306
:0405950000B7032385
:0405960000B702A305
:0405970000B7022384
:0405980000B701A304
:0405990000B7012383
:04059A0000B700A303
:04059B0000B7002382
:04059C000000806774
:04059D000FF5F593CE
:04059E0000859693AB
:04059F0000D5E5B3EB
:0405A0000105969328
:0405A10000D5E5B3E9
:0405A200F6DFF06F21
:0405A3000027969304
:0405A40000000297BA
:0405A500005686B3C3
:0405A600000082933C
:0405A700FA0680E7E9
:0405A800000280933A
:0405A900FF0787932E
:0405AA0040F70733DC
:0405AB0000F606331D
:0405AC00F6C378E337
:0405AD00F3DFF06F19
:0405AE00FE01011336
:0405AF0001212823DB
:0405B00080C189136A
:0405B10000812C2376
:0405B2000005041329
:0405B3000009250313
:0405B40000912A2365
:0405B50001312623C7
:0405B60001412423B8
:0405B70000112E23DE
:0405B8000005849323
:0405B90000060A131B
:0405BA00000689931B
:0405BB00EC5FF0EF12
:0405BC00FA018713A6
:0405BD000007278389
:0405BE000807866341
:0405BF000047A70347
:0405C00001F00593AE
:0405C1000009250305
:0405C20008E5C46321
:0405C3000027159365
:0405C40002041E63AC
:0405C5000017071301
:0405C60000E7A22385
:0405C70000B787B33F
:0405C8000097A423D1
:0405C900EA5FF0EF06
:0405CA000000051315
:0405CB0001C12083C7
:0405CC000181240382
:0405CD000141248341
:0405CE0001012903FB
:0405CF0000C12983BB
:0405D00000812A0379
:0405D100020101130F
:0405D200000080673E
:0405D30000B78833B2
:0405D400094824238B
:0405D5001887A6835A
:0405D60000100613F8
:0405D70000E61633F1
:0405D80000C6E6B3C0
:0405D90018D7A42368
:0405DA00113824238D
:0405DB000020069363
:0405DC00FAD412E358
:0405DD0018C7A68312
:0405DE0000C6E6B3BA
:0405DF0018D7A62360
:0405E000F95FF06F60
:0405E1001681879365
:0405E20000F72023DB
:0405E300F71FF06F9F
:0405E400E39FF0EFB2
:0405E500FFF005130B
:0405E600F95FF06F5A
:0405E700FD010113FE
:0405E8000171262354
:0405E90080C18B93AF
:0405EA000161282360
:0405EB0000050B13E9
:0405EC00000BA50358
:0405ED0001412C2379
:0405EE00FA018A1371
:0405EF0003212023A1
:0405F000018124233E
:0405F10002112623AA
:0405F20000058C1361
:0405F300DE5FF0EFE8
:0405F400000A2903CD
:0405F50008090C6382
:0405F60001312E237E
:0405F70001512A2361
:0405F8000281242335
:0405F9000291222326
:0405FA000191222326
:0405FB00FFF0099371
:0405FC0000100A934E
:0405FD00004924830A
:0405FE00FFF484136F
:0405FF0004044E633F
:0406000000249493AB
:04060100009904B3A5
:04060200080C146369
:040603000049278300
:040604000044A68385
:04060500FFF78793E1
:040606000C8780637A
:040607000004A22326
:0406080002068663FD
:0406090018892783A2
:04060A00008A973398
:04060B0000492C83F3
:04060C0000F777B3C9
:04060D0006079A63DF
:04060E00000680E77B
:04060F000049270374
:04061000000A278332
:0406110009971463CE
:0406120009279263BF
:04061300FFF40413D9
:04061400FFC4849308
:04061500FB341AE3B5
:040616000281240336
:0406170002412483F5
:0406180001C1298370
:0406190001412A83EE
:04061A0000412C83EC
:04061B00000BA50328
:04061C0002C1208374
:04061D0002012903AA
:04061E0001812A0329
:04061F0001012B03A7
:0406200000C12B8367
:0406210000812C0325
:0406220003010113BC
:04062300D3DFF06FC2
:040624001044A78354
:04062500F7878CE3E4
:04062600FFF40413C6
:04062700FFC48493F5
:04062800FF3418E3A0
:04062900FB5FF06F14
:04062A0018C9278341
:04062B000844A58357
:04062C0000F7773329
:04062D000207166347
:04062E00000B0513A5
:04062F00000680E75A
:040630000049270353
:04063100000A278311
:04063200F99700E351
:04063300F80786E35B
:04063400000789131F
:04063500F21FF06F51
:0406360000892223F2
:04063700F45FF06F0D
:040638000005851321
:04063900000680E750
:04063A00F55FF06F09
:04063B000000079321
:04063C0000078863C8
:04063D00000015178D
:04063E001F4505133C
:04063F00B74FF06F52
:0406400000008067CF
:04064100FE010113A2
:0406420000812C23E4
:0406430000912A23D5
:040644000121282345
:040645000131262336
:040646000141242327
:04064700000589938E
:0406480000112E234C
:04064900000509138C
:04064A0000002A176B
:04064B00B00A0A13D4
:04064C003D9000EFEE
:04064D00008A2703F5
:04064E00000017B7DA
:04064F00FEF7879398
:0406500000472483B8
:040651000000173757
:04065200FFC4F4935A
:0406530000F48433F8
:0406540041340433F6
:0406550000C4541376
:04065600FFF4041396
:0406570000C41413B4
:0406580000E44E6309
:040659000000059305
:04065A00000905137B
:04065B0012C010EFCA
:04065C00008A278366
:04065D00009787B3C8
:04065E0002F5086336
:04065F000009051376
:04066000391000EF5E
:0406610001C1208330
:0406620001812403EB
:0406630001412483AA
:040664000101290364
:0406650000C1298324
:0406660000812A03E2
:040667000000051377
:040668000201011377
:0406690000008067A6
:04066A00408005B314
:04066B00000905136A
:04066C000E8010EFFD
:04066D00FFF0079300
:04066E0004F5086324
:04066F002F8187133D
:0406700000072783D5
:04067100008A268352
:04067200408484B389
:040673000014E493F8
:04067400408787B381
:040675000009051360
:040676000096A22325
:0406770000F7202345
:04067800331000EF4C
:0406790001C1208318
:04067A0001812403D3
:04067B000141248392
:04067C00010129034C
:04067D0000C129830C
:04067E0000812A03CA
:04067F00001005134F
:04068000020101135F
:04068100000080678E
:0406820000000593DC
:040683000009051352
:04068400088010EFEB
:04068500008A2703BD
:0406860000F00693E7
:0406870040E507B390
:04068800F4F6DEE3C3
:040689008101A683C2
:04068A0040D505331F
:04068B000017E793DA
:04068C002EA1AC23CC
:04068D0000F722232D
:04068E00F45FF06FB6
:04068F001805826365
:04069000FF01011352
:04069100008124239D
:04069200009122238E
:0406930000058413C7
:0406940000050493C6
:040695000011262307
:040696002B1000EF36
:04069700FFC42583F4
:04069800FF840713C1
:040699000000251721
:04069A009C45051363
:04069B00FFE5F793ED
:04069C0000F706332A
:04069D00004626836A
:04069E0000852803A8
:04069F00FFC6F69309
:0406A0001AC802630F
:0406A10000D622233A
:0406A2000015F593B7
:0406A30000D6083342
:0406A4000A05906350
:0406A500FF842303A8
:0406A6000048258360
:0406A7000000289790
:0406A8009948889352
:0406A900406707336C
:0406AA00008728039A
:0406AB00006787B3AA
:0406AC000015F593AD
:0406AD0015180263B7
:0406AE0000C723035B
:0406AF000068262396
:0406B00001032423FB
:0406B1001A0586633D
:0406B2000017E693B4
:0406B30000D7222327
:0406B40000F6202309
:0406B5001FF0069399
:0406B60006F6EC63F5
:0406B700FF87F69330
:0406B800008686939F
:0406B9000045258350
:0406BA0000D506B3AE
:0406BB000006A6038C
:0406BC000057D813F8
:0406BD00001007938F
:0406BE00010797B3E6
:0406BF0000B7E7B3E6
:0406C000FF86859399
:0406C10000B7262335
:0406C20000C7242326
:0406C30000F52223F9
:0406C40000E6A02389
:0406C50000E6262302
:0406C6000081240388
:0406C70000C12083CB
:0406C8000004851392
:0406C9000041248345
:0406CA000101011316
:0406CB001E50006F4E
:0406CC00004825833A
:0406CD000015F5938C
:0406CE000805866332
:0406CF000017E69397
:0406D000FED42E2303
:0406D10000F62023EC
:0406D2001FF006937C
:0406D300F8F6F8E35A
:0406D4000097D69322
:0406D50000400613C8
:0406D60012D6606375
:0406D7000067D6934F
:0406D800039685936D
:0406D90003868613FB
:0406DA0000359593BF
:0406DB0000B505B3AE
:0406DC000005A683EC
:0406DD00FF8585937D
:0406DE0000D5986348
:0406DF001540006F53
:0406E0000086A68367
:0406E10000D5886355
:0406E2000046A60325
:0406E300FFC67613C5
:0406E400FEC7E8E382
:0406E50000C6A58323
:0406E60000B7262310
:0406E70000D72423F1
:0406E8000081240366
:0406E90000C12083A9
:0406EA0000E5A42360
:0406EB00000485136F
:0406EC000041248322
:0406ED0000E6A6235A
:0406EE0001010113F2
:0406EF001550006F33
:0406F000000080671F
:0406F10000D787B3F4
:0406F2000000289745
:0406F30086888893DA
:0406F40000862683D3
:0406F5000D168C63EF
:0406F60000C628030F
:0406F7000017E59370
:0406F80000F70633CE
:0406F9000106A6232D
:0406FA0000D82423DD
:0406FB0000B72223FF
:0406FC0000F62023C1
:0406FD00EE1FF06F8D
:0406FE0012059C63E2
:0406FF0000862583C9
:0407000000C6260306
:0407010000F686B3C5
:040702000016E79363
:0407030000C5A62364
:0407040000B62423F4
:0407050000F72223B4
:0407060000D70733DE
:0407070000D72023D4
:04070800EF9FF06F00
:040709000015F5934F
:04070A0000D786B3DB
:04070B0002059063F0
:04070C00FF842583BE
:04070D0040B70733B7
:04070E0000C7278376
:04070F000087260336
:0407100000B686B3F6
:0407110000F62623A5
:0407120000C7A42355
:040713000016E79352
:0407140000F72223A5
:0407150000E52423B4
:040716008141A783F3
:04071700EAF6EEE32D
:04071800FAC1A583FA
:040719000004851340
:04071A00C9DFF0EF54
:04071B00EADFF06FB2
:04071C0000D787B3C8
:04071D00F5DFF06FA5
:04071E00014006137D
:04071F0002D670632B
:040720000540061377
:0407210006D6646331
:0407220000C7D693A3
:0407230006F68593BE
:0407240006E686134C
:040725000035959373
:04072600ED5FF06F24
:0407270005C68593EB
:0407280005B6861379
:04072900003595936F
:04072A00EC5FF06F21
:04072B0000E52A2398
:04072C0000E5282399
:04072D000017E69338
:04072E000117262366
:04072F000117242367
:0407300000D72223A9
:0407310000F7073393
:0407320000F7202389
:04073300E4DFF06FA0
:040734000045280351
:0407350040265613F1
:040736000010079315
:0407370000C797B3AD
:040738000107E7B31B
:0407390000F5222382
:04073A00EB1FF06F52
:04073B00154006134C
:04073C0000D66C6314
:04073D0000F7D69358
:04073E000786859312
:04073F0007768613A0
:040740000035959358
:04074100E69FF06FD0
:040742005540061305
:0407430000D66C630D
:040744000127D69320
:0407450007D68593BB
:0407460007C6861349
:040747000035959351
:04074800E4DFF06F8B
:040749003F80059355
:04074A0007E00613AB
:04074B00E41FF06F48
:04074C000017E69319
:04074D0000D722238C
:04074E0000F620236E
:04074F00DDDFF06F8B
:04075000FD01011393
:04075100032120233D
:040752000211262347
:0407530002812423D8
:0407540002912223C9
:0407550001312E231D
:0407560000B58793D0
:040757000160071323
:04075800000509137C
:0407590008F76263D8
:04075A000100079300
:04075B0020B7E6637A
:04075C00798000EFB1
:04075D00018007937D
:04075E0000200593DF
:04075F0001000493FE
:0407600000001997E5
:040761006A89899385
:0407620000F987B360
:040763000047A403A4
:04076400FF87871371
:0407650034E40A630B
:0407660000442783A1
:0407670000C4268321
:0407680000842603E0
:04076900FFC7F7933C
:04076A0000F407B3DD
:04076B000047A70399
:04076C0000D626236A
:04076D0000C6A423FB
:04076E0000176713F6
:04076F000009051365
:0407700000E7A223D9
:0407710074C000EF61
:0407720000840513E7
:0407730002C120831C
:0407740002812403D7
:040775000241248396
:040776000201290350
:0407770001C1298310
:040778000301011365
:040779000000806795
:04077A00FF87F4936E
:04077B001807C66332
:04077C0018B4E46366
:04077D00714000EFD8
:04077E001F7007934E
:04077F004097F0634C
:040780000094D79377
:040781001807826370
:040782000040071319
:0407830034F766637E
:040784000064D793A3
:0407850003978593BE
:04078600038788134A
:040787000035961390
:0407880000001997BD
:040789006089899367
:04078A0000C98633E9
:04078B0000462403FD
:04078C00FF860613CB
:04078D000286086375
:04078E0000F005135F
:04078F000140006FB6
:0407900000C42683F8
:0407910028075E6374
:0407920000D60E631C
:0407930000068413C5
:040794000044278373
:04079500FFC7F79310
:0407960040978733CE
:04079700FEE552E346
:0407980000080593BD
:040799000109A403AB
:04079A0000001897AC
:04079B005C8888935B
:04079C0027140463B7
:04079D00004427836A
:04079E0000F00693CE
:04079F00FFC7F79306
:0407A00040978733C4
:0407A10038E6C26311
:0407A2000119AA236C
:0407A3000119A8236D
:0407A400340756635D
:0407A5001FF0071327
:0407A6000049A5035E
:0407A70024F76E6362
:0407A800FF87F713BD
:0407A90000870713AB
:0407AA0000E98733A8
:0407AB00000726839A
:0407AC000057D61309
:0407AD00001007939E
:0407AE0000C797B336
:0407AF0000F56533B9
:0407B000FF87079325
:0407B10000F4262307
:0407B20000D4242328
:0407B30000A9A223D4
:0407B4000087202377
:0407B5000086A623F1
:0407B6004025D79370
:0407B7000010061315
:0407B80000F61633FE
:0407B9000AC56A63A0
:0407BA0000A677B36B
:0407BB00020794633A
:0407BC0000161613FA
:0407BD00FFC5F593EC
:0407BE0000A677B367
:0407BF0000458593D9
:0407C00000079A6331
:0407C10000161613F5
:0407C20000A677B363
:0407C30000458593D5
:0407C400FE078AE3BF
:0407C50000F0081325
:0407C6000035931354
:0407C700006983330F
:0407C8000003051312
:0407C90000C52783BD
:0407CA0000058E1385
:0407CB0024F50863A6
:0407CC000047A70338
:0407CD00000784138A
:0407CE0000C7A78336
:0407CF00FFC77713D6
:0407D000409706B395
:0407D10024D848637D
:0407D200FE06C2E37A
:0407D30000E4073304
:0407D4000047268331
:0407D5000084260373
:0407D60000090513FE
:0407D7000016E6938F
:0407D80000D7222301
:0407D90000F62623DD
:0407DA0000C7A4238D
:0407DB005A4000EF91
:0407DC00008405137D
:0407DD00E59FF06F35
:0407DE0000C00793BD
:0407DF0000F92023DA
:0407E00000000513FD
:0407E100E49FF06F32
:0407E20020000613DA
:0407E3000400059376
:0407E40003F0081303
:0407E500E8DFF06FEA
:0407E6000089A403DF
:0407E7000161282361
:0407E800004427831F
:0407E900FFC7FB1338
:0407EA00009B6863A5
:0407EB00409B0733F5
:0407EC0000F007937F
:0407ED000EE7C063F0
:0407EE000191222330
:0407EF0081018C9365
:0407F000000CA7034F
:0407F10001412C2373
:0407F20001512A2364
:0407F3000171262347
:0407F400FAC1AA8319
:0407F500FFF0079377
:0407F60001640A335D
:0407F70001548AB36C
:0407F8003CF70A635D
:0407F900000017B72E
:0407FA0000F78793EA
:0407FB0000FA8AB3C3
:0407FC00FFFFF7B74D
:0407FD0000FAFAB351
:0407FE00000A8593D5
:0407FF0000090513D5
:04080000299000EF4C
:04080100FFF007936A
:0408020000050B934F
:0408030044F50E6347
:040804000181242327
:0408050025456263C0
:040806002F818C139F
:04080700000C258339
:0408080000BA85B3FA
:0408090000BC2023EC
:04080A00000587134B
:04080B002AAA1A6398
:04080C0001451793F8
:04080D002A079663BD
:04080E000089AB832F
:04080F00015B07B3CF
:040810000017E79353
:0408110000FBA22323
:04081200FA818713CD
:040813000007268331
:0408140000B6F463D3
:0408150000B72023E5
:04081600FA41871309
:04081700000726832D
:0408180000B6F463CF
:0408190000B72023E1
:04081A0000812C032A
:04081B00000B841337
:04081C00FFC7F79388
:04081D004097873346
:04081E003897EA63BA
:04081F0000F007934B
:0408200038E7D6637C
:0408210001812A0324
:0408220001412A83E3
:0408230000C12B8362
:0408240000412C83E0
:040825000014E79341
:0408260000F4222395
:04082700009404B382
:040828000099A4236C
:04082900001767133A
:04082A0000090513A9
:04082B0000E4A22320
:04082C00460000EF93
:04082D0002C1208361
:04082E00008405132A
:04082F00028124031B
:0408300001012B0394
:0408310002412483D9
:040832000201290393
:0408330001C1298353
:0408340003010113A8
:0408350000008067D8
:040836000049A503CD
:04083700DFDFF06FA0
:04083800008426030F
:04083900CC5FF06F31
:04083A0000C7A4034C
:04083B00002585937C
:04083C00D6878AE3EE
:04083D00CA5FF06F2F
:04083E000097D71335
:04083F0000400693DC
:0408400014E6F26365
:0408410001400693D9
:0408420032E6E46353
:0408430005C70613CC
:0408440005B706935B
:040845000036161350
:0408460000C986332C
:04084700000627037D
:04084800FF8606130E
:0408490000E618634A
:04084A002940006FD2
:04084B0000872703F8
:04084C0000E6086357
:04084D0000472683B7
:04084E00FFC6F69358
:04084F00FED7E8E305
:0408500000C72603B4
:0408510000C4262396
:0408520000E4242377
:0408530000862423D4
:0408540000872623D0
:04085500D85FF06F09
:040856000140071343
:0408570010F77863BB
:04085800054007133D
:040859002EF76463AF
:04085A0000C4D7936C
:04085B0006F7859384
:04085C0006E7881310
:04085D0000359613B9
:04085E00CA9FF06FCE
:04085F00001E0E1356
:04086000003E77934C
:0408610000850513F6
:040862001007806398
:0408630000C5278322
:04086400D9DFF06F79
:0408650000842603E2
:040866000014E59302
:0408670000B4222394
:0408680000F626234D
:0408690000C7A423FD
:04086A00009404B33F
:04086B000099AA2323
:04086C000099A82324
:04086D000016E793F7
:04086E000114A623A8
:04086F000114A423A9
:0408700000F4A223CB
:0408710000E4073365
:040872000009051361
:0408730000D7202367
:04087400340000EF5D
:0408750000840513E3
:04087600BF5FF06F01
:0408770000F407B3CF
:040878000047A7038B
:04087900000905135A
:04087A0000176713E9
:04087B0000E7A223CD
:04087C00320000EF57
:04087D0000840513DB
:04087E00BD5FF06FFB
:04087F000034D593D9
:0408800000848793D6
:04088100B7DFF06F7E
:040882000014E693E5
:0408830000D4222358
:04088400009404B325
:040885000099AA2309
:040886000099A8230A
:04088700001766935D
:040888000114A6238E
:040889000114A4238F
:04088A0000D4A223D1
:04088B0000F407B3BB
:04088C000009051347
:04088D0000E7A023BD
:04088E002D8000EFCA
:04088F0000840513C9
:04089000B8DFF06F6E
:040891000067D71312
:0408920003970613AF
:04089300038706933E
:040894000036161301
:04089500EC5FF06FB5
:0408960007340C63B4
:040897000089A4032D
:0408980000812C03AC
:04089900004427836D
:04089A00E09FF06F7C
:04089B0005C7859375
:04089C0005B7881301
:04089D000035961379
:04089E00BA9FF06F9E
:04089F000083278328
:0408A000FFF5859348
:0408A10026679E63C5
:0408A2000035F79393
:0408A300FF830313B9
:0408A400FE0796E3D2
:0408A5000049A7035C
:0408A600FFF647937F
:0408A70000E7F7B3BC
:0408A80000F9A2238E
:0408A900001616130C
:0408AA00CEC7E8E3EA
:0408AB00CE0606E38C
:0408AC0000F67733A8
:0408AD0000071A63C3
:0408AE000016161307
:0408AF0000F67733A5
:0408B000004E0E13D5
:0408B100FE070AE351
:0408B200000E05939C
:0408B300C4DFF06F3F
:0408B4002F818C13F1
:0408B500000C270309
:0408B60000EA87339A
:0408B70000EC20230E
:0408B800000CA68307
:0408B900FFF00793B2
:0408BA0018F6866343
:0408BB00414B87B373
:0408BC0000E787B317
:0408BD0000FC2023F8
:0408BE00007BFC932C
:0408BF000C0C8C632E
:0408C000419B8BB31A
:0408C100000017B765
:0408C2000087879391
:0408C300008B8B9388
:0408C400419785B320
:0408C500015B8AB396
:0408C600415585B360
:0408C70001459593BF
:0408C8000145DA13F9
:0408C900000A059389
:0408CA000009051309
:0408CB0076C000EF04
:0408CC00FFF007939F
:0408CD0018F50063B7
:0408CE004175053338
:0408CF0001450AB322
:0408D000000C2703EE
:0408D1000179A423E2
:0408D200001AE7938E
:0408D30000EA05B37F
:0408D40000BC202321
:0408D50000FBA2235F
:0408D600CF3408E330
:0408D70000F0069394
:0408D8000B66F06358
:0408D90000442703AD
:0408DA00FF4B079336
:0408DB00FF87F79309
:0408DC000017771377
:0408DD0000F7673386
:0408DE0000E42223ED
:0408DF0000500613AC
:0408E00000F40733E6
:0408E10000C7222307
:0408E20000C7242304
:0408E30000F6E663D2
:0408E400004BA7839B
:0408E500CB5FF06F86
:0408E60000840593F2
:0408E70000090513EC
:0408E800E9CFF0EF75
:0408E9000089AB8354
:0408EA00000C258356
:0408EB00004BA78394
:0408EC00C99FF06F41
:0408ED00010A8A93DF
:0408EE00C41FF06FC4
:0408EF004026D69336
:0408F000001007935A
:0408F10000D797B3E2
:0408F20000F5653375
:0408F30000A9A22393
:0408F400D75FF06F6B
:0408F500015B85B36B
:0408F60040B005B356
:0408F700014595938F
:0408F8000145DA13C9
:0408F900000A059359
:0408FA0000090513D9
:0408FB006AC000EFE0
:0408FC00FFF007936F
:0408FD00F4F512E319
:0408FE0000000A13D9
:0408FF00F45FF06F43
:0409000000812C0343
:040901000010079348
:0409020000FBA22331
:0409030000090513CF
:04090400100000EFF0
:0409050000000513D6
:0409060001812A033E
:0409070001412A83FD
:0409080001012B03BB
:0409090000C12B837B
:04090A0000412C83F9
:04090B009A1FF06FD0
:04090C000540069309
:04090D0004E6E463B5
:04090E0000C7D71334
:04090F0006F70613CE
:0409100006E706935D
:040911000036161383
:04091200CD1FF06F96
:040913001540071371
:0409140004F764631D
:0409150000F4D79380
:040916000787859337
:0409170007778813C3
:0409180000359613FD
:040919009BDFF06F01
:04091A000089A403A9
:04091B0000442783EA
:04091C00C01FF06F99
:04091D00017CA02396
:04091E00E81FF06F6F
:04091F0015400693E6
:0409200004E6E463A2
:0409210000F7D713F1
:04092200078706132A
:0409230007770693B9
:040924000036161370
:04092500C85FF06F48
:04092600554007131E
:0409270004F764630A
:040928000124D7933C
:0409290007D78593D4
:04092A0007C7881360
:04092B0000359613EA
:04092C00971FF06FB2
:04092D00FF8C8C931C
:04092E00019A8AB3ED
:04092F00417A8AB3CC
:0409300000000A13A6
:04093100E7DFF06F9D
:040932005540069393
:0409330002E6E46391
:040934000127D713AD
:0409350007D70613C7
:0409360007C7069356
:04093700003616135D
:04093800C39FF06FFA
:040939003F800613E2
:04093A0007F005932A
:04093B0007E00813B6
:04093C00931FF06FA6
:04093D003F800613DE
:04093E0007E0069335
:04093F00C1DFF06FB5
:040940000049A78340
:04094100DA1FF06F5A
:04094200F90185131F
:040943008A4FF06F78
:04094400F90185131D
:040945008B4FF06F75
:04094600FF01011399
:040947000011262352
:040948000121202346
:040949000E058263B2
:04094A0000812423E1
:04094B0000912223D2
:04094C00000584130B
:04094D00000504930A
:04094E000005066337
:04094F0003452783B2
:0409500010078063A9
:0409510006442783AE
:0409520000C41703C3
:040953000017F793FF
:040954000A07966395
:0409550020077713ED
:040956000E0708631D
:040957000004059300
:0409580000048513FF
:04095900134000EF58
:04095A0002C4278329
:04095B000005091377
:04095C0000078A63A3
:04095D0001C4258329
:04095E0000048513F9
:04095F00000780E726
:040960000A054063E1
:0409610000C45783F4
:040962000807F793F8
:040963000A0792638A
:0409640003042583E0
:0409650000058C639A
:0409660004040793EB
:0409670000F58663AE
:0409680000048513EF
:04096900C98FF0EF53
:04096A000204282338
:04096B000444258398
:04096C000005886397
:04096D0000048513EA
:04096E00C84FF0EF8F
:04096F000404222337
:04097000B01FE0EFE5
:04097100064427838E
:040972000004162344
:040973000017F793DF
:040974000A07866385
:0409750005842503CD
:04097600FD1FE0EF92
:04097700AEDFE0EF20
:0409780000C1208317
:0409790000812403D2
:04097A000041248391
:04097B000009051357
:04097C00000129034A
:04097D000101011360
:04097E00000080678E
:04097F00F60710E384
:0409800000812403CB
:04098100004124838A
:040982000000091355
:0409830000C120830C
:04098400000905134E
:040985000001290341
:040986000101011357
:040987000000806785
:0409880000C45783CD
:04098900FFF009135F
:04098A000807F793D0
:04098B00F60782E306
:04098C0001042583BA
:04098D0000048513CA
:04098E00C04FF0EF77
:04098F00F55FF06FB1
:04099000A21FE0EFD3
:04099100F01FF06FF4
:0409920005842503B0
:04099300F65FE0EF3C
:0409940000C4178301
:04099500F00794E3F0
:040996000644278369
:040997000017F793BB
:04099800FA0790E3E7
:0409990005842503A9
:04099A00000009133D
:04099B00F5DFE0EFB5
:04099C0000812403AF
:04099D00004124836E
:04099E00F95FF06F9E
:04099F0005842503A3
:0409A000F49FE0EFF1
:0409A100F51FF06FDF
:0409A20000050593B4
:0409A3000000151724
:0409A40035452503AD
:0409A500E85FF06FA8
:0409A60000C59703EE
:0409A700FE01011339
:0409A80000812C237B
:0409A90001312623CF
:0409AA0000112E23E7
:0409AB0000877793B7
:0409AC0000058413AB
:0409AD0000050993A5
:0409AE001207906339
:0409AF00000017B776
:0409B00080078793A2
:0409B1000045A683D4
:0409B20000F767B330
:0409B30000F5962392
:0409B40018D05263A2
:0409B500028428038D
:0409B6000E080463C0
:0409B70000912A235E
:0409B800013716935A
:0409B9000009A4830A
:0409BA000009A0236D
:0409BB0001C42583CB
:0409BC001606CE63EA
:0409BD00000006131D
:0409BE00001006938C
:0409BF000009851393
:0409C000000800E744
:0409C100FFF00793A9
:0409C2000005061313
:0409C3001AF50463BA
:0409C40000C41783D1
:0409C500028428037D
:0409C60001C42583C0
:0409C7000047F7935B
:0409C80000078E6333
:0409C90000442703BC
:0409CA000304278378
:0409CB0040E60633C9
:0409CC000007866337
:0409CD0003C42783B5
:0409CE0040F60633B6
:0409CF00000006938B
:0409D0000009851382
:0409D100000800E733
:0409D200FFF0079398
:0409D30012F51463A2
:0409D4000009A683ED
:0409D50001D00793B3
:0409D60000C417033F
:0409D70016D7EA63E2
:0409D800204007B7FD
:0409D90000178793E9
:0409DA0000D7D7B3B8
:0409DB000017F79377
:0409DC001607806317
:0409DD0001042603E8
:0409DE00FFFFF7B769
:0409DF007FF7879384
:0409E00000F777B3F2
:0409E10000F41623E5
:0409E20000042223C8
:0409E30000C4202309
:0409E400013717932D
:0409E5000007D463D0
:0409E6001006826312
:0409E700030425835D
:0409E8000099A023AF
:0409E900100584630E
:0409EA000404079367
:0409EB0000F586632A
:0409EC000009851366
:0409ED00A88FF0EFF0
:0409EE00014124831C
:0409EF0002042823B3
:0409F00000000513EB
:0409F10001C120839D
:0409F2000181240358
:0409F30000C1298393
:0409F40002010113E8
:0409F5000000806717
:0409F6000121282390
:0409F7000105A9034A
:0409F8000809026385
:0409F90000912A231C
:0409FA000005A483CD
:0409FB000037771337
:0409FC000125A0230E
:0409FD00412484B35A
:0409FE00000007935B
:0409FF000007146376
:040A00000145A78382
:040A010000F42423B6
:040A020000904863B5
:040A03000540006F3B
:040A040000A9093309
:040A050004905663A0
:040A060002442783FC
:040A070001C425837E
:040A080000048693CD
:040A090000090613C7
:040A0A000009851347
:040A0B00000780E779
:040A0C0040A484B3CB
:040A0D00FCA04EE318
:040A0E0000C4170306
:040A0F0001012903B5
:040A1000040767135D
:040A110001412483F8
:040A120000E41623C3
:040A1300FFF00513D8
:040A1400F75FF06F29
:040A150003C5A683EC
:040A1600E6D04EE3F5
:040A1700F65FF06F27
:040A180001412483F1
:040A190001012903AB
:040A1A00F59FF06FE5
:040A1B0005042603A5
:040A1C00EADFF06FAE
:040A1D0000C41703F7
:040A1E000104268326
:040A1F00FFFFF7B727
:040A20007FF7879342
:040A210000F777B3B0
:040A220000F41623A3
:040A23000004222386
:040A240000D42023B7
:040A250001371793EB
:040A2600F007D2E320
:040A2700030425831C
:040A280004A42823D7
:040A29000099A0236D
:040A2A00F00590E360
:040A2B0001412483DE
:040A2C00F11FF06F57
:040A2D000009A78392
:040A2E00E4078CE36A
:040A2F0001D00713D8
:040A300000E78C63EC
:040A31000160071346
:040A320000E78863EE
:040A330000C41703E1
:040A34000407671339
:040A3500F71FF06F48
:040A36000099A02360
:040A370001412483D2
:040A3800EE1FF06F4E
:040A3900FF010113A5
:040A3A0000812423F0
:040A3B0000912223E1
:040A3C00001126235C
:040A3D000121202350
:040A3E000005049318
:040A3F000005841317
:040A40000005066344
:040A410003452783BF
:040A42000A078A63B2
:040A430000C4178351
:040A44000000091392
:040A450004078063BF
:040A46000644270338
:040A4700001777130A
:040A4800000716632A
:040A49002007F793F8
:040A4A0004078463B6
:040A4B00000405930B
:040A4C00000485130A
:040A4D00D65FF0EF91
:040A4E0006442783B0
:040A4F000005091382
:040A50000017F79301
:040A5100000798639F
:040A520000C4578302
:040A53002007F793EE
:040A540004078463AC
:040A550000C1208339
:040A560000812403F4
:040A570000412483B3
:040A58000009051379
:040A5900000129036C
:040A5A000101011382
:040A5B0000008067B0
:040A5C0005842503E5
:040A5D00C3DFE0EF24
:040A5E0000040593F8
:040A5F0000048513F7
:040A6000D19FF0EF43
:040A6100064427839D
:040A6200000509136F
:040A63000017F793EE
:040A6400FC0792E316
:040A6500FB5FF06FD4
:040A660005842503DB
:040A6700C2DFE0EF1B
:040A680000C1208326
:040A690000812403E1
:040A6A0000412483A0
:040A6B000009051366
:040A6C000001290359
:040A6D00010101136F
:040A6E00000080679D
:040A6F00EA4FE0EF7B
:040A7000F4DFF06F50
:040A71000A050C6303
:040A7200FF0101136C
:040A730000812423B7
:040A74000121202319
:040A75000011262323
:040A760000912223A6
:040A7700000019174B
:040A78000049290305
:040A7900000504135D
:040A7A000009066306
:040A7B000349278381
:040A7C000607846382
:040A7D0000C4178317
:040A7E0000000493DD
:040A7F000407806385
:040A800006442703FE
:040A810000177713D0
:040A820000071663F0
:040A83002007F793BE
:040A840004078A6376
:040A850000040593D1
:040A8600000905134B
:040A8700C7DFF0EFE6
:040A88000644278376
:040A890000050493CD
:040A8A000017F793C7
:040A8B000007986365
:040A8C0000C45783C8
:040A8D002007F793B4
:040A8E0002078C636C
:040A8F0000C12083FF
:040A900000812403BA
:040A91000001290334
:040A920000048513C4
:040A93000041248377
:040A94000101011348
:040A95000000806776
:040A9600000905133B
:040A9700E04FE0EF5D
:040A9800F95FF06FA3
:040A990005842503A8
:040A9A00B49FE0EF36
:040A9B00FA9FF06F5F
:040A9C0005842503A5
:040A9D00B55FE0EF72
:040A9E00FC5FF06F9A
:040A9F000000161726
:040AA00087C60613EC
:040AA10000000597B5
:040AA200E60585934D
:040AA3000000151723
:040AA40087C50513EA
:040AA500E9CFE06F46
:040AA600FF01011338
:040AA7000081242383
:040AA800000504132E
:040AA90000058513AC
:040AAA00F601AE2380
:040AAB0000112623ED
:040AAC00640000EFF3
:040AAD00FFF00793BC
:040AAE0000F50A63E2
:040AAF0000C12083DF
:040AB000008124039A
:040AB100010101132B
:040AB2000000806759
:040AB300F7C1A7835D
:040AB400FE0786E3D0
:040AB50000C12083D9
:040AB60000F4202305
:040AB7000081240393
:040AB8000101011324
:040AB9000000806752
:040ABA00FF01011324
:040ABB00008124236F
:040ABC000000079798
:040ABD007FC78793D5
:040ABE000000041719
:040ABF007F44041359
:040AC00040F40433C7
:040AC100009122235B
:040AC20000112623D6
:040AC30040245493E4
:040AC4000204806345
:040AC500FFC4041353
:040AC60000F4043301
:040AC700000427837D
:040AC800FFF4849320
:040AC900FFC404134F
:040ACA00000780E7BA
:040ACB00FE0498E3AA
:040ACC0000C12083C2
:040ACD00008124037D
:040ACE00004124833C
:040ACF00010101130D
:040AD000000080673B
:040AD1000005061303
:040AD2000000051308
:040AD3000015F69381
:040AD4000006846331
:040AD50000C5053320
:040AD6000015D5939F
:040AD70000161613DC
:040AD800FE0596E39E
:040AD9000000806732
:040ADA00FF01011304
:040ADB0000112623BD
:040ADC00008124234E
:040ADD0001010413FC
:040ADE0082C1A783A7
:040ADF0000078A631F
:040AE00082C1A783A5
:040AE100000780E7A3
:040AE2000005079371
:040AE3000080006F20
:040AE400F7C187933C
:040AE500000785136E
:040AE60000C12083A8
:040AE7000081240363
:040AE80001010113F4
:040AE9000000806722
:040AEA00FD010113F6
:040AEB0002112623AB
:040AEC00028124233C
:040AED0003010413EA
:040AEE00FCA42E2313
:040AEF00FDC4278398
:040AF0000207C463D2
:040AF100FDC4270316
:040AF200000707935F
:040AF30000179793BE
:040AF40000E787B3DD
:040AF50000279793AC
:040AF600000147377D
:040AF70085870713D5
:040AF80000E787B3D9
:040AF9000080006F0A
:040AFA00000007935E
:040AFB00FEF42423BE
:040AFC00FE842783CA
:040AFD0006078663FF
:040AFE00FE842783C8
:040AFF000007A783C2
:040B00000107A783BF
:040B01000207806304
:040B0200FE842783C3
:040B03000007A783BD
:040B04000107A783BB
:040B0500FE84250342
:040B0600000780E77D
:040B0700000507934B
:040B08000080006FFA
:040B0900000007934E
:040B0A00FEF42623AC
:040B0B00FDC42503FD
:040B0C0044C000EFF2
:040B0D00FEC4278378
:040B0E000207D063A7
:040B0F00F2DFF0EF32
:040B100000050713C2
:040B1100FEC4278374
:040B120040F007B3F5
:040B130000F72023A4
:040B1400FFF0079354
:040B15000200006F6B
:040B16000000079341
:040B17000180006FEA
:040B1800F09FF0EF6B
:040B190000050713B9
:040B1A000510079328
:040B1B0000F720239C
:040B1C00FFF007934C
:040B1D000007851335
:040B1E0002C120836D
:040B1F000281240328
:040B200003010113B9
:040B210000008067E9
:040B2200FE010113BC
:040B230000812E23FC
:040B240002010413B3
:040B2500FEA42623E1
:040B2600FEB42423D2
:040B2700FEC42223C3
:040B2800FE442783DD
:040B29000007851329
:040B2A0001C12403DE
:040B2B0002010113AF
:040B2C0000008067DE
:040B2D00FE010113B1
:040B2E0000112E2361
:040B2F0000812C23F2
:040B300002010413A7
:040B3100FEA42623D5
:040B32008201859324
:040B3300FEC42503D4
:040B340005C000EF09
:040B3500000507931D
:040B3600000785131C
:040B370001C1208355
:040B38000181240310
:040B390002010113A1
:040B3A0000008067D0
:040B3B00FF010113A2
:040B3C00001126235B
:040B3D0000812423EC
:040B3E00010104139A
:040B3F0082C1A78345
:040B400000078A63BD
:040B410082C1A78343
:040B4200000780E741
:040B4300000507930F
:040B44000080006FBE
:040B4500F7C18793DA
:040B4600000785130C
:040B470000C1208346
:040B48000081240301
:040B49000101011392
:040B4A0000008067C0
:040B4B00FD01011394
:040B4C000211262349
:040B4D0002812423DA
:040B4E000301041388
:040B4F00FCA42E23B1
:040B5000FCB42C23A2
:040B5100FDC4278335
:040B520000078863AD
:040B5300FDC4278333
:040B54000087A783EC
:040B550000079E6394
:040B5600F95FF0EF64
:040B5700000507137B
:040B5800016007939E
:040B590000F720235E
:040B5A00FEA007935F
:040B5B000540006FE2
:040B5C00FDC427832A
:040B5D00FD842703E9
:040B5E00FEE424236A
:040B5F00FEF4262357
:040B6000FEC4278325
:040B6100FE842703E4
:040B620000E7A223E3
:040B6300FE84278362
:040B64000007A703DC
:040B6500FEC4278320
:040B660000E7A023E1
:040B6700FE8427835E
:040B68000007A78358
:040B6900FEC427039C
:040B6A0000E7A223DB
:040B6B00FE8427835A
:040B6C00FEC4270399
:040B6D0000E7A023DA
:040B6E000000001370
:040B6F0000000793E8
:040B700000078513E2
:040B710002C120831A
:040B720002812403D5
:040B73000301011366
:040B74000000806796
:040B7500FD0101136A
:040B760002812623AF
:040B7700030104135F
:040B7800FCA42E2388
:040B79000000001365
:040B7A00FDC427830C
:040B7B00FEF426233B
:040B7C00FEC425038B
:040B7D0000050793D5
:040B7E000007866383
:040B7F007C103013A3
:040B80000080006F82
:040B81007C20301391
:040B8200000000135C
:040B8300000000135B
:040B8400FFDFF06F30
:040B8500FF01011358
:040B86000011262311
:040B870000812423A2
:040B88000101041350
:040B890082C1A783FB
:040B8A0000078A6373
:040B8B0082C1A783F9
:040B8C00000780E7F7
:040B8D0000050793C5
:040B8E000080006F74
:040B8F00F7C1879390
:040B900000078513C2
:040B910000C12083FC
:040B920000812403B7
:040B93000101011348
:040B94000000806776
:040B9500FD0101134A
:040B960002112623FF
:040B97000281242390
:040B9800030104133E
:040B9900FCA42E2367
:040B9A00FCB42C2358
:040B9B00FCC42A2349
:040B9C00FE0424230C
:040B9D00FDC42783E9
:040B9E000207C46323
:040B9F00FDC4270367
:040BA00000070793B0
:040BA100001797930F
:040BA20000E787B32E
:040BA30000279793FD
:040BA40000014737CE
:040BA5008587071326
:040BA60000E787B32A
:040BA7000080006F5B
:040BA80000000793AF
:040BA900FEF426230D
:040BAA00FEC42783DB
:040BAB000407826356
:040BAC00FEC42783D9
:040BAD000007A78313
:040BAE0001C7A78351
:040BAF000207846352
:040BB000FEC42783D5
:040BB1000007A7830F
:040BB20001C7A7834D
:040BB300FD442603D4
:040BB400FD84258314
:040BB500FEC4250352
:040BB600000780E7CD
:040BB700FEA4242351
:040BB8000180006F49
:040BB900F7A0079307
:040BBA00FEF42423FE
:040BBB0000C0006F07
:040BBC00FAF00793B1
:040BBD00FEF42423FB
:040BBE00FE84278307
:040BBF000207D063F6
:040BC000F15FF0EF02
:040BC1000005071311
:040BC200FE84278303
:040BC30040F007B344
:040BC40000F72023F3
:040BC500FFF00793A3
:040BC600FEF42423F2
:040BC700FE842783FE
:040BC800000785138A
:040BC90002C12083C2
:040BCA00028124037D
:040BCB00030101130E
:040BCC00000080673E
:040BCD00FF01011310
:040BCE0000112623C9
:040BCF00008124235A
:040BD0000101041308
:040BD10082C1A783B3
:040BD20000078A632B
:040BD30082C1A783B1
:040BD400000780E7AF
:040BD500000507937D
:040BD6000080006F2C
:040BD700F7C1879348
:040BD800000785137A
:040BD90000C12083B4
:040BDA00008124036F
:040BDB000101011300
:040BDC00000080672E
:040BDD00FD01011302
:040BDE0002112623B7
:040BDF000281242348
:040BE00003010413F6
:040BE100FCA42E231F
:040BE200FCB42C2310
:040BE300FCC42A2301
:040BE400FDC42783A2
:040BE5000207C463DC
:040BE600FDC4270320
:040BE7000007079369
:040BE80000179793C8
:040BE90000E787B3E7
:040BEA0000279793B6
:040BEB000001473787
:040BEC0085870713DF
:040BED0000E787B3E3
:040BEE000080006F14
:040BEF000000079368
:040BF000FEF42423C8
:040BF100FE842783D4
:040BF2000807866307
:040BF300FE842783D2
:040BF4000087A7834C
:040BF5000037F713BB
:040BF6000010079351
:040BF70006F7026398
:040BF800FE842783CD
:040BF9000007A783C7
:040BFA000147A78385
:040BFB0004078A63FE
:040BFC00FE842783C9
:040BFD000007A783C3
:040BFE000147A78381
:040BFF00FD44270387
:040C000000070613D0
:040C0100FD842583C6
:040C0200FE84250344
:040C0300000780E77F
:040C0400FEA4262301
:040C0500FEC427837F
:040C06000207D063AE
:040C0700F19FF0EF7A
:040C080000050713C9
:040C0900FEC427837B
:040C0A0040F007B3FC
:040C0B0000F72023AB
:040C0C00FFF007935B
:040C0D000340006F31
:040C0E00FEC4278376
:040C0F0002C0006FB0
:040C1000EF5FF0EFB3
:040C110000050713C0
:040C120000D0079374
:040C130000F72023A3
:040C14000140006F2C
:040C1500EE1FF0EFEF
:040C160000050713BB
:040C1700051007932A
:040C180000F720239E
:040C1900FFF007934E
:040C1A000007851337
:040C1B0002C120836F
:040C1C00028124032A
:040C1D0003010113BB
:040C1E0000008067EB
:040C1F00FE010113BE
:040C200000812E23FE
:040C210002010413B5
:040C2200FEA42623E3
:040C2300FEC42703E1
:040C24000020079312
:040C250004E7D663A7
:040C2600000147B7CB
:040C270085878693A4
:040C2800FEC42703DC
:040C29000007079326
:040C2A000017979385
:040C2B0000E787B3A4
:040C2C000027979373
:040C2D0000F687B393
:040C2E000007A423F4
:040C2F00000147B7C2
:040C3000858786939B
:040C3100FEC42703D3
:040C3200000707931D
:040C3300001797937C
:040C340000E787B39B
:040C3500002797936A
:040C360000F687B38A
:040C37000007A023EF
:040C380000000013A5
:040C390001C12403CE
:040C3A00020101139F
:040C3B0000008067CE
:040C3C00FC010113A3
:040C3D0002812E23DF
:040C3E000401041396
:040C3F00FCA42623C8
:040C40000080079396
:040C41003007B7F3CE
:040C4200FEF4222377
:040C4300FE442783C1
:040C4400FCF42E236B
:040C45008301A783FD
:040C46000037879359
:040C4700FFC7F79359
:040C48000007871307
:040C490082E1A82379
:040C4A008301A70378
:040C4B00FCC427833B
:040C4C0000F7073373
:040C4D00000207B7E3
:040C4E000007879381
:040C4F0002E7F26363
:040C5000FDC4278335
:040C5100FEF4242366
:040C5200FE84278372
:040C53000087F7938C
:040C54003007A07352
:040C55000000001388
:040C5600FFF0079311
:040C57000380006FA7
:040C58008301A783EA
:040C5900FEF4202362
:040C5A008301A70368
:040C5B00FCC427832B
:040C5C0000F7073363
:040C5D0082E1A82365
:040C5E00FDC4278327
:040C5F00FEF4262356
:040C6000FEC4278324
:040C61000087F7937E
:040C62003007A07344
:040C6300000000137A
:040C6400FE042783E0
:040C650000078513EC
:040C660003C124039F
:040C67000401011370
:040C680000008067A1
:040C6900FF01011373
:040C6A00001126232C
:040C6B0000812423BD
:040C6C00010104136B
:040C6D0082C1A78316
:040C6E0000078A638E
:040C6F0082C1A78314
:040C7000000780E712
:040C710000050793E0
:040C72000080006F8F
:040C7300F7C18793AB
:040C740000078513DD
:040C750000C1208317
:040C760000812403D2
:040C77000101011363
:040C78000000806791
:040C7900FD01011365
:040C7A00021126231A
:040C7B0002812423AB
:040C7C000301041359
:040C7D00FCA42E2382
:040C7E00FCB42C2373
:040C7F00FCC42A2364
:040C8000FDC4278305
:040C81000207C4633F
:040C8200FDC4270383
:040C830000070793CC
:040C8400001797932B
:040C850000E787B34A
:040C86000027979319
:040C870000014737EA
:040C88008587071342
:040C890000E787B346
:040C8A000080006F77
:040C8B0000000793CB
:040C8C00FEF424232B
:040C8D00FE84278337
:040C8E00080784636C
:040C8F00FE84278335
:040C90000087A783AF
:040C91000037F7939E
:040C9200060782636C
:040C9300FE84278331
:040C94000007A7832B
:040C95000187A783A9
:040C960004078A6362
:040C9700FE8427832D
:040C98000007A78327
:040C99000187A783A5
:040C9A00FD442703EB
:040C9B000007061335
:040C9C00FD8425832B
:040C9D00FE842503A9
:040C9E00000780E7E4
:040C9F00FEA4262366
:040CA000FEC42783E4
:040CA1000207D06313
:040CA200F1DFF0EF9F
:040CA300000507132E
:040CA400FEC42783E0
:040CA50040F007B361
:040CA60000F7202310
:040CA700FFF00793C0
:040CA8000340006F96
:040CA900FEC42783DB
:040CAA0002C0006F15
:040CAB00EF9FF0EFD8
:040CAC000005071325
:040CAD0000D00793D9
:040CAE0000F7202308
:040CAF000140006F91
:040CB000EE5FF0EF14
:040CB1000005071320
:040CB200051007938F
:040CB30000F7202303
:040CB400FFF00793B3
:040CB500000785139C
:040CB60002C12083D4
:040CB700028124038F
:040CB8000301011320
:040CB9000000806750
:040CBA00000118EC31
:040CBB007665642FC7
:040CBC006C756E2FB6
:040CBD000000006CC7
:040CBE000000000032
:040CBF000000000031
:040CC0000000000030
:040CC100000000002F
:040CC200000000002E
:040CC300000000002D
:040CC400000000002C
:040CC500000000002B
:040CC600000000002A
:040CC7000000000029
:040CC8000000000028
:040CC9000000000027
:040CCA000000000026
:040CCB000000000025
:040CCC000000000024
:040CCD000000000023
:040CCE000000000022
:040CCF000000000021
:040CD0000000000020
:040CD100000000001F
:040CD200000000001E
:040CD300000000001D
:040CD400000000001C
:040CD500000000001B
:040CD600000000001A
:040CD7000000000019
:040CD8000000000018
:040CD9000000000017
:040CDA000000000016
:040CDB000000000015
:040CDC000000000014
:040CDD000000000013
:040CDE000000000012
:040CDF000000000011
:040CE0000000000010
:040CE100000000000F
:040CE200000000000E
:040CE300000000000D
:040CE400000000000C
:040CE500000000000B
:040CE600000000000A
:040CE7000000000009
:040CE8000000000008
:040CE9000000000007
:040CEA000000000006
:040CEB000000000005
:040CEC000000000004
:040CED000000000003
:040CEE000000000002
:040CEF000000000001
:040CF0000000000000
:040CF10000000000FF
:040CF20000000000FE
:040CF30000000000FD
:040CF40000000000FC
:040CF50000000000FB
:040CF60000000000FA
:040CF70000000000F9
:040CF80000000000F8
:040CF90000000000F7
:040CFA0000000000F6
:040CFB0000000000F5
:040CFC0000000000F4
:040CFD0000000000F3
:040CFE0000000000F2
:040CFF0000000000F1
:040D000000000000EF
:040D010000000000EE
:040D020000000000ED
:040D030000000000EC
:040D040000000000EB
:040D050000000000EA
:040D060000000000E9
:040D070000000000E8
:040D080000000000E7
:040D090000000000E6
:040D0A0000000000E5
:040D0B0000000000E4
:040D0C0000000000E3
:040D0D0000000000E2
:040D0E0000000000E1
:040D0F0000000000E0
:040D100000000000DF
:040D110000000000DE
:040D120000000000DD
:040D130000000000DC
:040D140000000000DB
:040D150000000000DA
:040D160000000000D9
:040D170000000000D8
:040D180000000000D7
:040D190000000000D6
:040D1A0000000000D5
:040D1B0000000000D4
:040D1C0000000000D3
:040D1D0000000000D2
:040D1E0000000000D1
:040D1F0000000000D0
:040D200000000000CF
:040D210000000000CE
:040D220000000000CD
:040D230000000000CC
:040D240000000000CB
:040D250000000000CA
:040D260000000000C9
:040D270000000000C8
:040D280000000000C7
:040D290000000000C6
:040D2A0000000000C5
:040D2B0000000000C4
:040D2C0000000000C3
:040D2D0000000000C2
:040D2E0000000000C1
:040D2F0000000000C0
:040D300000000000BF
:040D310000000000BE
:040D320000000000BD
:040D330000000000BC
:040D340000000000BB
:040D350000000000BA
:040D360000000000B9
:040D370000000000B8
:040D380000000000B7
:040D390000000000B6
:040D3A0000000000B5
:040D3B0000000000B4
:040D3C0000000000B3
:040D3D0000000000B2
:040D3E0000000000B1
:040D3F0000000000B0
:040D400000000000AF
:040D410000000000AE
:040D420000000000AD
:040D430000000000AC
:040D440000000000AB
:040D450000000000AA
:040D460000000000A9
:040D470000000000A8
:040D480000000000A7
:040D490000000000A6
:040D4A0000000000A5
:040D4B0000000000A4
:040D4C0000000000A3
:040D4D0000000000A2
:040D4E0000000000A1
:040D4F0000000000A0
:040D5000000000009F
:040D5100000000009E
:040D5200000000009D
:040D5300000000009C
:040D5400000000009B
:040D5500000000009A
:040D56000000000099
:040D57000000000098
:040D58000000000097
:040D59000000000096
:040D5A000000000095
:040D5B000000000094
:040D5C000000000093
:040D5D000000000092
:040D5E000000000091
:040D5F000000000090
:040D6000000000008F
:040D6100000000008E
:040D6200000000008D
:040D6300000000008C
:040D6400000000008B
:040D6500000000008A
:040D66000000000089
:040D67000000000088
:040D68000000000087
:040D69000000000086
:040D6A000000000085
:040D6B000000000084
:040D6C000000000083
:040D6D000000000082
:040D6E000000000081
:040D6F000000000080
:040D7000000000007F
:040D7100000000007E
:040D7200000000007D
:040D7300000000007C
:040D7400000000007B
:040D7500000000007A
:040D76000000000079
:040D77000000000078
:040D78000000000077
:040D79000000000076
:040D7A000000000075
:040D7B000000000074
:040D7C000000000073
:040D7D000000000072
:040D7E000000000071
:040D7F000000000070
:040D8000000000006F
:040D8100000000006E
:040D8200000000006D
:040D8300000000006C
:040D8400000000006B
:040D8500000000006A
:040D86000000000069
:040D87000000000068
:040D88000000000067
:040D89000000000066
:040D8A000000000065
:040D8B000000000064
:040D8C000000000063
:040D8D000000000062
:040D8E000000000061
:040D8F000000000060
:040D9000000000005F
:040D9100000000005E
:040D9200000000005D
:040D9300000000005C
:040D9400000000005B
:040D9500000000005A
:040D96000000000059
:040D97000000000058
:040D98000000000057
:040D99000000000056
:040D9A000000000055
:040D9B000000000054
:040D9C000000000053
:040D9D000000000052
:040D9E000000000051
:040D9F000000000050
:040DA000000000004F
:040DA100000000004E
:040DA200000000004D
:040DA300000000004C
:040DA400000000004B
:040DA500000000004A
:040DA6000000000049
:040DA7000000000048
:040DA8000000000047
:040DA9000000000046
:040DAA000000000045
:040DAB000000000044
:040DAC000000000043
:040DAD000000000042
:040DAE000000000041
:040DAF000000000040
:040DB000000000003F
:040DB100000000003E
:040DB200000000003D
:040DB300000000003C
:040DB400000000003B
:040DB500000000003A
:040DB6000000000039
:040DB7000000000038
:040DB8000000000037
:040DB9000000000036
:040DBA000000000035
:040DBB000000000034
:040DBC000000000033
:040DBD000000000032
:040DBE000000000031
:040DBF000000000030
:040DC000000000002F
:040DC100000000002E
:040DC200000000002D
:040DC300000000002C
:040DC400000000002B
:040DC500000000002A
:040DC6000000000029
:040DC7000000000028
:040DC8000000000027
:040DC9000000000026
:040DCA000000000025
:040DCB000000000024
:040DCC000000000023
:040DCD000000000022
:040DCE000000000021
:040DCF000000000020
:040DD000000000001F
:040DD100000000001E
:040DD200000000001D
:040DD300000000001C
:040DD400000000001B
:040DD500000000001A
:040DD6000000000019
:040DD7000000000018
:040DD8000000000017
:040DD9000000000016
:040DDA000000000015
:040DDB000000000014
:040DDC000000000013
:040DDD000000000012
:040DDE000000000011
:040DDF000000000010
:040DE000000000000F
:040DE100000000000E
:040DE200000000000D
:040DE300000000000C
:040DE400000000000B
:040DE500000000000A
:040DE6000000000009
:040DE7000000000008
:040DE8000000000007
:040DE9000000000006
:040DEA000000000005
:040DEB000000000004
:040DEC000000000003
:040DED000000000002
:040DEE000000000001
:040DEF000000000000
:040DF00000000000FF
:040DF10000000000FE
:040DF20000000000FD
:040DF30000000000FC
:040DF40000000000FB
:040DF50000000000FA
:040DF60000000000F9
:040DF70000000000F8
:040DF80000000000F7
:040DF90000000000F6
:040DFA0000000000F5
:040DFB0000000000F4
:040DFC0000000000F3
:040DFD0000000000F2
:040DFE0000000000F1
:040DFF0000000000F0
:040E000000000000EE
:040E010000000000ED
:040E020000000000EC
:040E030000000000EB
:040E040000000000EA
:040E050000000000E9
:040E060000000000E8
:040E070000000000E7
:040E080000000000E6
:040E090000000000E5
:040E0A0000000000E4
:040E0B0000000000E3
:040E0C0000000000E2
:040E0D0000000000E1
:040E0E0000000000E0
:040E0F0000000000DF
:040E100000000000DE
:040E110000000000DD
:040E120000000000DC
:040E130000000000DB
:040E140000000000DA
:040E150000000000D9
:040E160000000000D8
:040E170000000000D7
:040E180000000000D6
:040E190000000000D5
:040E1A0000000000D4
:040E1B0000000000D3
:040E1C0000000000D2
:040E1D0000000000D1
:040E1E0000000000D0
:040E1F0000000000CF
:040E200000000000CE
:040E210000000000CD
:040E220000000000CC
:040E230000000000CB
:040E240000000000CA
:040E250000000000C9
:040E260000000000C8
:040E270000000000C7
:040E280000000000C6
:040E290000000000C5
:040E2A0000000000C4
:040E2B0000000000C3
:040E2C0000000000C2
:040E2D0000000000C1
:040E2E0000000000C0
:040E2F0000000000BF
:040E300000000000BE
:040E310000000000BD
:040E320000000000BC
:040E330000000000BB
:040E340000000000BA
:040E350000000000B9
:040E360000000000B8
:040E370000000000B7
:040E380000000000B6
:040E390000000000B5
:040E3A0000000000B4
:040E3B0000000000B3
:040E3C0000000000B2
:040E3D0000000000B1
:040E3E0000000000B0
:040E3F0000000000AF
:040E400000000000AE
:040E410000000000AD
:040E420000000000AC
:040E430000000000AB
:040E440000000000AA
:040E450000000000A9
:040E460000000000A8
:040E470000000000A7
:040E480000000000A6
:040E490000000000A5
:040E4A0000000000A4
:040E4B0000000000A3
:040E4C0000000000A2
:040E4D0000000000A1
:040E4E0000000000A0
:040E4F00000000009F
:040E5000000000009E
:040E5100000000009D
:040E5200000000009C
:040E5300000000009B
:040E5400000000009A
:040E55000000000099
:040E56000000000098
:040E57000000000097
:040E58000000000096
:040E59000000000095
:040E5A000000000094
:040E5B000000000093
:040E5C000000000092
:040E5D000000000091
:040E5E000000000090
:040E5F00000000008F
:040E6000000000008E
:040E6100000000008D
:040E6200000000008C
:040E6300000000008B
:040E6400000000008A
:040E65000000000089
:040E66000000000088
:040E67000000000087
:040E68000000000086
:040E69000000000085
:040E6A000000000084
:040E6B000000000083
:040E6C000000000082
:040E6D000000000081
:040E6E000000000080
:040E6F00000000007F
:040E7000000000007E
:040E7100000000007D
:040E7200000000007C
:040E7300000000007B
:040E7400000000007A
:040E75000000000079
:040E76000000000078
:040E77000000000077
:040E78000000000076
:040E79000000000075
:040E7A000000000074
:040E7B000000000073
:040E7C000000000072
:040E7D000000000071
:040E7E000000000070
:040E7F00000000006F
:040E8000000000006E
:040E8100000000006D
:040E8200000000006C
:040E8300000000006B
:040E84000000000367
:040E8500000142081E
:040E86000000000068
:040E87000000000067
:040E8800000142081B
:040E890000014270B2
:040E8A00000142D849
:040E8B000000000063
:040E8C000000000062
:040E8D000000000061
:040E8E000000000060
:040E8F00000000005F
:040E9000000000005E
:040E9100000000005D
:040E9200000000005C
:040E9300000000005B
:040E9400000000005A
:040E95000000000059
:040E96000000000058
:040E97000000000057
:040E98000000000056
:040E99000000000055
:040E9A000000000054
:040E9B000000000053
:040E9C000000000052
:040E9D000000000051
:040E9E000000000050
:040E9F00000000004F
:040EA000000000004E
:040EA100000000004D
:040EA200000000004C
:040EA300000000004B
:040EA400000000004A
:040EA5000000000049
:040EA6000000000048
:040EA7000000000047
:040EA8000000000046
:040EA9000000000045
:040EAA000000000044
:040EAB000000000043
:040EAC000000000042
:040EAD000000000140
:040EAE000000000040
:040EAF00ABCD330E86
:040EB000E66D1234A5
:040EB1000005DEEC6E
:040EB2000000000B31
:040EB300000000003B
:040EB400000000003A
:040EB5000000000039
:040EB6000000000038
:040EB7000000000037
:040EB8000000000036
:040EB9000000000035
:040EBA000000000034
:040EBB000000000033
:040EBC000000000032
:040EBD000000000031
:040EBE000000000030
:040EBF00000000002F
:040EC000000000002E
:040EC100000000002D
:040EC200000000002C
:040EC300000000002B
:040EC400000000002A
:040EC5000000000029
:040EC6000000000028
:040EC7000000000027
:040EC8000000000026
:040EC9000000000025
:040ECA000000000024
:040ECB000000000023
:040ECC000000000022
:040ECD000000000021
:040ECE000000000020
:040ECF00000000001F
:040ED000000000001E
:040ED10000013428C0
:040ED20000013428BF
:040ED30000013430B6
:040ED40000013430B5
:040ED50000013438AC
:040ED60000013438AB
:040ED70000013440A2
:040ED80000013440A1
:040ED9000001344898
:040EDA000001344897
:040EDB00000134508E
:040EDC00000134508D
:040EDD000001345884
:040EDE000001345883
:040EDF00000134607A
:040EE0000001346079
:040EE1000001346870
:040EE200000134686F
:040EE3000001347066
:040EE4000001347065
:040EE500000134785C
:040EE600000134785B
:040EE7000001348052
:040EE8000001348051
:040EE9000001348848
:040EEA000001348847
:040EEB00000134903E
:040EEC00000134903D
:040EED000001349834
:040EEE000001349833
:040EEF00000134A02A
:040EF000000134A029
:040EF100000134A820
:040EF200000134A81F
:040EF300000134B016
:040EF400000134B015
:040EF500000134B80C
:040EF600000134B80B
:040EF700000134C002
:040EF800000134C001
:040EF900000134C8F8
:040EFA00000134C8F7
:040EFB00000134D0EE
:040EFC00000134D0ED
:040EFD00000134D8E4
:040EFE00000134D8E3
:040EFF00000134E0DA
:040F0000000134E0D8
:040F0100000134E8CF
:040F0200000134E8CE
:040F0300000134F0C5
:040F0400000134F0C4
:040F0500000134F8BB
:040F0600000134F8BA
:040F070000013500B0
:040F080000013500AF
:040F090000013508A6
:040F0A0000013508A5
:040F0B00000135109C
:040F0C00000135109B
:040F0D000001351892
:040F0E000001351891
:040F0F000001352088
:040F10000001352087
:040F1100000135287E
:040F1200000135287D
:040F13000001353074
:040F14000001353073
:040F1500000135386A
:040F16000001353869
:040F17000001354060
:040F1800000135405F
:040F19000001354856
:040F1A000001354855
:040F1B00000135504C
:040F1C00000135504B
:040F1D000001355842
:040F1E000001355841
:040F1F000001356038
:040F20000001356037
:040F2100000135682E
:040F2200000135682D
:040F23000001357024
:040F24000001357023
:040F2500000135781A
:040F26000001357819
:040F27000001358010
:040F2800000135800F
:040F29000001358806
:040F2A000001358805
:040F2B0000013590FC
:040F2C0000013590FB
:040F2D0000013598F2
:040F2E0000013598F1
:040F2F00000135A0E8
:040F3000000135A0E7
:040F3100000135A8DE
:040F3200000135A8DD
:040F3300000135B0D4
:040F3400000135B0D3
:040F3500000135B8CA
:040F3600000135B8C9
:040F3700000135C0C0
:040F3800000135C0BF
:040F3900000135C8B6
:040F3A00000135C8B5
:040F3B00000135D0AC
:040F3C00000135D0AB
:040F3D00000135D8A2
:040F3E00000135D8A1
:040F3F00000135E098
:040F4000000135E097
:040F4100000135E88E
:040F4200000135E88D
:040F4300000135F084
:040F4400000135F083
:040F4500000135F87A
:040F4600000135F879
:040F4700000136006F
:040F4800000136006E
:040F49000001360865
:040F4A000001360864
:040F4B00000136105B
:040F4C00000136105A
:040F4D000001361851
:040F4E000001361850
:040F4F000001362047
:040F50000001362046
:040F5100000136283D
:040F5200000136283C
:040F53000001363033
:040F54000001363032
:040F55000001363829
:040F56000001363828
:040F5700000136401F
:040F5800000136401E
:040F59000001364815
:040F5A000001364814
:040F5B00000136500B
:040F5C00000136500A
:040F5D000001365801
:040F5E000001365800
:040F5F0000013660F7
:040F600000013660F6
:040F610000013668ED
:040F620000013668EC
:040F630000013670E3
:040F640000013670E2
:040F650000013678D9
:040F660000013678D8
:040F670000013680CF
:040F680000013680CE
:040F690000013688C5
:040F6A0000013688C4
:040F6B0000013690BB
:040F6C0000013690BA
:040F6D0000013698B1
:040F6E0000013698B0
:040F6F00000136A0A7
:040F7000000136A0A6
:040F7100000136A89D
:040F7200000136A89C
:040F7300000136B093
:040F7400000136B092
:040F7500000136B889
:040F7600000136B888
:040F7700000136C07F
:040F7800000136C07E
:040F7900000136C875
:040F7A00000136C874
:040F7B00000136D06B
:040F7C00000136D06A
:040F7D00000136D861
:040F7E00000136D860
:040F7F00000136E057
:040F8000000136E056
:040F8100000136E84D
:040F8200000136E84C
:040F8300000136F043
:040F8400000136F042
:040F8500000136F839
:040F8600000136F838
:040F8700000137002E
:040F8800000137002D
:040F89000001370824
:040F8A000001370823
:040F8B00000137101A
:040F8C000001371019
:040F8D000001371810
:040F8E00000137180F
:040F8F000001372006
:040F90000001372005
:040F910000013728FC
:040F920000013728FB
:040F930000013730F2
:040F940000013730F1
:040F950000013738E8
:040F960000013738E7
:040F970000013740DE
:040F980000013740DD
:040F990000013748D4
:040F9A0000013748D3
:040F9B0000013750CA
:040F9C0000013750C9
:040F9D0000013758C0
:040F9E0000013758BF
:040F9F0000013760B6
:040FA00000013760B5
:040FA10000013768AC
:040FA20000013768AB
:040FA30000013770A2
:040FA40000013770A1
:040FA5000001377898
:040FA6000001377897
:040FA700000137808E
:040FA800000137808D
:040FA9000001378884
:040FAA000001378883
:040FAB00000137907A
:040FAC000001379079
:040FAD000001379870
:040FAE00000137986F
:040FAF00000137A066
:040FB000000137A065
:040FB100000137A85C
:040FB200000137A85B
:040FB300000137B052
:040FB400000137B051
:040FB500000137B848
:040FB600000137B847
:040FB700000137C03E
:040FB800000137C03D
:040FB900000137C834
:040FBA00000137C833
:040FBB00000137D02A
:040FBC00000137D029
:040FBD00000137D820
:040FBE00000137D81F
:040FBF00000137E016
:040FC000000137E015
:040FC100000137E80C
:040FC200000137E80B
:040FC300000137F002
:040FC400000137F001
:040FC500000137F8F8
:040FC600000137F8F7
:040FC70000013800ED
:040FC80000013800EC
:040FC90000013808E3
:040FCA0000013808E2
:040FCB0000013810D9
:040FCC0000013810D8
:040FCD0000013818CF
:040FCE0000013818CE
:040FCF0000013820C5
:040FD00000013820C4
:040FD100000139F8EA
:040FD200000139F8E9
:040FD300000132ECFB
:040FD4000000000019
:040FD5000000000018
:040FD6000000000017
:040FD70000012C8861
:040FD8000000000015
:040FD9000000000014
:040FDA000000000013
:040FDB0000013830A9
:040FDC000000000011
:040FDD000000000010
:040FDE0000013830A6
:040FDF00000000000E
:040FE000000000000D
:040FE10000013830A3
:040FE200000000000B
:040FE300000000000A
:040FE4000000000009
:040FE5000000000008
:040FE6000000000007
:040FE7000000000006
:040FE8000000000005
:040FE9000000000004
:040FEA000000000003
:040FEB000000000002
:040FEC000000000001
:040FED000000000000
:040FEE0000000000FF
:040FEF0000000000FE
:040FF00000000000FD
:040FF10000000000FC
:040FF20000000000FB
:040FF30000000000FA
:040FF40000000000F9
:040FF50000000000F8
:040FF60000000000F7
:040FF70000000000F6
:040FF80000000000F5
:040FF90000000000F4
:040FFA0000000000F3
:040FFB0000000000F2
:040FFC0000000000F1
:040FFD0000000000F0
:040FFE0000000000EF
:040FFF0000000000EE
:0410000000000000EC
:0410010000000000EB
:0410020000000000EA
:0410030000000000E9
:0410040000000000E8
:0410050000000000E7
:0410060000000000E6
:0410070000000000E5
:0410080000000000E4
:0410090000000000E3
:04100A0000000000E2
:04100B0000000000E1
:04100C0000000000E0
:04100D0000000000DF
:04100E0000000000DE
:04100F0000000000DD
:0410100000000000DC
:0410110000000000DB
:0410120000000000DA
:0410130000000000D9
:0410140000000000D8
:0410150000000000D7
:0410160000000000D6
:0410170000000000D5
:0410180000000000D4
:0410190000000000D3
:04101A0000000000D2
:04101B0000000000D1
:04101C0000000000D0
:04101D0000000000CF
:04101E0000000000CE
:04101F0000000000CD
:0410200000000000CC
:0410210000000000CB
:0410220000000000CA
:0410230000000000C9
:0410240000000000C8
:0410250000000000C7
:0410260000000000C6
:0410270000000000C5
:0410280000000000C4
:0410290000000000C3
:04102A0000000000C2
:04102B0000000000C1
:04102C0000000000C0
:04102D0000000000BF
:04102E0000000000BE
:04102F0000000000BD
:0410300000000000BC
:0410310000000000BB
:0410320000000000BA
:0410330000000000B9
:0410340000000000B8
:0410350000000000B7
:0410360000000000B6
:0410370000000000B5
:0410380000000000B4
:0410390000000000B3
:04103A0000000000B2
:04103B00000139D89F
:04103C00000139D89E
:04103D000001330873
:04103E0000014170FC
:04103F00FFFFFFFFB1
:0410400000020000AA
:04104100000139F081
:04104200000139F080
:041043000001383040
:04104400000138303F
:04104500FFFFFFFFAB
:0410460000000000A6
:04104700000144F868
:0410480000000000A4
:0410490000000000A3
:04104A0000000000A2
:04104B0000000000A1
:04104C0000000000A0
:04104D00000000009F
:04104E00000000009E
:04104F00000000009D
:04105000000000009C
:04105100000000009B
:04105200000000009A
:041053000000000099
:041054000000000098
:041055000000000097
:041056000000000096
:041057000000000095
:041058000000000094
:041059000000000093
:04105A000000000092
:04105B000000000091
:04105C000000000090
:04105D00000000008F
:04105E00000000008E
:04105F00000000008D
:04106000000000008C
:04106100000000008B
:04106200000000008A
:041063000000000089
:041064000000000088
:041065000000000087
:041066000000000086
:041067000000000085
:041068000000000084
:041069000000000083
:04106A000000000082
:04106B000000000081
:04106C000000000080
:04106D00000000007F
:04106E00000000007E
:04106F00000000007D
:04107000000000007C
:04107100000000007B
:04107200000000007A
:041073000000000079
:041074000000000078
:041075000000000077
:041076000000000076
:041077000000000075
:041078000000000074
:041079000000000073
:04107A000000000072
:04107B000000000071
:04107C000000000070
:04107D00000000006F
:04107E00000000006E
:04107F00000000006D
:04108000000000006C
:04108100000000006B
:04108200000000006A
:041083000000000069
:041084000000000068
:041085000000000067
:041086000000000066
:041087000000000065
:041088000000000064
:041089000000000063
:04108A000000000062
:04108B000000000061
:04108C000000000060
:04108D00000000005F
:04108E00000000005E
:04108F00000000005D
:04109000000000005C
:04109100000000005B
:04109200000000005A
:041093000000000059
:041094000000000058
:041095000000000057
:041096000000000056
:041097000000000055
:041098000000000054
:041099000000000053
:04109A000000000052
:04109B000000000051
:04109C000000000050
:04109D00000000004F
:04109E00000000004E
:04109F00000000004D
:0410A000000000004C
:0410A100000000004B
:0410A200000000004A
:0410A3000000000049
:0410A4000000000048
:0410A5000000000047
:0410A6000000000046
:0410A7000000000045
:0410A8000000000044
:0410A9000000000043
:0410AA000000000042
:0410AB000000000041
:0410AC000000000040
:0410AD00000000003F
:0410AE00000000003E
:0410AF00000000003D
:0410B000000000003C
:0410B100000000003B
:0410B200000000003A
:0410B3000000000039
:0410B4000000000038
:0410B5000000000037
:0410B6000000000036
:0410B7000000000035
:0410B8000000000034
:0410B9000000000033
:0410BA000000000032
:0410BB000000000031
:0410BC000000000030
:0410BD00000000002F
:0410BE00000000002E
:0410BF00000000002D
:0410C000000000002C
:0410C100000000002B
:0410C200000000002A
:0410C3000000000029
:0410C4000000000028
:0410C5000000000027
:0410C6000000000026
:0410C7000000000025
:0410C8000000000024
:0410C9000000000023
:0410CA000000000022
:0410CB000000000021
:0410CC000000000020
:0410CD00000000001F
:0410CE00000000001E
:0410CF00000000001D
:0410D000000000001C
:0410D100000000001B
:0410D200000000001A
:0410D3000000000019
:0410D4000000000018
:0410D5000000000017
:0410D6000000000016
:0410D7000000000015
:0410D8000000000014
:0410D9000000000013
:0410DA000000000012
:0410DB000000000011
:0410DC000000000010
:0410DD00000000000F
:0410DE00000000000E
:0410DF00000000000D
:0410E000000000000C
:0410E100000000000B
:0410E200000000000A
:0410E3000000000009
:0410E4000000000008
:0410E5000000000007
:0410E6000000000006
:0410E7000000000005
:0410E8000000000004
:0410E9000000000003
:0410EA000000000002
:0410EB000000000001
:0410EC000000000000
:0410ED0000000000FF
:0410EE0000000000FE
:0410EF0000000000FD
:0410F00000000000FC
:0410F10000000000FB
:0410F20000000000FA
:0410F30000000000F9
:0410F40000000000F8
:0410F50000000000F7
:0410F60000000000F6
:0410F70000000000F5
:0410F80000000000F4
:0410F90000000000F3
:0410FA0000000000F2
:0410FB0000000000F1
:0410FC0000000000F0
:0410FD0000000000EF
:0410FE0000000000EE
:0410FF0000000000ED
:0411000000000000EB
:0411010000000000EA
:0411020000000000E9
:0411030000000000E8
:0411040000000000E7
:0411050000000000E6
:0411060000000000E5
:0411070000000000E4
:0411080000000000E3
:0411090000000000E2
:04110A0000000000E1
:04110B0000000000E0
:04110C0000000000DF
:04110D0000000000DE
:04110E0000000000DD
:04110F0000000000DC
:0411100000000000DB
:0411110000000000DA
:0411120000000000D9
:0411130000000000D8
:0411140000000000D7
:0411150000000000D6
:0411160000000000D5
:0411170000000000D4
:0411180000000000D3
:0411190000000000D2
:04111A0000000000D1
:04111B0000000000D0
:04111C0000000000CF
:04111D0000000000CE
:04111E0000000000CD
:04111F0000000000CC
:0411200000000000CB
:0411210000000000CA
:0411220000000000C9
:0411230000000000C8
:0411240000000000C7
:0411250000000000C6
:0411260000000000C5
:0411270000000000C4
:0411280000000000C3
:0411290000000000C2
:04112A0000000000C1
:04112B0000000000C0
:04112C0000000000BF
:04112D0000000000BE
:04112E0000000000BD
:04112F0000000000BC
:0411300000000000BB
:0411310000000000BA
:0411320000000000B9
:0411330000000000B8
:0411340000000000B7
:0411350000000000B6
:0411360000000000B5
:0411370000000000B4
:0411380000000000B3
:0411390000000000B2
:04113A0000000000B1
:04113B0000000000B0
:04113C0000000000AF
:04113D0000000000AE
:04113E0000000000AD
:04113F0000000000AC
:0411400000000000AB
:0411410000000000AA
:0411420000000000A9
:0411430000000000A8
:0411440000000000A7
:0411450000000000A6
:0411460000000000A5
:0411470000000000A4
:0411480000000000A3
:0411490000000000A2
:04114A0000000000A1
:04114B0000000000A0
:04114C00000000009F
:04114D00000000009E
:04114E00000000009D
:04114F00000000009C
:04115000000000009B
:04115100000000009A
:041152000000000099
:041153000000000098
:041154000000000097
:041155000000000096
:041156000000000095
:041157000000000094
:041158000000000093
:041159000000000092
:04115A000000000091
:04115B000000000090
:04115C00000000008F
:04115D00000000008E
:04115E00000000008D
:04115F00000000008C
:04116000000000008B
:04116100000000008A
:041162000000000089
:041163000000000088
:041164000000000087
:041165000000000086
:041166000000000085
:041167000000000084
:041168000000000083
:041169000000000082
:04116A000000000081
:04116B000000000080
:04116C00000000007F
:04116D00000000007E
:04116E00000000007D
:04116F00000000007C
:04117000000000007B
:04117100000000007A
:041172000000000079
:041173000000000078
:041174000000000077
:041175000000000076
:041176000000000075
:041177000000000074
:041178000000000073
:041179000000000072
:04117A000000000071
:04117B000000000070
:04117C00000000006F
:04117D00000000006E
:04117E00000000006D
:04117F00000000006C
:04118000000000006B
:04118100000000006A
:041182000000000069
:041183000000000068
:041184000000000067
:041185000000000066
:041186000000000065
:041187000000000064
:041188000000000063
:041189000000000062
:04118A000000000061
:04118B000000000060
:04118C00000000005F
:04118D00000000005E
:04118E00000000005D
:04118F00000000005C
:04119000000000005B
:04119100000000005A
:041192000000000059
:041193000000000058
:041194000000000057
:041195000000000056
:041196000000000055
:041197000000000054
:041198000000000053
:041199000000000052
:04119A000000000051
:04119B000000000050
:04119C00000000004F
:04119D00000000004E
:04119E00000000004D
:04119F00000000004C
:0411A000000000004B
:0411A100000000004A
:0411A2000000000049
:0411A3000000000048
:0411A4000000000047
:0411A5000000000046
:0411A6000000000045
:0411A7000000000044
:0411A8000000000043
:0411A9000000000042
:0411AA000000000041
:0411AB000000000040
:0411AC00000000003F
:0411AD00000000003E
:0411AE00000000003D
:0411AF00000000003C
:0411B000000000003B
:0411B100000000003A
:0411B2000000000039
:0411B3000000000038
:0411B4000000000037
:0411B5000000000036
:0411B6000000000035
:0411B7000000000034
:0411B8000000000033
:0411B9000000000032
:0411BA000000000031
:0411BB000000000030
:0411BC00000000002F
:0411BD00000000002E
:0411BE00000000002D
:0411BF00000000002C
:0411C000000000002B
:0411C100000000002A
:0411C2000000000029
:0411C3000000000028
:0411C4000000000027
:0411C5000000000026
:0411C6000000000025
:0411C7000000000024
:0411C8000000000023
:0411C9000000000022
:0411CA000000000021
:0411CB000000000020
:0411CC00000000001F
:0411CD00000000001E
:0411CE00000000001D
:0411CF00000000001C
:0411D000000000001B
:0411D100000000001A
:0411D2000000000019
:0411D3000000000018
:0411D4000000000017
:0411D5000000000016
:0411D6000000000015
:0411D7000000000014
:0411D8000000000013
:0411D9000000000012
:0411DA000000000011
:0411DB000000000010
:0411DC00000000000F
:0411DD00000000000E
:0411DE00000000000D
:0411DF00000000000C
:0411E000000000000B
:0411E100000000000A
:0411E2000000000009
:0411E3000000000008
:0411E4000000000007
:0411E5000000000006
:0411E6000000000005
:0411E7000000000004
:0411E8000000000003
:0411E9000000000002
:0411EA000000000001
:0411EB000000000000
:0411EC0000000000FF
:0411ED0000000000FE
:0411EE0000000000FD
:0411EF0000000000FC
:0411F00000000000FB
:0411F10000000000FA
:0411F20000000000F9
:0411F30000000000F8
:0411F40000000000F7
:0411F50000000000F6
:0411F60000000000F5
:0411F70000000000F4
:0411F80000000000F3
:0411F90000000000F2
:0411FA0000000000F1
:0411FB0000000000F0
:0411FC0000000000EF
:0411FD0000000000EE
:0411FE0000000000ED
:0411FF0000000000EC
:0412000000000000EA
:0412010000000000E9
:0412020000000000E8
:0412030000000000E7
:0412040000000000E6
:0412050000000000E5
:0412060000000000E4
:0412070000000000E3
:0412080000000000E2
:0412090000000000E1
:04120A0000000000E0
:04120B0000000000DF
:04120C0000000000DE
:04120D0000000000DD
:04120E0000000000DC
:04120F0000000000DB
:0412100000000000DA
:0412110000000000D9
:0412120000000000D8
:0412130000000000D7
:0412140000000000D6
:0412150000000000D5
:0412160000000000D4
:0412170000000000D3
:0412180000000000D2
:0412190000000000D1
:04121A0000000000D0
:04121B0000000000CF
:04121C0000000000CE
:04121D0000000000CD
:04121E0000000000CC
:04121F0000000000CB
:0412200000000000CA
:0412210000000000C9
:0412220000000000C8
:0412230000000000C7
:0412240000000000C6
:0412250000000000C5
:0412260000000000C4
:0412270000000000C3
:0412280000000000C2
:0412290000000000C1
:04122A0000000000C0
:04122B0000000000BF
:04122C0000000000BE
:04122D0000000000BD
:04122E0000000000BC
:04122F0000000000BB
:0412300000000000BA
:0412310000000000B9
:0412320000000000B8
:0412330000000000B7
:0412340000000000B6
:0412350000000000B5
:0412360000000000B4
:0412370000000000B3
:0412380000000000B2
:0412390000000000B1
:04123A0000000000B0
:04123B0000000000AF
:04123C0000000000AE
:04123D0000000000AD
:04123E0000000000AC
:04123F0000000000AB
:0412400000000000AA
:0412410000000000A9
:0412420000000000A8
:0412430000000000A7
:0412440000000000A6
:0412450000000000A5
:0412460000000000A4
:0412470000000000A3
:0412480000000000A2
:0412490000000000A1
:04124A0000000000A0
:04124B00000000009F
:04124C00000000009E
:04124D00000000009D
:04124E00000000009C
:04124F00000000009B
:04125000000000009A
:041251000000000099
:041252000000000098
:041253000000000097
:041254000000000096
:041255000000000095
:041256000000000094
:041257000000000093
:041258000000000092
:041259000000000091
:04125A000000000090
:04125B00000000008F
:04125C00000000008E
:04125D00000000008D
:04125E00000000008C
:04125F00000000008B
:04126000000000008A
:041261000000000089
:041262000000000088
:041263000000000087
:041264000000000086
:041265000000000085
:041266000000000084
:041267000000000083
:041268000000000082
:041269000000000081
:04126A000000000080
:04126B00000000007F
:04126C00000000007E
:04126D00000000007D
:04126E00000000007C
:04126F00000000007B
:04127000000000007A
:041271000000000079
:041272000000000078
:041273000000000077
:041274000000000076
:041275000000000075
:041276000000000074
:041277000000000073
:041278000000000072
:041279000000000071
:04127A000000000070
:04127B00000000006F
:04127C00000000006E
:04127D00000000006D
:04127E00000000006C
:04127F00000000006B
:04128000000000006A
:041281000000000069
:041282000000000068
:041283000000000067
:041284000000000066
:041285000000000065
:041286000000000064
:041287000000000063
:041288000000000062
:041289000000000061
:04128A000000000060
:04128B00000000005F
:04128C00000000005E
:04128D00000000005D
:04128E00000000005C
:04128F00000000005B
:04129000000000005A
:041291000000000059
:041292000000000058
:041293000000000057
:041294000000000056
:041295000000000055
:041296000000000054
:041297000000000053
:041298000000000052
:041299000000000051
:04129A000000000050
:04129B00000000004F
:04129C00000000004E
:04129D00000000004D
:04129E00000000004C
:04129F00000000004B
:0412A000000000004A
:0412A1000000000049
:0412A2000000000048
:0412A3000000000047
:0412A4000000000046
:0412A5000000000045
:0412A6000000000044
:0412A7000000000043
:0412A8000000000042
:0412A9000000000041
:0412AA000000000040
:0412AB00000000003F
:0412AC00000000003E
:0412AD00000000003D
:0412AE00000000003C
:0412AF00000000003B
:0412B000000000003A
:0412B1000000000039
:0412B2000000000038
:0412B3000000000037
:0412B4000000000036
:0412B5000000000035
:0412B6000000000034
:0412B7000000000033
:0412B8000000000032
:0412B9000000000031
:0412BA000000000030
:0412BB00000000002F
:0412BC00000000002E
:0412BD00000000002D
:0412BE00000000002C
:0412BF00000000002B
:0412C000000000002A
:0412C1000000000029
:0412C2000000000028
:0412C3000000000027
:0412C4000000000026
:0412C5000000000025
:0412C6000000000024
:0412C7000000000023
:0412C8000000000022
:0412C9000000000021
:0412CA000000000020
:0412CB00000000001F
:0412CC00000000001E
:0412CD00000000001D
:0412CE00000000001C
:0412CF00000000001B
:0412D000000000001A
:0412D1000000000019
:0412D2000000000018
:0412D3000000000017
:0412D4000000000016
:0412D5000000000015
:0412D6000000000014
:0412D7000000000013
:0412D8000000000012
:0412D9000000000011
:0412DA000000000010
:0412DB00000000000F
:0412DC00000000000E
:0412DD00000000000D
:0412DE00000000000C
:0412DF00000000000B
:0412E000000000000A
:0412E1000000000009
:0412E2000000000008
:0412E3000000000007
:0412E4000000000006
:0412E5000000000005
:0412E6000000000004
:0412E7000000000003
:0412E8000000000002
:0412E9000000000001
:0412EA000000000000
:0412EB0000000000FF
:0412EC0000000000FE
:0412ED0000000000FD
:0412EE0000000000FC
:0412EF0000000000FB
:0412F00000000000FA
:0412F10000000000F9
:0412F20000000000F8
:0412F30000000000F7
:0412F40000000000F6
:0412F50000000000F5
:0412F60000000000F4
:0412F70000000000F3
:0412F80000000000F2
:0412F90000000000F1
:0412FA0000000000F0
:0412FB0000000000EF
:0412FC0000000000EE
:0412FD0000000000ED
:0412FE0000000000EC
:0412FF0000000000EB
:0413000000000000E9
:0413010000000000E8
:0413020000000000E7
:0413030000000000E6
:0413040000000000E5
:0413050000000000E4
:0413060000000000E3
:0413070000000000E2
:0413080000000000E1
:0413090000000000E0
:04130A0000000000DF
:04130B0000000000DE
:04130C0000000000DD
:04130D0000000000DC
:04130E0000000000DB
:04130F0000000000DA
:0413100000000000D9
:0413110000000000D8
:0413120000000000D7
:0413130000000000D6
:0413140000000000D5
:0413150000000000D4
:0413160000000000D3
:0413170000000000D2
:0413180000000000D1
:0413190000000000D0
:04131A0000000000CF
:04131B0000000000CE
:04131C0000000000CD
:04131D0000000000CC
:04131E0000000000CB
:04131F0000000000CA
:0413200000000000C9
:0413210000000000C8
:0413220000000000C7
:0413230000000000C6
:0413240000000000C5
:0413250000000000C4
:0413260000000000C3
:0413270000000000C2
:0413280000000000C1
:0413290000000000C0
:04132A0000000000BF
:04132B0000000000BE
:04132C0000000000BD
:04132D0000000000BC
:04132E0000000000BB
:04132F0000000000BA
:0413300000000000B9
:0413310000000000B8
:0413320000000000B7
:0413330000000000B6
:0413340000000000B5
:0413350000000000B4
:0413360000000000B3
:0413370000000000B2
:0413380000000000B1
:0413390000000000B0
:04133A0000000000AF
:04133B0000000000AE
:04133C0000000000AD
:04133D0000000000AC
:04133E0000000000AB
:04133F0000000000AA
:0413400000000000A9
:0413410000000000A8
:0413420000000000A7
:0413430000000000A6
:0413440000000000A5
:0413450000000000A4
:0413460000000000A3
:0413470000000000A2
:0413480000000000A1
:0413490000000000A0
:04134A00000000009F
:04134B00000000009E
:04134C00000000009D
:04134D00000000009C
:04134E00000000009B
:04134F00000000009A
:041350000000000099
:041351000000000098
:041352000000000097
:041353000000000096
:041354000000000095
:041355000000000094
:041356000000000093
:041357000000000092
:041358000000000091
:041359000000000090
:04135A00000000008F
:04135B00000000008E
:04135C00000000008D
:04135D00000000008C
:04135E00000000008B
:04135F00000000008A
:041360000000000089
:041361000000000088
:041362000000000087
:041363000000000086
:041364000000000085
:041365000000000084
:041366000000000083
:041367000000000082
:041368000000000081
:041369000000000080
:04136A00000000007F
:04136B00000000007E
:04136C00000000007D
:04136D00000000007C
:04136E00000000007B
:04136F00000000007A
:041370000000000079
:041371000000000078
:041372000000000077
:041373000000000076
:041374000000000075
:041375000000000074
:041376000000000073
:041377000000000072
:041378000000000071
:041379000000000070
:04137A00000000006F
:04137B00000000006E
:04137C00000000006D
:04137D00000000006C
:04137E00000000006B
:04137F00000000006A
:041380000000000069
:041381000000000068
:041382000000000067
:041383000000000066
:041384000000000065
:041385000000000064
:041386000000000063
:041387000000000062
:041388000000000061
:041389000000000060
:04138A00000000005F
:04138B00000000005E
:04138C00000000005D
:04138D00000000005C
:04138E00000000005B
:04138F00000000005A
:041390000000000059
:041391000000000058
:041392000000000057
:041393000000000056
:041394000000000055
:041395000000000054
:041396000000000053
:041397000000000052
:041398000000000051
:041399000000000050
:04139A00000000004F
:04139B00000000004E
:04139C00000000004D
:04139D00000000004C
:04139E00000000004B
:04139F00000000004A
:0413A0000000000049
:0413A1000000000048
:0413A2000000000047
:0413A3000000000046
:0413A4000000000045
:0413A5000000000044
:0413A6000000000043
:0413A7000000000042
:0413A8000000000041
:0413A9000000000040
:0413AA00000000003F
:0413AB00000000003E
:0413AC00000000003D
:0413AD00000000003C
:0413AE00000000003B
:0413AF00000000003A
:0413B0000000000039
:0413B1000000000038
:0413B2000000000037
:0413B3000000000036
:0413B4000000000035
:0413B5000000000034
:0413B6000000000033
:0413B7000000000032
:0413B8000000000031
:0413B9000000000030
:0413BA00000000002F
:0413BB00000000002E
:0413BC00000000002D
:0413BD00000000002C
:0413BE00000000002B
:0413BF00000000002A
:0413C0000000000029
:0413C1000000000028
:0413C2000000000027
:0413C3000000000026
:0413C4000000000025
:0413C5000000000024
:0413C6000000000023
:0413C7000000000022
:0413C8000000000021
:0413C9000000000020
:0413CA00000000001F
:0413CB00000000001E
:0413CC00000000001D
:0413CD00000000001C
:0413CE00000000001B
:0413CF00000000001A
:0413D0000000000019
:0413D1000000000018
:0413D2000000000017
:0413D3000000000016
:0413D4000000000015
:0413D5000000000014
:0413D6000000000013
:0413D7000000000012
:0413D8000000000011
:0413D9000000000010
:0413DA00000000000F
:0413DB00000000000E
:0413DC00000000000D
:0413DD00000000000C
:0413DE00000000000B
:0413DF00000000000A
:0413E0000000000009
:0413E1000000000008
:0413E2000000000007
:0413E3000000000006
:0413E4000000000005
:0413E5000000000004
:0413E6000000000003
:0413E7000000000002
:0413E8000000000001
:0413E9000000000000
:0413EA0000000000FF
:0413EB0000000000FE
:0413EC0000000000FD
:0413ED0000000000FC
:0413EE0000000000FB
:0413EF0000000000FA
:0413F00000000000F9
:0413F10000000000F8
:0413F20000000000F7
:0413F30000000000F6
:0413F40000000000F5
:0413F50000000000F4
:0413F60000000000F3
:0413F70000000000F2
:0413F80000000000F1
:0413F90000000000F0
:0413FA0000000000EF
:0413FB0000000000EE
:0413FC0000000000ED
:0413FD0000000000EC
:0413FE0000000000EB
:0413FF0000000000EA
:0414000000000000E8
:0414010000000000E7
:0414020000000000E6
:0414030000000000E5
:0414040000000000E4
:0414050000000000E3
:0414060000000000E2
:0414070000000000E1
:0414080000000000E0
:0414090000000000DF
:04140A0000000000DE
:04140B0000000000DD
:04140C0000000000DC
:04140D0000000000DB
:04140E0000000000DA
:04140F0000000000D9
:0414100000000000D8
:0414110000000000D7
:0414120000000000D6
:0414130000000000D5
:0414140000000000D4
:0414150000000000D3
:0414160000000000D2
:0414170000000000D1
:0414180000000000D0
:0414190000000000CF
:04141A0000000000CE
:04141B0000000000CD
:04141C0000000000CC
:04141D0000000000CB
:04141E0000000000CA
:04141F0000000000C9
:0414200000000000C8
:0414210000000000C7
:0414220000000000C6
:0414230000000000C5
:0414240000000000C4
:0414250000000000C3
:0414260000000000C2
:0414270000000000C1
:0414280000000000C0
:0414290000000000BF
:04142A0000000000BE
:04142B0000000000BD
:04142C0000000000BC
:04142D0000000000BB
:04142E0000000000BA
:04142F0000000000B9
:0414300000000000B8
:0414310000000000B7
:0414320000000000B6
:0414330000000000B5
:0414340000000000B4
:0414350000000000B3
:0414360000000000B2
:0414370000000000B1
:0414380000000000B0
:0414390000000000AF
:04143A0000000000AE
:04143B0000000000AD
:04143C0000000000AC
:04143D0000000000AB
:04143E0000000000AA
:04143F0000000000A9
:0414400000000000A8
:0414410000000000A7
:0414420000000000A6
:0414430000000000A5
:0414440000000000A4
:0414450000000000A3
:0414460000000000A2
:0414470000000000A1
:0414480000000000A0
:04144900000000009F
:04144A00000000009E
:04144B00000000009D
:04144C00000000009C
:04144D00000000009B
:04144E00000000009A
:04144F000000000099
:041450000000000098
:041451000000000097
:041452000000000096
:041453000000000095
:041454000000000094
:041455000000000093
:041456000000000092
:041457000000000091
:041458000000000090
:04145900000000008F
:04145A00000000008E
:04145B00000000008D
:04145C00000000008C
:04145D00000000008B
:04145E00000000008A
:04145F000000000089
:041460000000000088
:041461000000000087
:041462000000000086
:041463000000000085
:041464000000000084
:041465000000000083
:041466000000000082
:041467000000000081
:041468000000000080
:04146900000000007F
:04146A00000000007E
:04146B00000000007D
:04146C00000000007C
:04146D00000000007B
:04146E00000000007A
:04146F000000000079
:041470000000000078
:041471000000000077
:041472000000000076
:041473000000000075
:041474000000000074
:041475000000000073
:041476000000000072
:041477000000000071
:041478000000000070
:04147900000000006F
:04147A00000000006E
:04147B00000000006D
:04147C00000000006C
:04147D00000000006B
:04147E00000000006A
:04147F000000000069
:041480000000000068
:041481000000000067
:041482000000000066
:041483000000000065
:041484000000000064
:041485000000000063
:041486000000000062
:041487000000000061
:041488000000000060
:04148900000000005F
:04148A00000000005E
:04148B00000000005D
:04148C00000000005C
:04148D00000000005B
:04148E00000000005A
:04148F000000000059
:041490000000000058
:041491000000000057
:041492000000000056
:041493000000000055
:041494000000000054
:041495000000000053
:041496000000000052
:041497000000000051
:041498000000000050
:04149900000000004F
:04149A00000000004E
:04149B00000000004D
:04149C00000000004C
:04149D00000000004B
:04149E00000000004A
:04149F000000000049
:0414A0000000000048
:0414A1000000000047
:0414A2000000000046
:0414A3000000000045
:0414A4000000000044
:0414A5000000000043
:0414A6000000000042
:0414A7000000000041
:0414A8000000000040
:0414A900000000003F
:0414AA00000000003E
:0414AB00000000003D
:0414AC00000000003C
:0414AD00000000003B
:0414AE00000000003A
:0414AF000000000039
:0414B0000000000038
:0414B1000000000037
:0414B2000000000036
:0414B3000000000035
:0414B4000000000034
:0414B5000000000033
:0414B6000000000032
:0414B7000000000031
:0414B8000000000030
:0414B900000000002F
:0414BA00000000002E
:0414BB00000000002D
:0414BC00000000002C
:0414BD00000000002B
:0414BE00000000002A
:0414BF000000000029
:0414C0000000000028
:0414C1000000000027
:0414C2000000000026
:0414C3000000000025
:0414C4000000000024
:0414C5000000000023
:0414C6000000000022
:0414C7000000000021
:0414C8000000000020
:0414C900000000001F
:0414CA00000000001E
:0414CB00000000001D
:0414CC00000000001C
:0414CD00000000001B
:0414CE00000000001A
:0414CF000000000019
:0414D0000000000018
:0414D1000000000017
:0414D2000000000016
:0414D3000000000015
:0414D4000000000014
:0414D5000000000013
:0414D6000000000012
:0414D7000000000011
:0414D8000000000010
:0414D900000000000F
:0414DA00000000000E
:0414DB00000000000D
:0414DC00000000000C
:0414DD00000000000B
:0414DE00000000000A
:0414DF000000000009
:0414E0000000000008
:0414E1000000000007
:0414E2000000000006
:0414E3000000000005
:0414E4000000000004
:0414E5000000000003
:0414E6000000000002
:0414E7000000000001
:0414E8000000000000
:0414E90000000000FF
:0414EA0000000000FE
:0414EB0000000000FD
:0414EC0000000000FC
:0414ED0000000000FB
:0414EE0000000000FA
:0414EF0000000000F9
:0414F00000000000F8
:0414F10000000000F7
:0414F20000000000F6
:0414F30000000000F5
:0414F40000000000F4
:0414F50000000000F3
:0414F60000000000F2
:0414F70000000000F1
:0414F80000000000F0
:0414F90000000000EF
:0414FA0000000000EE
:0414FB0000000000ED
:0414FC0000000000EC
:0414FD0000000000EB
:0414FE0000000000EA
:0414FF0000000000E9
:0415000000000000E7
:0415010000000000E6
:0415020000000000E5
:0415030000000000E4
:0415040000000000E3
:0415050000000000E2
:0415060000000000E1
:0415070000000000E0
:0415080000000000DF
:0415090000000000DE
:04150A0000000000DD
:04150B0000000000DC
:04150C0000000000DB
:04150D0000000000DA
:04150E0000000000D9
:04150F0000000000D8
:0415100000000000D7
:0415110000000000D6
:0415120000000000D5
:0415130000000000D4
:0415140000000000D3
:0415150000000000D2
:0415160000000000D1
:0415170000000000D0
:0415180000000000CF
:0415190000000000CE
:04151A0000000000CD
:04151B0000000000CC
:04151C0000000000CB
:04151D0000000000CA
:04151E0000000000C9
:04151F0000000000C8
:0415200000000000C7
:0415210000000000C6
:0415220000000000C5
:0415230000000000C4
:0415240000000000C3
:0415250000000000C2
:0415260000000000C1
:0415270000000000C0
:0415280000000000BF
:0415290000000000BE
:04152A0000000000BD
:04152B0000000000BC
:04152C0000000000BB
:04152D0000000000BA
:04152E0000000000B9
:04152F0000000000B8
:0415300000000000B7
:0415310000000000B6
:0415320000000000B5
:0415330000000000B4
:0415340000000000B3
:0415350000000000B2
:0415360000000000B1
:0415370000000000B0
:0415380000000000AF
:0415390000000000AE
:04153A0000000000AD
:04153B0000000000AC
:04153C0000000000AB
:04153D0000000000AA
:04153E0000000000A9
:04153F0000000000A8
:0415400000000000A7
:0415410000000000A6
:0415420000000000A5
:0415430000000000A4
:0415440000000000A3
:0415450000000000A2
:0415460000000000A1
:0415470000000000A0
:04154800000000009F
:04154900000000009E
:04154A00000000009D
:04154B00000000009C
:04154C00000000009B
:04154D00000000009A
:04154E000000000099
:04154F000000000098
:041550000000000097
:041551000000000096
:041552000000000095
:041553000000000094
:041554000000000093
:041555000000000092
:041556000000000091
:041557000000000090
:04155800000000008F
:04155900000000008E
:04155A00000000008D
:04155B00000000008C
:04155C00000000008B
:04155D00000000008A
:04155E000000000089
:04155F000000000088
:041560000000000087
:041561000000000086
:041562000000000085
:041563000000000084
:041564000000000083
:041565000000000082
:041566000000000081
:041567000000000080
:04156800000000007F
:04156900000000007E
:04156A00000000007D
:04156B00000000007C
:04156C00000000007B
:04156D00000000007A
:04156E000000000079
:04156F000000000078
:041570000000000077
:041571000000000076
:041572000000000075
:041573000000000074
:041574000000000073
:041575000000000072
:041576000000000071
:041577000000000070
:04157800000000006F
:04157900000000006E
:04157A00000000006D
:04157B00000000006C
:04157C00000000006B
:04157D00000000006A
:04157E000000000069
:04157F000000000068
:041580000000000067
:041581000000000066
:041582000000000065
:041583000000000064
:041584000000000063
:041585000000000062
:041586000000000061
:041587000000000060
:04158800000000005F
:04158900000000005E
:04158A00000000005D
:04158B00000000005C
:04158C00000000005B
:04158D00000000005A
:04158E000000000059
:04158F000000000058
:041590000000000057
:041591000000000056
:041592000000000055
:041593000000000054
:041594000000000053
:041595000000000052
:041596000000000051
:041597000000000050
:04159800000000004F
:04159900000000004E
:04159A00000000004D
:04159B00000000004C
:04159C00000000004B
:04159D00000000004A
:04159E000000000049
:04159F000000000048
:0415A0000000000047
:0415A1000000000046
:0415A2000000000045
:0415A3000000000044
:0415A4000000000043
:0415A5000000000042
:0415A6000000000041
:0415A7000000000040
:0415A800000000003F
:0415A900000000003E
:0415AA00000000003D
:0415AB00000000003C
:0415AC00000000003B
:0415AD00000000003A
:0415AE000000000039
:0415AF000000000038
:0415B0000000000037
:0415B1000000000036
:0415B2000000000035
:0415B3000000000034
:0415B4000000000033
:0415B5000000000032
:0415B6000000000031
:0415B7000000000030
:0415B800000000002F
:0415B900000000002E
:0415BA00000000002D
:0415BB00000000002C
:0415BC00000000002B
:0415BD00000000002A
:0415BE000000000029
:0415BF000000000028
:0415C0000000000027
:0415C1000000000026
:0415C2000000000025
:0415C3000000000024
:0415C4000000000023
:0415C5000000000022
:0415C6000000000021
:0415C7000000000020
:0415C800000000001F
:0415C900000000001E
:0415CA00000000001D
:0415CB00000000001C
:0415CC00000000001B
:0415CD00000000001A
:0415CE000000000019
:0415CF000000000018
:0415D0000000000017
:0415D1000000000016
:0415D2000000000015
:0415D3000000000014
:0415D4000000000013
:0415D5000000000012
:0415D6000000000011
:0415D7000000000010
:0415D800000000000F
:0415D900000000000E
:0415DA00000000000D
:0415DB00000000000C
:0415DC00000000000B
:0415DD00000000000A
:0415DE000000000009
:0415DF000000000008
:0415E0000000000007
:0415E1000000000006
:0415E2000000000005
:0415E3000000000004
:0415E4000000000003
:0415E5000000000002
:0415E6000000000001
:0415E7000000000000
:0415E80000000000FF
:0415E90000000000FE
:0415EA0000000000FD
:0415EB0000000000FC
:0415EC0000000000FB
:0415ED0000000000FA
:0415EE0000000000F9
:0415EF0000000000F8
:0415F00000000000F7
:0415F10000000000F6
:0415F20000000000F5
:0415F30000000000F4
:0415F40000000000F3
:0415F50000000000F2
:0415F60000000000F1
:0415F70000000000F0
:0415F80000000000EF
:0415F90000000000EE
:0415FA0000000000ED
:0415FB0000000000EC
:0415FC0000000000EB
:0415FD0000000000EA
:0415FE0000000000E9
:0415FF0000000000E8
:0416000000000000E6
:0416010000000000E5
:0416020000000000E4
:0416030000000000E3
:0416040000000000E2
:0416050000000000E1
:0416060000000000E0
:0416070000000000DF
:0416080000000000DE
:0416090000000000DD
:04160A0000000000DC
:04160B0000000000DB
:04160C0000000000DA
:04160D0000000000D9
:04160E0000000000D8
:04160F0000000000D7
:0416100000000000D6
:0416110000000000D5
:0416120000000000D4
:0416130000000000D3
:0416140000000000D2
:0416150000000000D1
:0416160000000000D0
:0416170000000000CF
:0416180000000000CE
:0416190000000000CD
:04161A0000000000CC
:04161B0000000000CB
:04161C0000000000CA
:04161D0000000000C9
:04161E0000000000C8
:04161F0000000000C7
:0416200000000000C6
:0416210000000000C5
:0416220000000000C4
:0416230000000000C3
:0416240000000000C2
:0416250000000000C1
:0416260000000000C0
:0416270000000000BF
:0416280000000000BE
:0416290000000000BD
:04162A0000000000BC
:04162B0000000000BB
:04162C0000000000BA
:04162D0000000000B9
:04162E0000000000B8
:04162F0000000000B7
:0416300000000000B6
:0416310000000000B5
:0416320000000000B4
:0416330000000000B3
:0416340000000000B2
:0416350000000000B1
:0416360000000000B0
:0416370000000000AF
:0416380000000000AE
:0416390000000000AD
:04163A0000000000AC
:04163B0000000000AB
:04163C0000000000AA
:04163D0000000000A9
:04163E0000000000A8
:04163F0000000000A7
:0416400000000000A6
:0416410000000000A5
:0416420000000000A4
:0416430000000000A3
:0416440000000000A2
:0416450000000000A1
:0416460000000000A0
:04164700000000009F
:04164800000000009E
:04164900000000009D
:04164A00000000009C
:04164B00000000009B
:04164C00000000009A
:04164D000000000099
:04164E000000000098
:04164F000000000097
:041650000000000096
:041651000000000095
:041652000000000094
:041653000000000093
:041654000000000092
:041655000000000091
:041656000000000090
:04165700000000008F
:04165800000000008E
:04165900000000008D
:04165A00000000008C
:04165B00000000008B
:04165C00000000008A
:04165D000000000089
:04165E000000000088
:04165F000000000087
:041660000000000086
:041661000000000085
:041662000000000084
:041663000000000083
:041664000000000082
:041665000000000081
:041666000000000080
:04166700000000007F
:04166800000000007E
:04166900000000007D
:04166A00000000007C
:04166B00000000007B
:04166C00000000007A
:04166D000000000079
:04166E000000000078
:04166F000000000077
:041670000000000076
:041671000000000075
:041672000000000074
:041673000000000073
:041674000000000072
:041675000000000071
:041676000000000070
:04167700000000006F
:04167800000000006E
:04167900000000006D
:04167A00000000006C
:04167B00000000006B
:04167C00000000006A
:04167D000000000069
:04167E000000000068
:04167F000000000067
:041680000000000066
:041681000000000065
:041682000000000064
:041683000000000063
:041684000000000062
:041685000000000061
:041686000000000060
:04168700000000005F
:04168800000000005E
:04168900000000005D
:04168A00000000005C
:04168B00000000005B
:04168C00000000005A
:04168D000000000059
:04168E000000000058
:04168F000000000057
:041690000000000056
:041691000000000055
:041692000000000054
:041693000000000053
:041694000000000052
:041695000000000051
:041696000000000050
:04169700000000004F
:04169800000000004E
:04169900000000004D
:04169A00000000004C
:04169B00000000004B
:04169C00000000004A
:04169D000000000049
:04169E000000000048
:04169F000000000047
:0416A0000000000046
:0416A1000000000045
:0416A2000000000044
:0416A3000000000043
:0416A4000000000042
:0416A5000000000041
:0416A6000000000040
:0416A700000000003F
:0416A800000000003E
:0416A900000000003D
:0416AA00000000003C
:0416AB00000000003B
:0416AC00000000003A
:0416AD000000000039
:0416AE000000000038
:0416AF000000000037
:0416B0000000000036
:0416B1000000000035
:0416B2000000000034
:0416B3000000000033
:0416B4000000000032
:0416B5000000000031
:0416B6000000000030
:0416B700000000002F
:0416B800000000002E
:0416B900000000002D
:0416BA00000000002C
:0416BB00000000002B
:0416BC00000000002A
:0416BD000000000029
:0416BE000000000028
:0416BF000000000027
:0416C0000000000026
:0416C1000000000025
:0416C2000000000024
:0416C3000000000023
:0416C4000000000022
:0416C5000000000021
:0416C6000000000020
:0416C700000000001F
:0416C800000000001E
:0416C900000000001D
:0416CA00000000001C
:0416CB00000000001B
:0416CC00000000001A
:0416CD000000000019
:0416CE000000000018
:0416CF000000000017
:0416D0000000000016
:0416D1000000000015
:0416D2000000000014
:0416D3000000000013
:0416D4000000000012
:0416D5000000000011
:0416D6000000000010
:0416D700000000000F
:0416D800000000000E
:0416D900000000000D
:0416DA00000000000C
:0416DB00000000000B
:0416DC00000000000A
:0416DD000000000009
:0416DE000000000008
:0416DF000000000007
:0416E0000000000006
:0416E1000000000005
:0416E2000000000004
:0416E3000000000003
:0416E4000000000002
:0416E5000000000001
:0416E6000000000000
:0416E70000000000FF
:0416E80000000000FE
:0416E90000000000FD
:0416EA0000000000FC
:0416EB0000000000FB
:0416EC0000000000FA
:0416ED0000000000F9
:0416EE0000000000F8
:0416EF0000000000F7
:0416F00000000000F6
:0416F10000000000F5
:0416F20000000000F4
:0416F30000000000F3
:0416F40000000000F2
:0416F50000000000F1
:0416F60000000000F0
:0416F70000000000EF
:0416F80000000000EE
:0416F90000000000ED
:0416FA0000000000EC
:0416FB0000000000EB
:0416FC0000000000EA
:0416FD0000000000E9
:0416FE0000000000E8
:0416FF0000000000E7
:0417000000000000E5
:0417010000000000E4
:0417020000000000E3
:0417030000000000E2
:0417040000000000E1
:0417050000000000E0
:0417060000000000DF
:0417070000000000DE
:0417080000000000DD
:0417090000000000DC
:04170A0000000000DB
:04170B0000000000DA
:04170C0000000000D9
:04170D0000000000D8
:04170E0000000000D7
:04170F0000000000D6
:0417100000000000D5
:0417110000000000D4
:0417120000000000D3
:0417130000000000D2
:0417140000000000D1
:0417150000000000D0
:0417160000000000CF
:0417170000000000CE
:0417180000000000CD
:0417190000000000CC
:04171A0000000000CB
:04171B0000000000CA
:04171C0000000000C9
:04171D0000000000C8
:04171E0000000000C7
:04171F0000000000C6
:0417200000000000C5
:0417210000000000C4
:0417220000000000C3
:0417230000000000C2
:0417240000000000C1
:0417250000000000C0
:0417260000000000BF
:0417270000000000BE
:0417280000000000BD
:0417290000000000BC
:04172A0000000000BB
:04172B0000000000BA
:04172C0000000000B9
:04172D0000000000B8
:04172E0000000000B7
:04172F0000000000B6
:0417300000000000B5
:0417310000000000B4
:0417320000000000B3
:0417330000000000B2
:0417340000000000B1
:0417350000000000B0
:0417360000000000AF
:0417370000000000AE
:0417380000000000AD
:0417390000000000AC
:04173A0000000000AB
:04173B0000000000AA
:04173C0000000000A9
:04173D0000000000A8
:04173E0000000000A7
:04173F0000000000A6
:0417400000000000A5
:0417410000000000A4
:0417420000000000A3
:0417430000000000A2
:0417440000000000A1
:0417450000000000A0
:04174600000000009F
:04174700000000009E
:04174800000000009D
:04174900000000009C
:04174A00000000009B
:04174B00000000009A
:04174C000000000099
:04174D000000000098
:04174E000000000097
:04174F000000000096
:041750000000000095
:041751000000000094
:041752000000000093
:041753000000000092
:041754000000000091
:041755000000000090
:04175600000000008F
:04175700000000008E
:04175800000000008D
:04175900000000008C
:04175A00000000008B
:04175B00000000008A
:04175C000000000089
:04175D000000000088
:04175E000000000087
:04175F000000000086
:041760000000000085
:041761000000000084
:041762000000000083
:041763000000000082
:041764000000000081
:041765000000000080
:04176600000000007F
:04176700000000007E
:04176800000000007D
:04176900000000007C
:04176A00000000007B
:04176B00000000007A
:04176C000000000079
:04176D000000000078
:04176E000000000077
:04176F000000000076
:041770000000000075
:041771000000000074
:041772000000000073
:041773000000000072
:041774000000000071
:041775000000000070
:04177600000000006F
:04177700000000006E
:04177800000000006D
:04177900000000006C
:04177A00000000006B
:04177B00000000006A
:04177C000000000069
:04177D000000000068
:04177E000000000067
:04177F000000000066
:041780000000000065
:041781000000000064
:041782000000000063
:041783000000000062
:041784000000000061
:041785000000000060
:04178600000000005F
:04178700000000005E
:04178800000000005D
:04178900000000005C
:04178A00000000005B
:04178B00000000005A
:04178C000000000059
:04178D000000000058
:04178E000000000057
:04178F000000000056
:041790000000000055
:041791000000000054
:041792000000000053
:041793000000000052
:041794000000000051
:041795000000000050
:04179600000000004F
:04179700000000004E
:04179800000000004D
:04179900000000004C
:04179A00000000004B
:04179B00000000004A
:04179C000000000049
:04179D000000000048
:04179E000000000047
:04179F000000000046
:0417A0000000000045
:0417A1000000000044
:0417A2000000000043
:0417A3000000000042
:0417A4000000000041
:0417A5000000000040
:0417A600000000003F
:0417A700000000003E
:0417A800000000003D
:0417A900000000003C
:0417AA00000000003B
:0417AB00000000003A
:0417AC000000000039
:0417AD000000000038
:0417AE000000000037
:0417AF000000000036
:0417B0000000000035
:0417B1000000000034
:0417B2000000000033
:0417B3000000000032
:0417B4000000000031
:0417B5000000000030
:0417B600000000002F
:0417B700000000002E
:0417B800000000002D
:0417B900000000002C
:0417BA00000000002B
:0417BB00000000002A
:0417BC000000000029
:0417BD000000000028
:0417BE000000000027
:0417BF000000000026
:0417C0000000000025
:0417C1000000000024
:0417C2000000000023
:0417C3000000000022
:0417C4000000000021
:0417C5000000000020
:0417C600000000001F
:0417C700000000001E
:0417C800000000001D
:0417C900000000001C
:0417CA00000000001B
:0417CB00000000001A
:0417CC000000000019
:0417CD000000000018
:0417CE000000000017
:0417CF000000000016
:0417D0000000000015
:0417D1000000000014
:0417D2000000000013
:0417D3000000000012
:0417D4000000000011
:0417D5000000000010
:0417D600000000000F
:0417D700000000000E
:0417D800000000000D
:0417D900000000000C
:0417DA00000000000B
:0417DB00000000000A
:0417DC000000000009
:0417DD000000000008
:0417DE000000000007
:0417DF000000000006
:0417E0000000000005
:0417E1000000000004
:0417E2000000000003
:0417E3000000000002
:0417E4000000000001
:0417E5000000000000
:0417E60000000000FF
:0417E70000000000FE
:0417E80000000000FD
:0417E90000000000FC
:0417EA0000000000FB
:0417EB0000000000FA
:0417EC0000000000F9
:0417ED0000000000F8
:0417EE0000000000F7
:0417EF0000000000F6
:0417F00000000000F5
:0417F10000000000F4
:0417F20000000000F3
:0417F30000000000F2
:0417F40000000000F1
:0417F50000000000F0
:0417F60000000000EF
:0417F70000000000EE
:0417F80000000000ED
:0417F90000000000EC
:0417FA0000000000EB
:0417FB0000000000EA
:0417FC0000000000E9
:0417FD0000000000E8
:0417FE0000000000E7
:0417FF0000000000E6
:0418000000000000E4
:0418010000000000E3
:0418020000000000E2
:0418030000000000E1
:0418040000000000E0
:0418050000000000DF
:0418060000000000DE
:0418070000000000DD
:0418080000000000DC
:0418090000000000DB
:04180A0000000000DA
:04180B0000000000D9
:04180C0000000000D8
:04180D0000000000D7
:04180E0000000000D6
:04180F0000000000D5
:0418100000000000D4
:0418110000000000D3
:0418120000000000D2
:0418130000000000D1
:0418140000000000D0
:0418150000000000CF
:0418160000000000CE
:0418170000000000CD
:0418180000000000CC
:0418190000000000CB
:04181A0000000000CA
:04181B0000000000C9
:04181C0000000000C8
:04181D0000000000C7
:04181E0000000000C6
:04181F0000000000C5
:0418200000000000C4
:0418210000000000C3
:0418220000000000C2
:0418230000000000C1
:0418240000000000C0
:0418250000000000BF
:0418260000000000BE
:0418270000000000BD
:0418280000000000BC
:0418290000000000BB
:04182A0000000000BA
:04182B0000000000B9
:04182C0000000000B8
:04182D0000000000B7
:04182E0000000000B6
:04182F0000000000B5
:0418300000000000B4
:0418310000000000B3
:0418320000000000B2
:0418330000000000B1
:0418340000000000B0
:0418350000000000AF
:0418360000000000AE
:0418370000000000AD
:0418380000000000AC
:0418390000000000AB
:04183A0000000000AA
:04183B0000000000A9
:04183C0000000000A8
:04183D0000000000A7
:04183E0000000000A6
:04183F0000000000A5
:0418400000000000A4
:0418410000000000A3
:0418420000000000A2
:0418430000000000A1
:0418440000000000A0
:04184500000000009F
:04184600000000009E
:04184700000000009D
:04184800000000009C
:04184900000000009B
:04184A00000000009A
:04184B000000000099
:04184C000000000098
:04184D000000000097
:04184E000000000096
:04184F000000000095
:041850000000000094
:041851000000000093
:041852000000000092
:041853000000000091
:041854000000000090
:04185500000000008F
:04185600000000008E
:04185700000000008D
:04185800000000008C
:04185900000000008B
:04185A00000000008A
:04185B000000000089
:04185C000000000088
:04185D000000000087
:04185E000000000086
:04185F000000000085
:041860000000000084
:041861000000000083
:041862000000000082
:041863000000000081
:041864000000000080
:04186500000000007F
:04186600000000007E
:04186700000000007D
:04186800000000007C
:04186900000000007B
:04186A00000000007A
:04186B000000000079
:04186C000000000078
:04186D000000000077
:04186E000000000076
:04186F000000000075
:041870000000000074
:041871000000000073
:041872000000000072
:041873000000000071
:041874000000000070
:04187500000000006F
:04187600000000006E
:04187700000000006D
:04187800000000006C
:04187900000000006B
:04187A00000000006A
:04187B000000000069
:04187C000000000068
:04187D000000000067
:04187E000000000066
:04187F000000000065
:041880000000000064
:041881000000000063
:041882000000000062
:041883000000000061
:041884000000000060
:04188500000000005F
:04188600000000005E
:04188700000000005D
:04188800000000005C
:04188900000000005B
:04188A00000000005A
:04188B000000000059
:04188C000000000058
:04188D000000000057
:04188E000000000056
:04188F000000000055
:041890000000000054
:041891000000000053
:041892000000000052
:041893000000000051
:041894000000000050
:04189500000000004F
:04189600000000004E
:04189700000000004D
:04189800000000004C
:04189900000000004B
:04189A00000000004A
:04189B000000000049
:04189C000000000048
:04189D000000000047
:04189E000000000046
:04189F000000000045
:0418A0000000000044
:0418A1000000000043
:0418A2000000000042
:0418A3000000000041
:0418A4000000000040
:0418A500000000003F
:0418A600000000003E
:0418A700000000003D
:0418A800000000003C
:0418A900000000003B
:0418AA00000000003A
:0418AB000000000039
:0418AC000000000038
:0418AD000000000037
:0418AE000000000036
:0418AF000000000035
:0418B0000000000034
:0418B1000000000033
:0418B2000000000032
:0418B3000000000031
:0418B4000000000030
:0418B500000000002F
:0418B600000000002E
:0418B700000000002D
:0418B800000000002C
:0418B900000000002B
:0418BA00000000002A
:0418BB000000000029
:0418BC000000000028
:0418BD000000000027
:0418BE000000000026
:0418BF000000000025
:0418C0000000000024
:0418C1000000000023
:0418C2000000000022
:0418C3000000000021
:0418C4000000000020
:0418C500000000001F
:0418C600000000001E
:0418C700000000001D
:0418C800000000001C
:0418C900000000001B
:0418CA00000000001A
:0418CB000000000019
:0418CC000000000018
:0418CD000000000017
:0418CE000000000016
:0418CF000000000015
:0418D0000000000014
:0418D1000000000013
:0418D2000000000012
:0418D3000000000011
:0418D4000000000010
:0418D500000000000F
:0418D600000000000E
:0418D700000000000D
:0418D800000000000C
:0418D900000000000B
:0418DA00000000000A
:0418DB000000000009
:0418DC000000000008
:0418DD000000000007
:0418DE000000000006
:0418DF000000000005
:0418E0000000000004
:0418E1000000000003
:0418E2000000000002
:0418E3000000000001
:0418E4000000000000
:0418E50000000000FF
:0418E60000000000FE
:0418E70000000000FD
:0418E80000000000FC
:0418E90000000000FB
:0418EA0000000000FA
:0418EB0000000000F9
:0418EC0000000000F8
:0418ED0000000000F7
:0418EE0000000000F6
:0418EF0000000000F5
:0418F00000000000F4
:0418F10000000000F3
:0418F20000000000F2
:0418F30000000000F1
:0418F40000000000F0
:0418F50000000000EF
:0418F60000000000EE
:0418F70000000000ED
:0418F80000000000EC
:0418F90000000000EB
:0418FA0000000000EA
:0418FB0000000000E9
:0418FC0000000000E8
:0418FD0000000000E7
:0418FE0000000000E6
:0418FF0000000000E5
:0419000000000000E3
:0419010000000000E2
:0419020000000000E1
:0419030000000000E0
:0419040000000000DF
:0419050000000000DE
:0419060000000000DD
:0419070000000000DC
:0419080000000000DB
:0419090000000000DA
:04190A0000000000D9
:04190B0000000000D8
:04190C0000000000D7
:04190D0000000000D6
:04190E0000000000D5
:04190F0000000000D4
:0419100000000000D3
:0419110000000000D2
:0419120000000000D1
:0419130000000000D0
:0419140000000000CF
:0419150000000000CE
:0419160000000000CD
:0419170000000000CC
:0419180000000000CB
:0419190000000000CA
:04191A0000000000C9
:04191B0000000000C8
:04191C0000000000C7
:04191D0000000000C6
:04191E0000000000C5
:04191F0000000000C4
:0419200000000000C3
:0419210000000000C2
:0419220000000000C1
:0419230000000000C0
:0419240000000000BF
:0419250000000000BE
:0419260000000000BD
:0419270000000000BC
:0419280000000000BB
:0419290000000000BA
:04192A0000000000B9
:04192B0000000000B8
:04192C0000000000B7
:04192D0000000000B6
:04192E0000000000B5
:04192F0000000000B4
:0419300000000000B3
:0419310000000000B2
:0419320000000000B1
:0419330000000000B0
:0419340000000000AF
:0419350000000000AE
:0419360000000000AD
:0419370000000000AC
:0419380000000000AB
:0419390000000000AA
:04193A0000000000A9
:04193B0000000000A8
:04193C0000000000A7
:04193D0000000000A6
:04193E0000000000A5
:04193F0000000000A4
:0419400000000000A3
:0419410000000000A2
:0419420000000000A1
:0419430000000000A0
:04194400000000009F
:04194500000000009E
:04194600000000009D
:04194700000000009C
:04194800000000009B
:04194900000000009A
:04194A000000000099
:04194B000000000098
:04194C000000000097
:04194D000000000096
:04194E000000000095
:04194F000000000094
:041950000000000093
:041951000000000092
:041952000000000091
:041953000000000090
:04195400000000008F
:04195500000000008E
:04195600000000008D
:04195700000000008C
:04195800000000008B
:04195900000000008A
:04195A000000000089
:04195B000000000088
:04195C000000000087
:04195D000000000086
:04195E000000000085
:04195F000000000084
:041960000000000083
:041961000000000082
:041962000000000081
:041963000000000080
:04196400000000007F
:04196500000000007E
:04196600000000007D
:04196700000000007C
:04196800000000007B
:04196900000000007A
:04196A000000000079
:04196B000000000078
:04196C000000000077
:04196D000000000076
:04196E000000000075
:04196F000000000074
:041970000000000073
:041971000000000072
:041972000000000071
:041973000000000070
:04197400000000006F
:04197500000000006E
:04197600000000006D
:04197700000000006C
:04197800000000006B
:04197900000000006A
:04197A000000000069
:04197B000000000068
:04197C000000000067
:04197D000000000066
:04197E000000000065
:04197F000000000064
:041980000000000063
:041981000000000062
:041982000000000061
:041983000000000060
:04198400000000005F
:04198500000000005E
:04198600000000005D
:04198700000000005C
:04198800000000005B
:04198900000000005A
:04198A000000000059
:04198B000000000058
:04198C000000000057
:04198D000000000056
:04198E000000000055
:04198F000000000054
:041990000000000053
:041991000000000052
:041992000000000051
:041993000000000050
:04199400000000004F
:04199500000000004E
:04199600000000004D
:04199700000000004C
:04199800000000004B
:04199900000000004A
:04199A000000000049
:04199B000000000048
:04199C000000000047
:04199D000000000046
:04199E000000000045
:04199F000000000044
:0419A0000000000043
:0419A1000000000042
:0419A2000000000041
:0419A3000000000040
:0419A400000000003F
:0419A500000000003E
:0419A600000000003D
:0419A700000000003C
:0419A800000000003B
:0419A900000000003A
:0419AA000000000039
:0419AB000000000038
:0419AC000000000037
:0419AD000000000036
:0419AE000000000035
:0419AF000000000034
:0419B0000000000033
:0419B1000000000032
:0419B2000000000031
:0419B3000000000030
:0419B400000000002F
:0419B500000000002E
:0419B600000000002D
:0419B700000000002C
:0419B800000000002B
:0419B900000000002A
:0419BA000000000029
:0419BB000000000028
:0419BC000000000027
:0419BD000000000026
:0419BE000000000025
:0419BF000000000024
:0419C0000000000023
:0419C1000000000022
:0419C2000000000021
:0419C3000000000020
:0419C400000000001F
:0419C500000000001E
:0419C600000000001D
:0419C700000000001C
:0419C800000000001B
:0419C900000000001A
:0419CA000000000019
:0419CB000000000018
:0419CC000000000017
:0419CD000000000016
:0419CE000000000015
:0419CF000000000014
:0419D0000000000013
:0419D1000000000012
:0419D2000000000011
:0419D3000000000010
:0419D400000000000F
:0419D500000000000E
:0419D600000000000D
:0419D700000000000C
:0419D800000000000B
:0419D900000000000A
:0419DA000000000009
:0419DB000000000008
:0419DC000000000007
:0419DD000000000006
:0419DE000000000005
:0419DF000000000004
:0419E0000000000003
:0419E1000000000002
:0419E2000000000001
:0419E3000000000000
:0419E40000000000FF
:0419E50000000000FE
:0419E60000000000FD
:0419E70000000000FC
:0419E80000000000FB
:0419E90000000000FA
:0419EA0000000000F9
:0419EB0000000000F8
:0419EC0000000000F7
:0419ED0000000000F6
:0419EE0000000000F5
:0419EF0000000000F4
:0419F00000000000F3
:0419F10000000000F2
:0419F20000000000F1
:0419F30000000000F0
:0419F40000000000EF
:0419F50000000000EE
:0419F60000000000ED
:0419F70000000000EC
:0419F80000000000EB
:0419F90000000000EA
:0419FA0000000000E9
:0419FB0000000000E8
:0419FC0000000000E7
:0419FD0000000000E6
:0419FE0000000000E5
:0419FF0000000000E4
:041A000000000000E2
:041A010000000000E1
:041A020000000000E0
:041A030000000000DF
:041A040000000000DE
:041A050000000000DD
:041A060000000000DC
:041A070000000000DB
:041A080000000000DA
:041A090000000000D9
:041A0A0000000000D8
:041A0B0000000000D7
:041A0C0000000000D6
:041A0D0000000000D5
:041A0E0000000000D4
:041A0F0000000000D3
:041A100000000000D2
:041A110000000000D1
:041A120000000000D0
:041A130000000000CF
:041A140000000000CE
:041A150000000000CD
:041A160000000000CC
:041A170000000000CB
:041A180000000000CA
:041A190000000000C9
:041A1A0000000000C8
:041A1B0000000000C7
:041A1C0000000000C6
:041A1D0000000000C5
:041A1E0000000000C4
:041A1F0000000000C3
:041A200000000000C2
:041A210000000000C1
:041A220000000000C0
:041A230000000000BF
:041A240000000000BE
:041A250000000000BD
:041A260000000000BC
:041A270000000000BB
:041A280000000000BA
:041A290000000000B9
:041A2A0000000000B8
:041A2B0000000000B7
:041A2C0000000000B6
:041A2D0000000000B5
:041A2E0000000000B4
:041A2F0000000000B3
:041A300000000000B2
:041A310000000000B1
:041A320000000000B0
:041A330000000000AF
:041A340000000000AE
:041A350000000000AD
:041A360000000000AC
:041A370000000000AB
:041A380000000000AA
:041A390000000000A9
:041A3A0000000000A8
:041A3B0000000000A7
:041A3C0000000000A6
:041A3D0000000000A5
:041A3E0000000000A4
:041A3F0000000000A3
:041A400000000000A2
:041A410000000000A1
:041A420000000000A0
:041A4300000000009F
:041A4400000000009E
:041A4500000000009D
:041A4600000000009C
:041A4700000000009B
:041A4800000000009A
:041A49000000000099
:041A4A000000000098
:041A4B000000000097
:041A4C000000000096
:041A4D000000000095
:041A4E000000000094
:041A4F000000000093
:041A50000000000092
:041A51000000000091
:041A52000000000090
:041A5300000000008F
:041A5400000000008E
:041A5500000000008D
:041A5600000000008C
:041A5700000000008B
:041A5800000000008A
:041A59000000000089
:041A5A000000000088
:041A5B000000000087
:041A5C000000000086
:041A5D000000000085
:041A5E000000000084
:041A5F000000000083
:041A60000000000082
:041A61000000000081
:041A62000000000080
:041A6300000000007F
:041A6400000000007E
:041A6500000000007D
:041A6600000000007C
:041A6700000000007B
:041A6800000000007A
:041A69000000000079
:041A6A000000000078
:041A6B000000000077
:041A6C000000000076
:041A6D000000000075
:041A6E000000000074
:041A6F000000000073
:041A70000000000072
:041A71000000000071
:041A72000000000070
:041A7300000000006F
:041A7400000000006E
:041A7500000000006D
:041A7600000000006C
:041A7700000000006B
:041A7800000000006A
:041A79000000000069
:041A7A000000000068
:041A7B000000000067
:041A7C000000000066
:041A7D000000000065
:041A7E000000000064
:041A7F000000000063
:041A80000000000062
:041A81000000000061
:041A82000000000060
:041A8300000000005F
:041A8400000000005E
:041A8500000000005D
:041A8600000000005C
:041A8700000000005B
:041A8800000000005A
:041A89000000000059
:041A8A000000000058
:041A8B000000000057
:041A8C000000000056
:041A8D000000000055
:041A8E000000000054
:041A8F000000000053
:041A90000000000052
:041A91000000000051
:041A92000000000050
:041A9300000000004F
:041A9400000000004E
:041A9500000000004D
:041A9600000000004C
:041A9700000000004B
:041A9800000000004A
:041A99000000000049
:041A9A000000000048
:041A9B000000000047
:041A9C000000000046
:041A9D000000000045
:041A9E000000000044
:041A9F000000000043
:041AA0000000000042
:041AA1000000000041
:041AA2000000000040
:041AA300000000003F
:041AA400000000003E
:041AA500000000003D
:041AA600000000003C
:041AA700000000003B
:041AA800000000003A
:041AA9000000000039
:041AAA000000000038
:041AAB000000000037
:041AAC000000000036
:041AAD000000000035
:041AAE000000000034
:041AAF000000000033
:041AB0000000000032
:041AB1000000000031
:041AB2000000000030
:041AB300000000002F
:041AB400000000002E
:041AB500000000002D
:041AB600000000002C
:041AB700000000002B
:041AB800000000002A
:041AB9000000000029
:041ABA000000000028
:041ABB000000000027
:041ABC000000000026
:041ABD000000000025
:041ABE000000000024
:041ABF000000000023
:041AC0000000000022
:041AC1000000000021
:041AC2000000000020
:041AC300000000001F
:041AC400000000001E
:041AC500000000001D
:041AC600000000001C
:041AC700000000001B
:041AC800000000001A
:041AC9000000000019
:041ACA000000000018
:041ACB000000000017
:041ACC000000000016
:041ACD000000000015
:041ACE000000000014
:041ACF000000000013
:041AD0000000000012
:041AD1000000000011
:041AD2000000000010
:041AD300000000000F
:041AD400000000000E
:041AD500000000000D
:041AD600000000000C
:041AD700000000000B
:041AD800000000000A
:041AD9000000000009
:041ADA000000000008
:041ADB000000000007
:041ADC000000000006
:041ADD000000000005
:041ADE000000000004
:041ADF000000000003
:041AE0000000000002
:041AE1000000000001
:041AE2000000000000
:041AE30000000000FF
:041AE40000000000FE
:041AE50000000000FD
:041AE60000000000FC
:041AE70000000000FB
:041AE80000000000FA
:041AE90000000000F9
:041AEA0000000000F8
:041AEB0000000000F7
:041AEC0000000000F6
:041AED0000000000F5
:041AEE0000000000F4
:041AEF0000000000F3
:041AF00000000000F2
:041AF10000000000F1
:041AF20000000000F0
:041AF30000000000EF
:041AF40000000000EE
:041AF50000000000ED
:041AF60000000000EC
:041AF70000000000EB
:041AF80000000000EA
:041AF90000000000E9
:041AFA0000000000E8
:041AFB0000000000E7
:041AFC0000000000E6
:041AFD0000000000E5
:041AFE0000000000E4
:041AFF0000000000E3
:041B000000000000E1
:041B010000000000E0
:041B020000000000DF
:041B030000000000DE
:041B040000000000DD
:041B050000000000DC
:041B060000000000DB
:041B070000000000DA
:041B080000000000D9
:041B090000000000D8
:041B0A0000000000D7
:041B0B0000000000D6
:041B0C0000000000D5
:041B0D0000000000D4
:041B0E0000000000D3
:041B0F0000000000D2
:041B100000000000D1
:041B110000000000D0
:041B120000000000CF
:041B130000000000CE
:041B140000000000CD
:041B150000000000CC
:041B160000000000CB
:041B170000000000CA
:041B180000000000C9
:041B190000000000C8
:041B1A0000000000C7
:041B1B0000000000C6
:041B1C0000000000C5
:041B1D0000000000C4
:041B1E0000000000C3
:041B1F0000000000C2
:041B200000000000C1
:041B210000000000C0
:041B220000000000BF
:041B230000000000BE
:041B240000000000BD
:041B250000000000BC
:041B260000000000BB
:041B270000000000BA
:041B280000000000B9
:041B290000000000B8
:041B2A0000000000B7
:041B2B0000000000B6
:041B2C0000000000B5
:041B2D0000000000B4
:041B2E0000000000B3
:041B2F0000000000B2
:041B300000000000B1
:041B310000000000B0
:041B320000000000AF
:041B330000000000AE
:041B340000000000AD
:041B350000000000AC
:041B360000000000AB
:041B370000000000AA
:041B380000000000A9
:041B390000000000A8
:041B3A0000000000A7
:041B3B0000000000A6
:041B3C0000000000A5
:041B3D0000000000A4
:041B3E0000000000A3
:041B3F0000000000A2
:041B400000000000A1
:041B410000000000A0
:041B4200000000009F
:041B4300000000009E
:041B4400000000009D
:041B4500000000009C
:041B4600000000009B
:041B4700000000009A
:041B48000000000099
:041B49000000000098
:041B4A000000000097
:041B4B000000000096
:041B4C000000000095
:041B4D000000000094
:041B4E000000000093
:041B4F000000000092
:041B50000000000091
:041B51000000000090
:041B5200000000008F
:041B5300000000008E
:041B5400000000008D
:041B5500000000008C
:041B5600000000008B
:041B5700000000008A
:041B58000000000089
:041B59000000000088
:041B5A000000000087
:041B5B000000000086
:041B5C000000000085
:041B5D000000000084
:041B5E000000000083
:041B5F000000000082
:041B60000000000081
:041B61000000000080
:041B6200000000007F
:041B6300000000007E
:041B6400000000007D
:041B6500000000007C
:041B6600000000007B
:041B6700000000007A
:041B68000000000079
:041B69000000000078
:041B6A000000000077
:041B6B000000000076
:041B6C000000000075
:041B6D000000000074
:041B6E000000000073
:041B6F000000000072
:041B70000000000071
:041B71000000000070
:041B7200000000006F
:041B7300000000006E
:041B7400000000006D
:041B7500000000006C
:041B7600000000006B
:041B7700000000006A
:041B78000000000069
:041B79000000000068
:041B7A000000000067
:041B7B000000000066
:041B7C000000000065
:041B7D000000000064
:041B7E000000000063
:041B7F000000000062
:041B80000000000061
:041B81000000000060
:041B8200000000005F
:041B8300000000005E
:041B8400000000005D
:041B8500000000005C
:041B8600000000005B
:041B8700000000005A
:041B88000000000059
:041B89000000000058
:041B8A000000000057
:041B8B000000000056
:041B8C000000000055
:041B8D000000000054
:041B8E000000000053
:041B8F000000000052
:041B90000000000051
:041B91000000000050
:041B9200000000004F
:041B9300000000004E
:041B9400000000004D
:041B9500000000004C
:041B9600000000004B
:041B9700000000004A
:041B98000000000049
:041B99000000000048
:041B9A000000000047
:041B9B000000000046
:041B9C000000000045
:041B9D000000000044
:041B9E000000000043
:041B9F000000000042
:041BA0000000000041
:041BA1000000000040
:041BA200000000003F
:041BA300000000003E
:041BA400000000003D
:041BA500000000003C
:041BA600000000003B
:041BA700000000003A
:041BA8000000000039
:041BA9000000000038
:041BAA000000000037
:041BAB000000000036
:041BAC000000000035
:041BAD000000000034
:041BAE000000000033
:041BAF000000000032
:041BB0000000000031
:041BB1000000000030
:041BB200000000002F
:041BB300000000002E
:041BB400000000002D
:041BB500000000002C
:041BB600000000002B
:041BB700000000002A
:041BB8000000000029
:041BB9000000000028
:041BBA000000000027
:041BBB000000000026
:041BBC000000000025
:041BBD000000000024
:041BBE000000000023
:041BBF000000000022
:041BC0000000000021
:041BC1000000000020
:041BC200000000001F
:041BC300000000001E
:041BC400000000001D
:041BC500000000001C
:041BC600000000001B
:041BC700000000001A
:041BC8000000000019
:041BC9000000000018
:041BCA000000000017
:041BCB000000000016
:041BCC000000000015
:041BCD000000000014
:041BCE000000000013
:041BCF000000000012
:041BD0000000000011
:041BD1000000000010
:041BD200000000000F
:041BD300000000000E
:041BD400000000000D
:041BD500000000000C
:041BD600000000000B
:041BD700000000000A
:041BD8000000000009
:041BD9000000000008
:041BDA000000000007
:041BDB000000000006
:041BDC000000000005
:041BDD000000000004
:041BDE000000000003
:041BDF000000000002
:041BE0000000000001
:041BE1000000000000
:041BE20000000000FF
:041BE30000000000FE
:041BE40000000000FD
:041BE50000000000FC
:041BE60000000000FB
:041BE70000000000FA
:041BE80000000000F9
:041BE90000000000F8
:041BEA0000000000F7
:041BEB0000000000F6
:041BEC0000000000F5
:041BED0000000000F4
:041BEE0000000000F3
:041BEF0000000000F2
:041BF00000000000F1
:041BF10000000000F0
:041BF20000000000EF
:041BF30000000000EE
:041BF40000000000ED
:041BF50000000000EC
:041BF60000000000EB
:041BF70000000000EA
:041BF80000000000E9
:041BF90000000000E8
:041BFA0000000000E7
:041BFB0000000000E6
:041BFC0000000000E5
:041BFD0000000000E4
:041BFE0000000000E3
:041BFF0000000000E2
:041C000000000000E0
:041C010000000000DF
:041C020000000000DE
:041C030000000000DD
:041C040000000000DC
:041C050000000000DB
:041C060000000000DA
:041C070000000000D9
:041C080000000000D8
:041C090000000000D7
:041C0A0000000000D6
:041C0B0000000000D5
:041C0C0000000000D4
:041C0D0000000000D3
:041C0E0000000000D2
:041C0F0000000000D1
:041C100000000000D0
:041C110000000000CF
:041C120000000000CE
:041C130000000000CD
:041C140000000000CC
:041C150000000000CB
:041C160000000000CA
:041C170000000000C9
:041C180000000000C8
:041C190000000000C7
:041C1A0000000000C6
:041C1B0000000000C5
:041C1C0000000000C4
:041C1D0000000000C3
:041C1E0000000000C2
:041C1F0000000000C1
:041C200000000000C0
:041C210000000000BF
:041C220000000000BE
:041C230000000000BD
:041C240000000000BC
:041C250000000000BB
:041C260000000000BA
:041C270000000000B9
:041C280000000000B8
:041C290000000000B7
:041C2A0000000000B6
:041C2B0000000000B5
:041C2C0000000000B4
:041C2D0000000000B3
:041C2E0000000000B2
:041C2F0000000000B1
:041C300000000000B0
:041C310000000000AF
:041C320000000000AE
:041C330000000000AD
:041C340000000000AC
:041C350000000000AB
:041C360000000000AA
:041C370000000000A9
:041C380000000000A8
:041C390000000000A7
:041C3A0000000000A6
:041C3B0000000000A5
:041C3C0000000000A4
:041C3D0000000000A3
:041C3E0000000000A2
:041C3F0000000000A1
:041C400000000000A0
:041C4100000000009F
:041C4200000000009E
:041C4300000000009D
:041C4400000000009C
:041C4500000000009B
:041C4600000000009A
:041C47000000000099
:041C48000000000098
:041C49000000000097
:041C4A000000000096
:041C4B000000000095
:041C4C000000000094
:041C4D000000000093
:041C4E000000000092
:041C4F000000000091
:041C50000000000090
:041C5100000000008F
:041C5200000000008E
:041C5300000000008D
:041C5400000000008C
:041C5500000000008B
:041C5600000000008A
:041C57000000000089
:041C58000000000088
:041C59000000000087
:041C5A000000000086
:041C5B000000000085
:041C5C000000000084
:041C5D000000000083
:041C5E000000000082
:041C5F000000000081
:041C60000000000080
:041C6100000000007F
:041C6200000000007E
:041C6300000000007D
:041C6400000000007C
:041C6500000000007B
:041C6600000000007A
:041C67000000000079
:041C68000000000078
:041C69000000000077
:041C6A000000000076
:041C6B000000000075
:041C6C000000000074
:041C6D000000000073
:041C6E000000000072
:041C6F000000000071
:041C70000000000070
:041C7100000000006F
:041C7200000000006E
:041C7300000000006D
:041C7400000000006C
:041C7500000000006B
:041C7600000000006A
:041C77000000000069
:041C78000000000068
:041C79000000000067
:041C7A000000000066
:041C7B000000000065
:041C7C000000000064
:041C7D000000000063
:041C7E000000000062
:041C7F000000000061
:041C80000000000060
:041C8100000000005F
:041C8200000000005E
:041C8300000000005D
:041C8400000000005C
:041C8500000000005B
:041C8600000000005A
:041C87000000000059
:041C88000000000058
:041C89000000000057
:041C8A000000000056
:041C8B000000000055
:041C8C000000000054
:041C8D000000000053
:041C8E000000000052
:041C8F000000000051
:041C90000000000050
:041C9100000000004F
:041C9200000000004E
:041C9300000000004D
:041C9400000000004C
:041C9500000000004B
:041C9600000000004A
:041C97000000000049
:041C98000000000048
:041C99000000000047
:041C9A000000000046
:041C9B000000000045
:041C9C000000000044
:041C9D000000000043
:041C9E000000000042
:041C9F000000000041
:041CA0000000000040
:041CA100000000003F
:041CA200000000003E
:041CA300000000003D
:041CA400000000003C
:041CA500000000003B
:041CA600000000003A
:041CA7000000000039
:041CA8000000000038
:041CA9000000000037
:041CAA000000000036
:041CAB000000000035
:041CAC000000000034
:041CAD000000000033
:041CAE000000000032
:041CAF000000000031
:041CB0000000000030
:041CB100000000002F
:041CB200000000002E
:041CB300000000002D
:041CB400000000002C
:041CB500000000002B
:041CB600000000002A
:041CB7000000000029
:041CB8000000000028
:041CB9000000000027
:041CBA000000000026
:041CBB000000000025
:041CBC000000000024
:041CBD000000000023
:041CBE000000000022
:041CBF000000000021
:041CC0000000000020
:041CC100000000001F
:041CC200000000001E
:041CC300000000001D
:041CC400000000001C
:041CC500000000001B
:041CC600000000001A
:041CC7000000000019
:041CC8000000000018
:041CC9000000000017
:041CCA000000000016
:041CCB000000000015
:041CCC000000000014
:041CCD000000000013
:041CCE000000000012
:041CCF000000000011
:041CD0000000000010
:041CD100000000000F
:041CD200000000000E
:041CD300000000000D
:041CD400000000000C
:041CD500000000000B
:041CD600000000000A
:041CD7000000000009
:041CD8000000000008
:041CD9000000000007
:041CDA000000000006
:041CDB000000000005
:041CDC000000000004
:041CDD000000000003
:041CDE000000000002
:041CDF000000000001
:041CE0000000000000
:041CE10000000000FF
:041CE20000000000FE
:041CE30000000000FD
:041CE40000000000FC
:041CE50000000000FB
:041CE60000000000FA
:041CE70000000000F9
:041CE80000000000F8
:041CE90000000000F7
:041CEA0000000000F6
:041CEB0000000000F5
:041CEC0000000000F4
:041CED0000000000F3
:041CEE0000000000F2
:041CEF0000000000F1
:041CF00000000000F0
:041CF10000000000EF
:041CF20000000000EE
:041CF30000000000ED
:041CF40000000000EC
:041CF50000000000EB
:041CF60000000000EA
:041CF70000000000E9
:041CF80000000000E8
:041CF90000000000E7
:041CFA0000000000E6
:041CFB0000000000E5
:041CFC0000000000E4
:041CFD0000000000E3
:041CFE0000000000E2
:041CFF0000000000E1
:041D000000000000DF
:041D010000000000DE
:041D020000000000DD
:041D030000000000DC
:041D040000000000DB
:041D050000000000DA
:041D060000000000D9
:041D070000000000D8
:041D080000000000D7
:041D090000000000D6
:041D0A0000000000D5
:041D0B0000000000D4
:041D0C0000000000D3
:041D0D0000000000D2
:041D0E0000000000D1
:041D0F0000000000D0
:041D100000000000CF
:041D110000000000CE
:041D120000000000CD
:041D130000000000CC
:041D140000000000CB
:041D150000000000CA
:041D160000000000C9
:041D170000000000C8
:041D180000000000C7
:041D190000000000C6
:041D1A0000000000C5
:041D1B0000000000C4
:041D1C0000000000C3
:041D1D0000000000C2
:041D1E0000000000C1
:041D1F0000000000C0
:041D200000000000BF
:041D210000000000BE
:041D220000000000BD
:041D230000000000BC
:041D240000000000BB
:041D250000000000BA
:041D260000000000B9
:041D270000000000B8
:041D280000000000B7
:041D290000000000B6
:041D2A0000000000B5
:041D2B0000000000B4
:041D2C0000000000B3
:041D2D0000000000B2
:041D2E0000000000B1
:041D2F0000000000B0
:041D300000000000AF
:041D310000000000AE
:041D320000000000AD
:041D330000000000AC
:041D340000000000AB
:041D350000000000AA
:041D360000000000A9
:041D370000000000A8
:041D380000000000A7
:041D390000000000A6
:041D3A0000000000A5
:041D3B0000000000A4
:041D3C0000000000A3
:041D3D0000000000A2
:041D3E0000000000A1
:041D3F0000000000A0
:041D4000000000009F
:041D4100000000009E
:041D4200000000009D
:041D4300000000009C
:041D4400000000009B
:041D4500000000009A
:041D46000000000099
:041D47000000000098
:041D48000000000097
:041D49000000000096
:041D4A000000000095
:041D4B000000000094
:041D4C000000000093
:041D4D000000000092
:041D4E000000000091
:041D4F000000000090
:041D5000000000008F
:041D5100000000008E
:041D5200000000008D
:041D5300000000008C
:041D5400000000008B
:041D5500000000008A
:041D56000000000089
:041D57000000000088
:041D58000000000087
:041D59000000000086
:041D5A000000000085
:041D5B000000000084
:041D5C000000000083
:041D5D000000000082
:041D5E000000000081
:041D5F000000000080
:041D6000000000007F
:041D6100000000007E
:041D6200000000007D
:041D6300000000007C
:041D6400000000007B
:041D6500000000007A
:041D66000000000079
:041D67000000000078
:041D68000000000077
:041D69000000000076
:041D6A000000000075
:041D6B000000000074
:041D6C000000000073
:041D6D000000000072
:041D6E000000000071
:041D6F000000000070
:041D7000000000006F
:041D7100000000006E
:041D7200000000006D
:041D7300000000006C
:041D7400000000006B
:041D7500000000006A
:041D76000000000069
:041D77000000000068
:041D78000000000067
:041D79000000000066
:041D7A000000000065
:041D7B000000000064
:041D7C000000000063
:041D7D000000000062
:041D7E000000000061
:041D7F000000000060
:041D8000000000005F
:041D8100000000005E
:041D8200000000005D
:041D8300000000005C
:041D8400000000005B
:041D8500000000005A
:041D86000000000059
:041D87000000000058
:041D88000000000057
:041D89000000000056
:041D8A000000000055
:041D8B000000000054
:041D8C000000000053
:041D8D000000000052
:041D8E000000000051
:041D8F000000000050
:041D9000000000004F
:041D9100000000004E
:041D9200000000004D
:041D9300000000004C
:041D9400000000004B
:041D9500000000004A
:041D96000000000049
:041D97000000000048
:041D98000000000047
:041D99000000000046
:041D9A000000000045
:041D9B000000000044
:041D9C000000000043
:041D9D000000000042
:041D9E000000000041
:041D9F000000000040
:041DA000000000003F
:041DA100000000003E
:041DA200000000003D
:041DA300000000003C
:041DA400000000003B
:041DA500000000003A
:041DA6000000000039
:041DA7000000000038
:041DA8000000000037
:041DA9000000000036
:041DAA000000000035
:041DAB000000000034
:041DAC000000000033
:041DAD000000000032
:041DAE000000000031
:041DAF000000000030
:041DB000000000002F
:041DB100000000002E
:041DB200000000002D
:041DB300000000002C
:041DB400000000002B
:041DB500000000002A
:041DB6000000000029
:041DB7000000000028
:041DB8000000000027
:041DB9000000000026
:041DBA000000000025
:041DBB000000000024
:041DBC000000000023
:041DBD000000000022
:041DBE000000000021
:041DBF000000000020
:041DC000000000001F
:041DC100000000001E
:041DC200000000001D
:041DC300000000001C
:041DC400000000001B
:041DC500000000001A
:041DC6000000000019
:041DC7000000000018
:041DC8000000000017
:041DC9000000000016
:041DCA000000000015
:041DCB000000000014
:041DCC000000000013
:041DCD000000000012
:041DCE000000000011
:041DCF000000000010
:041DD000000000000F
:041DD100000000000E
:041DD200000000000D
:041DD300000000000C
:041DD400000000000B
:041DD500000000000A
:041DD6000000000009
:041DD7000000000008
:041DD8000000000007
:041DD9000000000006
:041DDA000000000005
:041DDB000000000004
:041DDC000000000003
:041DDD000000000002
:041DDE000000000001
:041DDF000000000000
:041DE00000000000FF
:041DE10000000000FE
:041DE20000000000FD
:041DE30000000000FC
:041DE40000000000FB
:041DE50000000000FA
:041DE60000000000F9
:041DE70000000000F8
:041DE80000000000F7
:041DE90000000000F6
:041DEA0000000000F5
:041DEB0000000000F4
:041DEC0000000000F3
:041DED0000000000F2
:041DEE0000000000F1
:041DEF0000000000F0
:041DF00000000000EF
:041DF10000000000EE
:041DF20000000000ED
:041DF30000000000EC
:041DF40000000000EB
:041DF50000000000EA
:041DF60000000000E9
:041DF70000000000E8
:041DF80000000000E7
:041DF90000000000E6
:041DFA0000000000E5
:041DFB0000000000E4
:041DFC0000000000E3
:041DFD0000000000E2
:041DFE0000000000E1
:041DFF0000000000E0
:041E000000000000DE
:041E010000000000DD
:041E020000000000DC
:041E030000000000DB
:041E040000000000DA
:041E050000000000D9
:041E060000000000D8
:041E070000000000D7
:041E080000000000D6
:041E090000000000D5
:041E0A0000000000D4
:041E0B0000000000D3
:041E0C0000000000D2
:041E0D0000000000D1
:041E0E0000000000D0
:041E0F0000000000CF
:041E100000000000CE
:041E110000000000CD
:041E120000000000CC
:041E130000000000CB
:041E140000000000CA
:041E150000000000C9
:041E160000000000C8
:041E170000000000C7
:041E180000000000C6
:041E190000000000C5
:041E1A0000000000C4
:041E1B0000000000C3
:041E1C0000000000C2
:041E1D0000000000C1
:041E1E0000000000C0
:041E1F0000000000BF
:041E200000000000BE
:041E210000000000BD
:041E220000000000BC
:041E230000000000BB
:041E240000000000BA
:041E250000000000B9
:041E260000000000B8
:041E270000000000B7
:041E280000000000B6
:041E290000000000B5
:041E2A0000000000B4
:041E2B0000000000B3
:041E2C0000000000B2
:041E2D0000000000B1
:041E2E0000000000B0
:041E2F0000000000AF
:041E300000000000AE
:041E310000000000AD
:041E320000000000AC
:041E330000000000AB
:041E340000000000AA
:041E350000000000A9
:041E360000000000A8
:041E370000000000A7
:041E380000000000A6
:041E390000000000A5
:041E3A0000000000A4
:041E3B0000000000A3
:041E3C0000000000A2
:041E3D0000000000A1
:041E3E0000000000A0
:041E3F00000000009F
:041E4000000000009E
:041E4100000000009D
:041E4200000000009C
:041E4300000000009B
:041E4400000000009A
:041E45000000000099
:041E46000000000098
:041E47000000000097
:041E48000000000096
:041E49000000000095
:041E4A000000000094
:041E4B000000000093
:041E4C000000000092
:041E4D000000000091
:041E4E000000000090
:041E4F00000000008F
:041E5000000000008E
:041E5100000000008D
:041E5200000000008C
:041E5300000000008B
:041E5400000000008A
:041E55000000000089
:041E56000000000088
:041E57000000000087
:041E58000000000086
:041E59000000000085
:041E5A000000000084
:041E5B000000000083
:041E5C000000000082
:041E5D000000000081
:041E5E000000000080
:041E5F00000000007F
:041E6000000000007E
:041E6100000000007D
:041E6200000000007C
:041E6300000000007B
:041E6400000000007A
:041E65000000000079
:041E66000000000078
:041E67000000000077
:041E68000000000076
:041E69000000000075
:041E6A000000000074
:041E6B000000000073
:041E6C000000000072
:041E6D000000000071
:041E6E000000000070
:041E6F00000000006F
:041E7000000000006E
:041E7100000000006D
:041E7200000000006C
:041E7300000000006B
:041E7400000000006A
:041E75000000000069
:041E76000000000068
:041E77000000000067
:041E78000000000066
:041E79000000000065
:041E7A000000000064
:041E7B000000000063
:041E7C000000000062
:041E7D000000000061
:041E7E000000000060
:041E7F00000000005F
:041E8000000000005E
:041E8100000000005D
:041E8200000000005C
:041E8300000000005B
:041E8400000000005A
:041E85000000000059
:041E86000000000058
:041E87000000000057
:041E88000000000056
:041E89000000000055
:041E8A000000000054
:041E8B000000000053
:041E8C000000000052
:041E8D000000000051
:041E8E000000000050
:041E8F00000000004F
:041E9000000000004E
:041E9100000000004D
:041E9200000000004C
:041E9300000000004B
:041E9400000000004A
:041E95000000000049
:041E96000000000048
:041E97000000000047
:041E98000000000046
:041E99000000000045
:041E9A000000000044
:041E9B000000000043
:041E9C000000000042
:041E9D000000000041
:041E9E000000000040
:041E9F00000000003F
:041EA000000000003E
:041EA100000000003D
:041EA200000000003C
:041EA300000000003B
:041EA400000000003A
:041EA5000000000039
:041EA6000000000038
:041EA7000000000037
:041EA8000000000036
:041EA9000000000035
:041EAA000000000034
:041EAB000000000033
:041EAC000000000032
:041EAD000000000031
:041EAE000000000030
:041EAF00000000002F
:041EB000000000002E
:041EB100000000002D
:041EB200000000002C
:041EB300000000002B
:041EB400000000002A
:041EB5000000000029
:041EB6000000000028
:041EB7000000000027
:041EB8000000000026
:041EB9000000000025
:041EBA000000000024
:041EBB000000000023
:041EBC000000000022
:041EBD000000000021
:041EBE000000000020
:041EBF00000000001F
:041EC000000000001E
:041EC100000000001D
:041EC200000000001C
:041EC300000000001B
:041EC400000000001A
:041EC5000000000019
:041EC6000000000018
:041EC7000000000017
:041EC8000000000016
:041EC9000000000015
:041ECA000000000014
:041ECB000000000013
:041ECC000000000012
:041ECD000000000011
:041ECE000000000010
:041ECF00000000000F
:041ED000000000000E
:041ED100000000000D
:041ED200000000000C
:041ED300000000000B
:041ED400000000000A
:041ED5000000000009
:041ED6000000000008
:041ED7000000000007
:041ED8000000000006
:041ED9000000000005
:041EDA000000000004
:041EDB000000000003
:041EDC000000000002
:041EDD000000000001
:041EDE000000000000
:041EDF0000000000FF
:041EE00000000000FE
:041EE10000000000FD
:041EE20000000000FC
:041EE30000000000FB
:041EE40000000000FA
:041EE50000000000F9
:041EE60000000000F8
:041EE70000000000F7
:041EE80000000000F6
:041EE90000000000F5
:041EEA0000000000F4
:041EEB0000000000F3
:041EEC0000000000F2
:041EED0000000000F1
:041EEE0000000000F0
:041EEF0000000000EF
:041EF00000000000EE
:041EF10000000000ED
:041EF20000000000EC
:041EF30000000000EB
:041EF40000000000EA
:041EF50000000000E9
:041EF60000000000E8
:041EF70000000000E7
:041EF80000000000E6
:041EF90000000000E5
:041EFA0000000000E4
:041EFB0000000000E3
:041EFC0000000000E2
:041EFD0000000000E1
:041EFE0000000000E0
:041EFF0000000000DF
:041F000000000000DD
:041F010000000000DC
:041F020000000000DB
:041F030000000000DA
:041F040000000000D9
:041F050000000000D8
:041F060000000000D7
:041F070000000000D6
:041F080000000000D5
:041F090000000000D4
:041F0A0000000000D3
:041F0B0000000000D2
:041F0C0000000000D1
:041F0D0000000000D0
:041F0E0000000000CF
:041F0F0000000000CE
:041F100000000000CD
:041F110000000000CC
:041F120000000000CB
:041F130000000000CA
:041F140000000000C9
:041F150000000000C8
:041F160000000000C7
:041F170000000000C6
:041F180000000000C5
:041F190000000000C4
:041F1A0000000000C3
:041F1B0000000000C2
:041F1C0000000000C1
:041F1D0000000000C0
:041F1E0000000000BF
:041F1F0000000000BE
:041F200000000000BD
:041F210000000000BC
:041F220000000000BB
:041F230000000000BA
:041F240000000000B9
:041F250000000000B8
:041F260000000000B7
:041F270000000000B6
:041F280000000000B5
:041F290000000000B4
:041F2A0000000000B3
:041F2B0000000000B2
:041F2C0000000000B1
:041F2D0000000000B0
:041F2E0000000000AF
:041F2F0000000000AE
:041F300000000000AD
:041F310000000000AC
:041F320000000000AB
:041F330000000000AA
:041F340000000000A9
:041F350000000000A8
:041F360000000000A7
:041F370000000000A6
:041F380000000000A5
:041F390000000000A4
:041F3A0000000000A3
:041F3B0000000000A2
:041F3C0000000000A1
:041F3D0000000000A0
:041F3E00000000009F
:041F3F00000000009E
:041F4000000000009D
:041F4100000000009C
:041F4200000000009B
:041F4300000000009A
:041F44000000000099
:041F45000000000098
:041F46000000000097
:041F47000000000096
:041F48000000000095
:041F49000000000094
:041F4A000000000093
:041F4B000000000092
:041F4C000000000091
:041F4D000000000090
:041F4E00000000008F
:041F4F00000000008E
:041F5000000000008D
:041F5100000000008C
:041F5200000000008B
:041F5300000000008A
:041F54000000000089
:041F55000000000088
:041F56000000000087
:041F57000000000086
:041F58000000000085
:041F59000000000084
:041F5A000000000083
:041F5B000000000082
:041F5C000000000081
:041F5D000000000080
:041F5E00000000007F
:041F5F00000000007E
:041F6000000000007D
:041F6100000000007C
:041F6200000000007B
:041F6300000000007A
:041F64000000000079
:041F65000000000078
:041F66000000000077
:041F67000000000076
:041F68000000000075
:041F69000000000074
:041F6A000000000073
:041F6B000000000072
:041F6C000000000071
:041F6D000000000070
:041F6E00000000006F
:041F6F00000000006E
:041F7000000000006D
:041F7100000000006C
:041F7200000000006B
:041F7300000000006A
:041F74000000000069
:041F75000000000068
:041F76000000000067
:041F77000000000066
:041F78000000000065
:041F79000000000064
:041F7A000000000063
:041F7B000000000062
:041F7C000000000061
:041F7D000000000060
:041F7E00000000005F
:041F7F00000000005E
:041F8000000000005D
:041F8100000000005C
:041F8200000000005B
:041F8300000000005A
:041F84000000000059
:041F85000000000058
:041F86000000000057
:041F87000000000056
:041F88000000000055
:041F89000000000054
:041F8A000000000053
:041F8B000000000052
:041F8C000000000051
:041F8D000000000050
:041F8E00000000004F
:041F8F00000000004E
:041F9000000000004D
:041F9100000000004C
:041F9200000000004B
:041F9300000000004A
:041F94000000000049
:041F95000000000048
:041F96000000000047
:041F97000000000046
:041F98000000000045
:041F99000000000044
:041F9A000000000043
:041F9B000000000042
:041F9C000000000041
:041F9D000000000040
:041F9E00000000003F
:041F9F00000000003E
:041FA000000000003D
:041FA100000000003C
:041FA200000000003B
:041FA300000000003A
:041FA4000000000039
:041FA5000000000038
:041FA6000000000037
:041FA7000000000036
:041FA8000000000035
:041FA9000000000034
:041FAA000000000033
:041FAB000000000032
:041FAC000000000031
:041FAD000000000030
:041FAE00000000002F
:041FAF00000000002E
:041FB000000000002D
:041FB100000000002C
:041FB200000000002B
:041FB300000000002A
:041FB4000000000029
:041FB5000000000028
:041FB6000000000027
:041FB7000000000026
:041FB8000000000025
:041FB9000000000024
:041FBA000000000023
:041FBB000000000022
:041FBC000000000021
:041FBD000000000020
:041FBE00000000001F
:041FBF00000000001E
:041FC000000000001D
:041FC100000000001C
:041FC200000000001B
:041FC300000000001A
:041FC4000000000019
:041FC5000000000018
:041FC6000000000017
:041FC7000000000016
:041FC8000000000015
:041FC9000000000014
:041FCA000000000013
:041FCB000000000012
:041FCC000000000011
:041FCD000000000010
:041FCE00000000000F
:041FCF00000000000E
:041FD000000000000D
:041FD100000000000C
:041FD200000000000B
:041FD300000000000A
:041FD4000000000009
:041FD5000000000008
:041FD6000000000007
:041FD7000000000006
:041FD8000000000005
:041FD9000000000004
:041FDA000000000003
:041FDB000000000002
:041FDC000000000001
:041FDD000000000000
:041FDE0000000000FF
:041FDF0000000000FE
:041FE00000000000FD
:041FE10000000000FC
:041FE20000000000FB
:041FE30000000000FA
:041FE40000000000F9
:041FE50000000000F8
:041FE60000000000F7
:041FE70000000000F6
:041FE80000000000F5
:041FE90000000000F4
:041FEA0000000000F3
:041FEB0000000000F2
:041FEC0000000000F1
:041FED0000000000F0
:041FEE0000000000EF
:041FEF0000000000EE
:041FF00000000000ED
:041FF10000000000EC
:041FF20000000000EB
:041FF30000000000EA
:041FF40000000000E9
:041FF50000000000E8
:041FF60000000000E7
:041FF70000000000E6
:041FF80000000000E5
:041FF90000000000E4
:041FFA0000000000E3
:041FFB0000000000E2
:041FFC0000000000E1
:041FFD0000000000E0
:041FFE0000000000DF
:041FFF0000000000DE
:0420000000000000DC
:0420010000000000DB
:0420020000000000DA
:0420030000000000D9
:0420040000000000D8
:0420050000000000D7
:0420060000000000D6
:0420070000000000D5
:0420080000000000D4
:0420090000000000D3
:04200A0000000000D2
:04200B0000000000D1
:04200C0000000000D0
:04200D0000000000CF
:04200E0000000000CE
:04200F0000000000CD
:0420100000000000CC
:0420110000000000CB
:0420120000000000CA
:0420130000000000C9
:0420140000000000C8
:0420150000000000C7
:0420160000000000C6
:0420170000000000C5
:0420180000000000C4
:0420190000000000C3
:04201A0000000000C2
:04201B0000000000C1
:04201C0000000000C0
:04201D0000000000BF
:04201E0000000000BE
:04201F0000000000BD
:0420200000000000BC
:0420210000000000BB
:0420220000000000BA
:0420230000000000B9
:0420240000000000B8
:0420250000000000B7
:0420260000000000B6
:0420270000000000B5
:0420280000000000B4
:0420290000000000B3
:04202A0000000000B2
:04202B0000000000B1
:04202C0000000000B0
:04202D0000000000AF
:04202E0000000000AE
:04202F0000000000AD
:0420300000000000AC
:0420310000000000AB
:0420320000000000AA
:0420330000000000A9
:0420340000000000A8
:0420350000000000A7
:0420360000000000A6
:0420370000000000A5
:0420380000000000A4
:0420390000000000A3
:04203A0000000000A2
:04203B0000000000A1
:04203C0000000000A0
:04203D00000000009F
:04203E00000000009E
:04203F00000000009D
:04204000000000009C
:04204100000000009B
:04204200000000009A
:042043000000000099
:042044000000000098
:042045000000000097
:042046000000000096
:042047000000000095
:042048000000000094
:042049000000000093
:04204A000000000092
:04204B000000000091
:04204C000000000090
:04204D00000000008F
:04204E00000000008E
:04204F00000000008D
:04205000000000008C
:04205100000000008B
:04205200000000008A
:042053000000000089
:042054000000000088
:042055000000000087
:042056000000000086
:042057000000000085
:042058000000000084
:042059000000000083
:04205A000000000082
:04205B000000000081
:04205C000000000080
:04205D00000000007F
:04205E00000000007E
:04205F00000000007D
:04206000000000007C
:04206100000000007B
:04206200000000007A
:042063000000000079
:042064000000000078
:042065000000000077
:042066000000000076
:042067000000000075
:042068000000000074
:042069000000000073
:04206A000000000072
:04206B000000000071
:04206C000000000070
:04206D00000000006F
:04206E00000000006E
:04206F00000000006D
:04207000000000006C
:04207100000000006B
:04207200000000006A
:042073000000000069
:042074000000000068
:042075000000000067
:042076000000000066
:042077000000000065
:042078000000000064
:042079000000000063
:04207A000000000062
:04207B000000000061
:04207C000000000060
:04207D00000000005F
:04207E00000000005E
:04207F00000000005D
:04208000000000005C
:04208100000000005B
:04208200000000005A
:042083000000000059
:042084000000000058
:042085000000000057
:042086000000000056
:042087000000000055
:042088000000000054
:042089000000000053
:04208A000000000052
:04208B000000000051
:04208C000000000050
:04208D00000000004F
:04208E00000000004E
:04208F00000000004D
:04209000000000004C
:04209100000000004B
:04209200000000004A
:042093000000000049
:042094000000000048
:042095000000000047
:042096000000000046
:042097000000000045
:042098000000000044
:042099000000000043
:04209A000000000042
:04209B000000000041
:04209C000000000040
:04209D00000000003F
:04209E00000000003E
:04209F00000000003D
:0420A000000000003C
:0420A100000000003B
:0420A200000000003A
:0420A3000000000039
:0420A4000000000038
:0420A5000000000037
:0420A6000000000036
:0420A7000000000035
:0420A8000000000034
:0420A9000000000033
:0420AA000000000032
:0420AB000000000031
:0420AC000000000030
:0420AD00000000002F
:0420AE00000000002E
:0420AF00000000002D
:0420B000000000002C
:0420B100000000002B
:0420B200000000002A
:0420B3000000000029
:0420B4000000000028
:0420B5000000000027
:0420B6000000000026
:0420B7000000000025
:0420B8000000000024
:0420B9000000000023
:0420BA000000000022
:0420BB000000000021
:0420BC000000000020
:0420BD00000000001F
:0420BE00000000001E
:0420BF00000000001D
:0420C000000000001C
:0420C100000000001B
:0420C200000000001A
:0420C3000000000019
:0420C4000000000018
:0420C5000000000017
:0420C6000000000016
:0420C7000000000015
:0420C8000000000014
:0420C9000000000013
:0420CA000000000012
:0420CB000000000011
:0420CC000000000010
:0420CD00000000000F
:0420CE00000000000E
:0420CF00000000000D
:0420D000000000000C
:0420D100000000000B
:0420D200000000000A
:0420D3000000000009
:0420D4000000000008
:0420D5000000000007
:0420D6000000000006
:0420D7000000000005
:0420D8000000000004
:0420D9000000000003
:0420DA000000000002
:0420DB000000000001
:0420DC000000000000
:0420DD0000000000FF
:0420DE0000000000FE
:0420DF0000000000FD
:0420E00000000000FC
:0420E10000000000FB
:0420E20000000000FA
:0420E30000000000F9
:0420E40000000000F8
:0420E50000000000F7
:0420E60000000000F6
:0420E70000000000F5
:0420E80000000000F4
:0420E90000000000F3
:0420EA0000000000F2
:0420EB0000000000F1
:0420EC0000000000F0
:0420ED0000000000EF
:0420EE0000000000EE
:0420EF0000000000ED
:0420F00000000000EC
:0420F10000000000EB
:0420F20000000000EA
:0420F30000000000E9
:0420F40000000000E8
:0420F50000000000E7
:0420F60000000000E6
:0420F70000000000E5
:0420F80000000000E4
:0420F90000000000E3
:0420FA0000000000E2
:0420FB0000000000E1
:0420FC0000000000E0
:0420FD0000000000DF
:0420FE0000000000DE
:0420FF0000000000DD
:0421000000000000DB
:0421010000000000DA
:0421020000000000D9
:0421030000000000D8
:0421040000000000D7
:0421050000000000D6
:0421060000000000D5
:0421070000000000D4
:0421080000000000D3
:0421090000000000D2
:04210A0000000000D1
:04210B0000000000D0
:04210C0000000000CF
:04210D0000000000CE
:04210E0000000000CD
:04210F0000000000CC
:0421100000000000CB
:0421110000000000CA
:0421120000000000C9
:0421130000000000C8
:0421140000000000C7
:0421150000000000C6
:0421160000000000C5
:0421170000000000C4
:0421180000000000C3
:0421190000000000C2
:04211A0000000000C1
:04211B0000000000C0
:04211C0000000000BF
:04211D0000000000BE
:04211E0000000000BD
:04211F0000000000BC
:0421200000000000BB
:0421210000000000BA
:0421220000000000B9
:0421230000000000B8
:0421240000000000B7
:0421250000000000B6
:0421260000000000B5
:0421270000000000B4
:0421280000000000B3
:0421290000000000B2
:04212A0000000000B1
:04212B0000000000B0
:04212C0000000000AF
:04212D0000000000AE
:04212E0000000000AD
:04212F0000000000AC
:0421300000000000AB
:0421310000000000AA
:0421320000000000A9
:0421330000000000A8
:0421340000000000A7
:0421350000000000A6
:0421360000000000A5
:0421370000000000A4
:0421380000000000A3
:0421390000000000A2
:04213A0000000000A1
:04213B0000000000A0
:04213C00000000009F
:04213D00000000009E
:04213E00000000009D
:04213F00000000009C
:04214000000000009B
:04214100000000009A
:042142000000000099
:042143000000000098
:042144000000000097
:042145000000000096
:042146000000000095
:042147000000000094
:042148000000000093
:042149000000000092
:04214A000000000091
:04214B000000000090
:04214C00000000008F
:04214D00000000008E
:04214E00000000008D
:04214F00000000008C
:04215000000000008B
:04215100000000008A
:042152000000000089
:042153000000000088
:042154000000000087
:042155000000000086
:042156000000000085
:042157000000000084
:042158000000000083
:042159000000000082
:04215A000000000081
:04215B000000000080
:04215C00000000007F
:04215D00000000007E
:04215E00000000007D
:04215F00000000007C
:04216000000000007B
:04216100000000007A
:042162000000000079
:042163000000000078
:042164000000000077
:042165000000000076
:042166000000000075
:042167000000000074
:042168000000000073
:042169000000000072
:04216A000000000071
:04216B000000000070
:04216C00000000006F
:04216D00000000006E
:04216E00000000006D
:04216F00000000006C
:04217000000000006B
:04217100000000006A
:042172000000000069
:042173000000000068
:042174000000000067
:042175000000000066
:042176000000000065
:042177000000000064
:042178000000000063
:042179000000000062
:04217A000000000061
:04217B000000000060
:04217C00000000005F
:04217D00000000005E
:04217E00000000005D
:04217F00000000005C
:04218000000000005B
:04218100000000005A
:042182000000000059
:042183000000000058
:042184000000000057
:042185000000000056
:042186000000000055
:042187000000000054
:042188000000000053
:042189000000000052
:04218A000000000051
:04218B000000000050
:04218C00000000004F
:04218D00000000004E
:04218E00000000004D
:04218F00000000004C
:04219000000000004B
:04219100000000004A
:042192000000000049
:042193000000000048
:042194000000000047
:042195000000000046
:042196000000000045
:042197000000000044
:042198000000000043
:042199000000000042
:04219A000000000041
:04219B000000000040
:04219C00000000003F
:04219D00000000003E
:04219E00000000003D
:04219F00000000003C
:0421A000000000003B
:0421A100000000003A
:0421A2000000000039
:0421A3000000000038
:0421A4000000000037
:0421A5000000000036
:0421A6000000000035
:0421A7000000000034
:0421A8000000000033
:0421A9000000000032
:0421AA000000000031
:0421AB000000000030
:0421AC00000000002F
:0421AD00000000002E
:0421AE00000000002D
:0421AF00000000002C
:0421B000000000002B
:0421B100000000002A
:0421B2000000000029
:0421B3000000000028
:0421B4000000000027
:0421B5000000000026
:0421B6000000000025
:0421B7000000000024
:0421B8000000000023
:0421B9000000000022
:0421BA000000000021
:0421BB000000000020
:0421BC00000000001F
:0421BD00000000001E
:0421BE00000000001D
:0421BF00000000001C
:0421C000000000001B
:0421C100000000001A
:0421C2000000000019
:0421C3000000000018
:0421C4000000000017
:0421C5000000000016
:0421C6000000000015
:0421C7000000000014
:0421C8000000000013
:0421C9000000000012
:0421CA000000000011
:0421CB000000000010
:0421CC00000000000F
:0421CD00000000000E
:0421CE00000000000D
:0421CF00000000000C
:0421D000000000000B
:0421D100000000000A
:0421D2000000000009
:0421D3000000000008
:0421D4000000000007
:0421D5000000000006
:0421D6000000000005
:0421D7000000000004
:0421D8000000000003
:0421D9000000000002
:0421DA000000000001
:0421DB000000000000
:0421DC0000000000FF
:0421DD0000000000FE
:0421DE0000000000FD
:0421DF0000000000FC
:0421E00000000000FB
:0421E10000000000FA
:0421E20000000000F9
:0421E30000000000F8
:0421E40000000000F7
:0421E50000000000F6
:0421E60000000000F5
:0421E70000000000F4
:0421E80000000000F3
:0421E90000000000F2
:0421EA0000000000F1
:0421EB0000000000F0
:0421EC0000000000EF
:0421ED0000000000EE
:0421EE0000000000ED
:0421EF0000000000EC
:0421F00000000000EB
:0421F10000000000EA
:0421F20000000000E9
:0421F30000000000E8
:0421F40000000000E7
:0421F50000000000E6
:0421F60000000000E5
:0421F70000000000E4
:0421F80000000000E3
:0421F90000000000E2
:0421FA0000000000E1
:0421FB0000000000E0
:0421FC0000000000DF
:0421FD0000000000DE
:0421FE0000000000DD
:0421FF0000000000DC
:0422000000000000DA
:0422010000000000D9
:0422020000000000D8
:0422030000000000D7
:0422040000000000D6
:0422050000000000D5
:0422060000000000D4
:0422070000000000D3
:0422080000000000D2
:0422090000000000D1
:04220A0000000000D0
:04220B0000000000CF
:04220C0000000000CE
:04220D0000000000CD
:04220E0000000000CC
:04220F0000000000CB
:0422100000000000CA
:0422110000000000C9
:0422120000000000C8
:0422130000000000C7
:0422140000000000C6
:0422150000000000C5
:0422160000000000C4
:0422170000000000C3
:0422180000000000C2
:0422190000000000C1
:04221A0000000000C0
:04221B0000000000BF
:04221C0000000000BE
:04221D0000000000BD
:04221E0000000000BC
:04221F0000000000BB
:0422200000000000BA
:0422210000000000B9
:0422220000000000B8
:0422230000000000B7
:0422240000000000B6
:0422250000000000B5
:0422260000000000B4
:0422270000000000B3
:0422280000000000B2
:0422290000000000B1
:04222A0000000000B0
:04222B0000000000AF
:04222C0000000000AE
:04222D0000000000AD
:04222E0000000000AC
:04222F0000000000AB
:0422300000000000AA
:0422310000000000A9
:0422320000000000A8
:0422330000000000A7
:0422340000000000A6
:0422350000000000A5
:0422360000000000A4
:0422370000000000A3
:0422380000000000A2
:0422390000000000A1
:04223A0000000000A0
:04223B00000000009F
:04223C00000000009E
:04223D00000000009D
:04223E00000000009C
:04223F00000000009B
:04224000000000009A
:042241000000000099
:042242000000000098
:042243000000000097
:042244000000000096
:042245000000000095
:042246000000000094
:042247000000000093
:042248000000000092
:042249000000000091
:04224A000000000090
:04224B00000000008F
:04224C00000000008E
:04224D00000000008D
:04224E00000000008C
:04224F00000000008B
:04225000000000008A
:042251000000000089
:042252000000000088
:042253000000000087
:042254000000000086
:042255000000000085
:042256000000000084
:042257000000000083
:042258000000000082
:042259000000000081
:04225A000000000080
:04225B00000000007F
:04225C00000000007E
:04225D00000000007D
:04225E00000000007C
:04225F00000000007B
:04226000000000007A
:042261000000000079
:042262000000000078
:042263000000000077
:042264000000000076
:042265000000000075
:042266000000000074
:042267000000000073
:042268000000000072
:042269000000000071
:04226A000000000070
:04226B00000000006F
:04226C00000000006E
:04226D00000000006D
:04226E00000000006C
:04226F00000000006B
:04227000000000006A
:042271000000000069
:042272000000000068
:042273000000000067
:042274000000000066
:042275000000000065
:042276000000000064
:042277000000000063
:042278000000000062
:042279000000000061
:04227A000000000060
:04227B00000000005F
:04227C00000000005E
:04227D00000000005D
:04227E00000000005C
:04227F00000000005B
:04228000000000005A
:042281000000000059
:042282000000000058
:042283000000000057
:042284000000000056
:042285000000000055
:042286000000000054
:042287000000000053
:042288000000000052
:042289000000000051
:04228A000000000050
:04228B00000000004F
:04228C00000000004E
:04228D00000000004D
:04228E00000000004C
:04228F00000000004B
:04229000000000004A
:042291000000000049
:042292000000000048
:042293000000000047
:042294000000000046
:042295000000000045
:042296000000000044
:042297000000000043
:042298000000000042
:042299000000000041
:04229A000000000040
:04229B00000000003F
:04229C00000000003E
:04229D00000000003D
:04229E00000000003C
:04229F00000000003B
:0422A000000000003A
:0422A1000000000039
:0422A2000000000038
:0422A3000000000037
:0422A4000000000036
:0422A5000000000035
:0422A6000000000034
:0422A7000000000033
:0422A8000000000032
:0422A9000000000031
:0422AA000000000030
:0422AB00000000002F
:0422AC00000000002E
:0422AD00000000002D
:0422AE00000000002C
:0422AF00000000002B
:0422B000000000002A
:0422B1000000000029
:0422B2000000000028
:0422B3000000000027
:0422B4000000000026
:0422B5000000000025
:0422B6000000000024
:0422B7000000000023
:0422B8000000000022
:0422B9000000000021
:0422BA000000000020
:0422BB00000000001F
:0422BC00000000001E
:0422BD00000000001D
:0422BE00000000001C
:0422BF00000000001B
:0422C000000000001A
:0422C1000000000019
:0422C2000000000018
:0422C3000000000017
:0422C4000000000016
:0422C5000000000015
:0422C6000000000014
:0422C7000000000013
:0422C8000000000012
:0422C9000000000011
:0422CA000000000010
:0422CB00000000000F
:0422CC00000000000E
:0422CD00000000000D
:0422CE00000000000C
:0422CF00000000000B
:0422D000000000000A
:0422D1000000000009
:0422D2000000000008
:0422D3000000000007
:0422D4000000000006
:0422D5000000000005
:0422D6000000000004
:0422D7000000000003
:0422D8000000000002
:0422D9000000000001
:0422DA000000000000
:0422DB0000000000FF
:0422DC0000000000FE
:0422DD0000000000FD
:0422DE0000000000FC
:0422DF0000000000FB
:0422E00000000000FA
:0422E10000000000F9
:0422E20000000000F8
:0422E30000000000F7
:0422E40000000000F6
:0422E50000000000F5
:0422E60000000000F4
:0422E70000000000F3
:0422E80000000000F2
:0422E90000000000F1
:0422EA0000000000F0
:0422EB0000000000EF
:0422EC0000000000EE
:0422ED0000000000ED
:0422EE0000000000EC
:0422EF0000000000EB
:0422F00000000000EA
:0422F10000000000E9
:0422F20000000000E8
:0422F30000000000E7
:0422F40000000000E6
:0422F50000000000E5
:0422F60000000000E4
:0422F70000000000E3
:0422F80000000000E2
:0422F90000000000E1
:0422FA0000000000E0
:0422FB0000000000DF
:0422FC0000000000DE
:0422FD0000000000DD
:0422FE0000000000DC
:0422FF0000000000DB
:0423000000000000D9
:0423010000000000D8
:0423020000000000D7
:0423030000000000D6
:0423040000000000D5
:0423050000000000D4
:0423060000000000D3
:0423070000000000D2
:0423080000000000D1
:0423090000000000D0
:04230A0000000000CF
:04230B0000000000CE
:04230C0000000000CD
:04230D0000000000CC
:04230E0000000000CB
:04230F0000000000CA
:0423100000000000C9
:0423110000000000C8
:0423120000000000C7
:0423130000000000C6
:0423140000000000C5
:0423150000000000C4
:0423160000000000C3
:0423170000000000C2
:0423180000000000C1
:0423190000000000C0
:04231A0000000000BF
:04231B0000000000BE
:04231C0000000000BD
:04231D0000000000BC
:04231E0000000000BB
:04231F0000000000BA
:0423200000000000B9
:0423210000000000B8
:0423220000000000B7
:0423230000000000B6
:0423240000000000B5
:0423250000000000B4
:0423260000000000B3
:0423270000000000B2
:0423280000000000B1
:0423290000000000B0
:04232A0000000000AF
:04232B0000000000AE
:04232C0000000000AD
:04232D0000000000AC
:04232E0000000000AB
:04232F0000000000AA
:0423300000000000A9
:0423310000000000A8
:0423320000000000A7
:0423330000000000A6
:0423340000000000A5
:0423350000000000A4
:0423360000000000A3
:0423370000000000A2
:0423380000000000A1
:0423390000000000A0
:04233A00000000009F
:04233B00000000009E
:04233C00000000009D
:04233D00000000009C
:04233E00000000009B
:04233F00000000009A
:042340000000000099
:042341000000000098
:042342000000000097
:042343000000000096
:042344000000000095
:042345000000000094
:042346000000000093
:042347000000000092
:042348000000000091
:042349000000000090
:04234A00000000008F
:04234B00000000008E
:04234C00000000008D
:04234D00000000008C
:04234E00000000008B
:04234F00000000008A
:042350000000000089
:042351000000000088
:042352000000000087
:042353000000000086
:042354000000000085
:042355000000000084
:042356000000000083
:042357000000000082
:042358000000000081
:042359000000000080
:04235A00000000007F
:04235B00000000007E
:04235C00000000007D
:04235D00000000007C
:04235E00000000007B
:04235F00000000007A
:042360000000000079
:042361000000000078
:042362000000000077
:042363000000000076
:042364000000000075
:042365000000000074
:042366000000000073
:042367000000000072
:042368000000000071
:042369000000000070
:04236A00000000006F
:04236B00000000006E
:04236C00000000006D
:04236D00000000006C
:04236E00000000006B
:04236F00000000006A
:042370000000000069
:042371000000000068
:042372000000000067
:042373000000000066
:042374000000000065
:042375000000000064
:042376000000000063
:042377000000000062
:042378000000000061
:042379000000000060
:04237A00000000005F
:04237B00000000005E
:04237C00000000005D
:04237D00000000005C
:04237E00000000005B
:04237F00000000005A
:042380000000000059
:042381000000000058
:042382000000000057
:042383000000000056
:042384000000000055
:042385000000000054
:042386000000000053
:042387000000000052
:042388000000000051
:042389000000000050
:04238A00000000004F
:04238B00000000004E
:04238C00000000004D
:04238D00000000004C
:04238E00000000004B
:04238F00000000004A
:042390000000000049
:042391000000000048
:042392000000000047
:042393000000000046
:042394000000000045
:042395000000000044
:042396000000000043
:042397000000000042
:042398000000000041
:042399000000000040
:04239A00000000003F
:04239B00000000003E
:04239C00000000003D
:04239D00000000003C
:04239E00000000003B
:04239F00000000003A
:0423A0000000000039
:0423A1000000000038
:0423A2000000000037
:0423A3000000000036
:0423A4000000000035
:0423A5000000000034
:0423A6000000000033
:0423A7000000000032
:0423A8000000000031
:0423A9000000000030
:0423AA00000000002F
:0423AB00000000002E
:0423AC00000000002D
:0423AD00000000002C
:0423AE00000000002B
:0423AF00000000002A
:0423B0000000000029
:0423B1000000000028
:0423B2000000000027
:0423B3000000000026
:0423B4000000000025
:0423B5000000000024
:0423B6000000000023
:0423B7000000000022
:0423B8000000000021
:0423B9000000000020
:0423BA00000000001F
:0423BB00000000001E
:0423BC00000000001D
:0423BD00000000001C
:0423BE00000000001B
:0423BF00000000001A
:0423C0000000000019
:0423C1000000000018
:0423C2000000000017
:0423C3000000000016
:0423C4000000000015
:0423C5000000000014
:0423C6000000000013
:0423C7000000000012
:0423C8000000000011
:0423C9000000000010
:0423CA00000000000F
:0423CB00000000000E
:0423CC00000000000D
:0423CD00000000000C
:0423CE00000000000B
:0423CF00000000000A
:0423D0000000000009
:0423D1000000000008
:0423D2000000000007
:0423D3000000000006
:0423D4000000000005
:0423D5000000000004
:0423D6000000000003
:0423D7000000000002
:0423D8000000000001
:0423D9000000000000
:0423DA0000000000FF
:0423DB0000000000FE
:0423DC0000000000FD
:0423DD0000000000FC
:0423DE0000000000FB
:0423DF0000000000FA
:0423E00000000000F9
:0423E10000000000F8
:0423E20000000000F7
:0423E30000000000F6
:0423E40000000000F5
:0423E50000000000F4
:0423E60000000000F3
:0423E70000000000F2
:0423E80000000000F1
:0423E90000000000F0
:0423EA0000000000EF
:0423EB0000000000EE
:0423EC0000000000ED
:0423ED0000000000EC
:0423EE0000000000EB
:0423EF0000000000EA
:0423F00000000000E9
:0423F10000000000E8
:0423F20000000000E7
:0423F30000000000E6
:0423F40000000000E5
:0423F50000000000E4
:0423F60000000000E3
:0423F70000000000E2
:0423F80000000000E1
:0423F90000000000E0
:0423FA0000000000DF
:0423FB0000000000DE
:0423FC0000000000DD
:0423FD0000000000DC
:0423FE0000000000DB
:0423FF0000000000DA
:0424000000000000D8
:0424010000000000D7
:0424020000000000D6
:0424030000000000D5
:0424040000000000D4
:0424050000000000D3
:0424060000000000D2
:0424070000000000D1
:0424080000000000D0
:0424090000000000CF
:04240A0000000000CE
:04240B0000000000CD
:04240C0000000000CC
:04240D0000000000CB
:04240E0000000000CA
:04240F0000000000C9
:0424100000000000C8
:0424110000000000C7
:0424120000000000C6
:0424130000000000C5
:0424140000000000C4
:0424150000000000C3
:0424160000000000C2
:0424170000000000C1
:0424180000000000C0
:0424190000000000BF
:04241A0000000000BE
:04241B0000000000BD
:04241C0000000000BC
:04241D0000000000BB
:04241E0000000000BA
:04241F0000000000B9
:0424200000000000B8
:0424210000000000B7
:0424220000000000B6
:0424230000000000B5
:0424240000000000B4
:0424250000000000B3
:0424260000000000B2
:0424270000000000B1
:0424280000000000B0
:0424290000000000AF
:04242A0000000000AE
:04242B0000000000AD
:04242C0000000000AC
:04242D0000000000AB
:04242E0000000000AA
:04242F0000000000A9
:0424300000000000A8
:0424310000000000A7
:0424320000000000A6
:0424330000000000A5
:0424340000000000A4
:0424350000000000A3
:0424360000000000A2
:0424370000000000A1
:0424380000000000A0
:04243900000000009F
:04243A00000000009E
:04243B00000000009D
:04243C00000000009C
:04243D00000000009B
:04243E00000000009A
:04243F000000000099
:042440000000000098
:042441000000000097
:042442000000000096
:042443000000000095
:042444000000000094
:042445000000000093
:042446000000000092
:042447000000000091
:042448000000000090
:04244900000000008F
:04244A00000000008E
:04244B00000000008D
:04244C00000000008C
:04244D00000000008B
:04244E00000000008A
:04244F000000000089
:042450000000000088
:042451000000000087
:042452000000000086
:042453000000000085
:042454000000000084
:042455000000000083
:042456000000000082
:042457000000000081
:042458000000000080
:04245900000000007F
:04245A00000000007E
:04245B00000000007D
:04245C00000000007C
:04245D00000000007B
:04245E00000000007A
:04245F000000000079
:042460000000000078
:042461000000000077
:042462000000000076
:042463000000000075
:042464000000000074
:042465000000000073
:042466000000000072
:042467000000000071
:042468000000000070
:04246900000000006F
:04246A00000000006E
:04246B00000000006D
:04246C00000000006C
:04246D00000000006B
:04246E00000000006A
:04246F000000000069
:042470000000000068
:042471000000000067
:042472000000000066
:042473000000000065
:042474000000000064
:042475000000000063
:042476000000000062
:042477000000000061
:042478000000000060
:04247900000000005F
:04247A00000000005E
:04247B00000000005D
:04247C00000000005C
:04247D00000000005B
:04247E00000000005A
:04247F000000000059
:042480000000000058
:042481000000000057
:042482000000000056
:042483000000000055
:042484000000000054
:042485000000000053
:042486000000000052
:042487000000000051
:042488000000000050
:04248900000000004F
:04248A00000000004E
:04248B00000000004D
:04248C00000000004C
:04248D00000000004B
:04248E00000000004A
:04248F000000000049
:042490000000000048
:042491000000000047
:042492000000000046
:042493000000000045
:042494000000000044
:042495000000000043
:042496000000000042
:042497000000000041
:042498000000000040
:04249900000000003F
:04249A00000000003E
:04249B00000000003D
:04249C00000000003C
:04249D00000000003B
:04249E00000000003A
:04249F000000000039
:0424A0000000000038
:0424A1000000000037
:0424A2000000000036
:0424A3000000000035
:0424A4000000000034
:0424A5000000000033
:0424A6000000000032
:0424A7000000000031
:0424A8000000000030
:0424A900000000002F
:0424AA00000000002E
:0424AB00000000002D
:0424AC00000000002C
:0424AD00000000002B
:0424AE00000000002A
:0424AF000000000029
:0424B0000000000028
:0424B1000000000027
:0424B2000000000026
:0424B3000000000025
:0424B4000000000024
:0424B5000000000023
:0424B6000000000022
:0424B7000000000021
:0424B8000000000020
:0424B900000000001F
:0424BA00000000001E
:0424BB00000000001D
:0424BC00000000001C
:0424BD00000000001B
:0424BE00000000001A
:0424BF000000000019
:0424C0000000000018
:0424C1000000000017
:0424C2000000000016
:0424C3000000000015
:0424C4000000000014
:0424C5000000000013
:0424C6000000000012
:0424C7000000000011
:0424C8000000000010
:0424C900000000000F
:0424CA00000000000E
:0424CB00000000000D
:0424CC00000000000C
:0424CD00000000000B
:0424CE00000000000A
:0424CF000000000009
:0424D0000000000008
:0424D1000000000007
:0424D2000000000006
:0424D3000000000005
:0424D4000000000004
:0424D5000000000003
:0424D6000000000002
:0424D7000000000001
:0424D8000000000000
:0424D90000000000FF
:0424DA0000000000FE
:0424DB0000000000FD
:0424DC0000000000FC
:0424DD0000000000FB
:0424DE0000000000FA
:0424DF0000000000F9
:0424E00000000000F8
:0424E10000000000F7
:0424E20000000000F6
:0424E30000000000F5
:0424E40000000000F4
:0424E50000000000F3
:0424E60000000000F2
:0424E70000000000F1
:0424E80000000000F0
:0424E90000000000EF
:0424EA0000000000EE
:0424EB0000000000ED
:0424EC0000000000EC
:0424ED0000000000EB
:0424EE0000000000EA
:0424EF0000000000E9
:0424F00000000000E8
:0424F10000000000E7
:0424F20000000000E6
:0424F30000000000E5
:0424F40000000000E4
:0424F50000000000E3
:0424F60000000000E2
:0424F70000000000E1
:0424F80000000000E0
:0424F90000000000DF
:0424FA0000000000DE
:0424FB0000000000DD
:0424FC0000000000DC
:0424FD0000000000DB
:0424FE0000000000DA
:0424FF0000000000D9
:0425000000000000D7
:0425010000000000D6
:0425020000000000D5
:0425030000000000D4
:0425040000000000D3
:0425050000000000D2
:0425060000000000D1
:0425070000000000D0
:0425080000000000CF
:0425090000000000CE
:04250A0000000000CD
:04250B0000000000CC
:04250C0000000000CB
:04250D0000000000CA
:04250E0000000000C9
:04250F0000000000C8
:0425100000000000C7
:0425110000000000C6
:0425120000000000C5
:0425130000000000C4
:0425140000000000C3
:0425150000000000C2
:0425160000000000C1
:0425170000000000C0
:0425180000000000BF
:0425190000000000BE
:04251A0000000000BD
:04251B0000000000BC
:04251C0000000000BB
:04251D0000000000BA
:04251E0000000000B9
:04251F0000000000B8
:0425200000000000B7
:0425210000000000B6
:0425220000000000B5
:0425230000000000B4
:0425240000000000B3
:0425250000000000B2
:0425260000000000B1
:0425270000000000B0
:0425280000000000AF
:0425290000000000AE
:04252A0000000000AD
:04252B0000000000AC
:04252C0000000000AB
:04252D0000000000AA
:04252E0000000000A9
:04252F0000000000A8
:0425300000000000A7
:0425310000000000A6
:0425320000000000A5
:0425330000000000A4
:0425340000000000A3
:0425350000000000A2
:0425360000000000A1
:0425370000000000A0
:04253800000000009F
:04253900000000009E
:04253A00000000009D
:04253B00000000009C
:04253C00000000009B
:04253D00000000009A
:04253E000000000099
:04253F000000000098
:042540000000000097
:042541000000000096
:042542000000000095
:042543000000000094
:042544000000000093
:042545000000000092
:042546000000000091
:042547000000000090
:04254800000000008F
:04254900000000008E
:04254A00000000008D
:04254B00000000008C
:04254C00000000008B
:04254D00000000008A
:04254E000000000089
:04254F000000000088
:042550000000000087
:042551000000000086
:042552000000000085
:042553000000000084
:042554000000000083
:042555000000000082
:042556000000000081
:042557000000000080
:04255800000000007F
:04255900000000007E
:04255A00000000007D
:04255B00000000007C
:04255C00000000007B
:04255D00000000007A
:04255E000000000079
:04255F000000000078
:042560000000000077
:042561000000000076
:042562000000000075
:042563000000000074
:042564000000000073
:042565000000000072
:042566000000000071
:042567000000000070
:04256800000000006F
:04256900000000006E
:04256A00000000006D
:04256B00000000006C
:04256C00000000006B
:04256D00000000006A
:04256E000000000069
:04256F000000000068
:042570000000000067
:042571000000000066
:042572000000000065
:042573000000000064
:042574000000000063
:042575000000000062
:042576000000000061
:042577000000000060
:04257800000000005F
:04257900000000005E
:04257A00000000005D
:04257B00000000005C
:04257C00000000005B
:04257D00000000005A
:04257E000000000059
:04257F000000000058
:042580000000000057
:042581000000000056
:042582000000000055
:042583000000000054
:042584000000000053
:042585000000000052
:042586000000000051
:042587000000000050
:04258800000000004F
:04258900000000004E
:04258A00000000004D
:04258B00000000004C
:04258C00000000004B
:04258D00000000004A
:04258E000000000049
:04258F000000000048
:042590000000000047
:042591000000000046
:042592000000000045
:042593000000000044
:042594000000000043
:042595000000000042
:042596000000000041
:042597000000000040
:04259800000000003F
:04259900000000003E
:04259A00000000003D
:04259B00000000003C
:04259C00000000003B
:04259D00000000003A
:04259E000000000039
:04259F000000000038
:0425A0000000000037
:0425A1000000000036
:0425A2000000000035
:0425A3000000000034
:0425A4000000000033
:0425A5000000000032
:0425A6000000000031
:0425A7000000000030
:0425A800000000002F
:0425A900000000002E
:0425AA00000000002D
:0425AB00000000002C
:0425AC00000000002B
:0425AD00000000002A
:0425AE000000000029
:0425AF000000000028
:0425B0000000000027
:0425B1000000000026
:0425B2000000000025
:0425B3000000000024
:0425B4000000000023
:0425B5000000000022
:0425B6000000000021
:0425B7000000000020
:0425B800000000001F
:0425B900000000001E
:0425BA00000000001D
:0425BB00000000001C
:0425BC00000000001B
:0425BD00000000001A
:0425BE000000000019
:0425BF000000000018
:0425C0000000000017
:0425C1000000000016
:0425C2000000000015
:0425C3000000000014
:0425C4000000000013
:0425C5000000000012
:0425C6000000000011
:0425C7000000000010
:0425C800000000000F
:0425C900000000000E
:0425CA00000000000D
:0425CB00000000000C
:0425CC00000000000B
:0425CD00000000000A
:0425CE000000000009
:0425CF000000000008
:0425D0000000000007
:0425D1000000000006
:0425D2000000000005
:0425D3000000000004
:0425D4000000000003
:0425D5000000000002
:0425D6000000000001
:0425D7000000000000
:0425D80000000000FF
:0425D90000000000FE
:0425DA0000000000FD
:0425DB0000000000FC
:0425DC0000000000FB
:0425DD0000000000FA
:0425DE0000000000F9
:0425DF0000000000F8
:0425E00000000000F7
:0425E10000000000F6
:0425E20000000000F5
:0425E30000000000F4
:0425E40000000000F3
:0425E50000000000F2
:0425E60000000000F1
:0425E70000000000F0
:0425E80000000000EF
:0425E90000000000EE
:0425EA0000000000ED
:0425EB0000000000EC
:0425EC0000000000EB
:0425ED0000000000EA
:0425EE0000000000E9
:0425EF0000000000E8
:0425F00000000000E7
:0425F10000000000E6
:0425F20000000000E5
:0425F30000000000E4
:0425F40000000000E3
:0425F50000000000E2
:0425F60000000000E1
:0425F70000000000E0
:0425F80000000000DF
:0425F90000000000DE
:0425FA0000000000DD
:0425FB0000000000DC
:0425FC0000000000DB
:0425FD0000000000DA
:0425FE0000000000D9
:0425FF0000000000D8
:0426000000000000D6
:0426010000000000D5
:0426020000000000D4
:0426030000000000D3
:0426040000000000D2
:0426050000000000D1
:0426060000000000D0
:0426070000000000CF
:0426080000000000CE
:0426090000000000CD
:04260A0000000000CC
:04260B0000000000CB
:04260C0000000000CA
:04260D0000000000C9
:04260E0000000000C8
:04260F0000000000C7
:0426100000000000C6
:0426110000000000C5
:0426120000000000C4
:0426130000000000C3
:0426140000000000C2
:0426150000000000C1
:0426160000000000C0
:0426170000000000BF
:0426180000000000BE
:0426190000000000BD
:04261A0000000000BC
:04261B0000000000BB
:04261C0000000000BA
:04261D0000000000B9
:04261E0000000000B8
:04261F0000000000B7
:0426200000000000B6
:0426210000000000B5
:0426220000000000B4
:0426230000000000B3
:0426240000000000B2
:0426250000000000B1
:0426260000000000B0
:0426270000000000AF
:0426280000000000AE
:0426290000000000AD
:04262A0000000000AC
:04262B0000000000AB
:04262C0000000000AA
:04262D0000000000A9
:04262E0000000000A8
:04262F0000000000A7
:0426300000000000A6
:0426310000000000A5
:0426320000000000A4
:0426330000000000A3
:0426340000000000A2
:0426350000000000A1
:0426360000000000A0
:04263700000000009F
:04263800000000009E
:04263900000000009D
:04263A00000000009C
:04263B00000000009B
:04263C00000000009A
:04263D000000000099
:04263E000000000098
:04263F000000000097
:042640000000000096
:042641000000000095
:042642000000000094
:042643000000000093
:042644000000000092
:042645000000000091
:042646000000000090
:04264700000000008F
:04264800000000008E
:04264900000000008D
:04264A00000000008C
:04264B00000000008B
:04264C00000000008A
:04264D000000000089
:04264E000000000088
:04264F000000000087
:042650000000000086
:042651000000000085
:042652000000000084
:042653000000000083
:042654000000000082
:042655000000000081
:042656000000000080
:04265700000000007F
:04265800000000007E
:04265900000000007D
:04265A00000000007C
:04265B00000000007B
:04265C00000000007A
:04265D000000000079
:04265E000000000078
:04265F000000000077
:042660000000000076
:042661000000000075
:042662000000000074
:042663000000000073
:042664000000000072
:042665000000000071
:042666000000000070
:04266700000000006F
:04266800000000006E
:04266900000000006D
:04266A00000000006C
:04266B00000000006B
:04266C00000000006A
:04266D000000000069
:04266E000000000068
:04266F000000000067
:042670000000000066
:042671000000000065
:042672000000000064
:042673000000000063
:042674000000000062
:042675000000000061
:042676000000000060
:04267700000000005F
:04267800000000005E
:04267900000000005D
:04267A00000000005C
:04267B00000000005B
:04267C00000000005A
:04267D000000000059
:04267E000000000058
:04267F000000000057
:042680000000000056
:042681000000000055
:042682000000000054
:042683000000000053
:042684000000000052
:042685000000000051
:042686000000000050
:04268700000000004F
:04268800000000004E
:04268900000000004D
:04268A00000000004C
:04268B00000000004B
:04268C00000000004A
:04268D000000000049
:04268E000000000048
:04268F000000000047
:042690000000000046
:042691000000000045
:042692000000000044
:042693000000000043
:042694000000000042
:042695000000000041
:042696000000000040
:04269700000000003F
:04269800000000003E
:04269900000000003D
:04269A00000000003C
:04269B00000000003B
:04269C00000000003A
:04269D000000000039
:04269E000000000038
:04269F000000000037
:0426A0000000000036
:0426A1000000000035
:0426A2000000000034
:0426A3000000000033
:0426A4000000000032
:0426A5000000000031
:0426A6000000000030
:0426A700000000002F
:0426A800000000002E
:0426A900000000002D
:0426AA00000000002C
:0426AB00000000002B
:0426AC00000000002A
:0426AD000000000029
:0426AE000000000028
:0426AF000000000027
:0426B0000000000026
:0426B1000000000025
:0426B2000000000024
:0426B3000000000023
:0426B4000000000022
:0426B5000000000021
:0426B6000000000020
:0426B700000000001F
:0426B800000000001E
:0426B900000000001D
:0426BA00000000001C
:0426BB00000000001B
:0426BC00000000001A
:0426BD000000000019
:0426BE000000000018
:0426BF000000000017
:0426C0000000000016
:0426C1000000000015
:0426C2000000000014
:0426C3000000000013
:0426C4000000000012
:0426C5000000000011
:0426C6000000000010
:0426C700000000000F
:0426C800000000000E
:0426C900000000000D
:0426CA00000000000C
:0426CB00000000000B
:0426CC00000000000A
:0426CD000000000009
:0426CE000000000008
:0426CF000000000007
:0426D0000000000006
:0426D1000000000005
:0426D2000000000004
:0426D3000000000003
:0426D4000000000002
:0426D5000000000001
:0426D6000000000000
:0426D70000000000FF
:0426D80000000000FE
:0426D90000000000FD
:0426DA0000000000FC
:0426DB0000000000FB
:0426DC0000000000FA
:0426DD0000000000F9
:0426DE0000000000F8
:0426DF0000000000F7
:0426E00000000000F6
:0426E10000000000F5
:0426E20000000000F4
:0426E30000000000F3
:0426E40000000000F2
:0426E50000000000F1
:0426E60000000000F0
:0426E70000000000EF
:0426E80000000000EE
:0426E90000000000ED
:0426EA0000000000EC
:0426EB0000000000EB
:0426EC0000000000EA
:0426ED0000000000E9
:0426EE0000000000E8
:0426EF0000000000E7
:0426F00000000000E6
:0426F10000000000E5
:0426F20000000000E4
:0426F30000000000E3
:0426F40000000000E2
:0426F50000000000E1
:0426F60000000000E0
:0426F70000000000DF
:0426F80000000000DE
:0426F90000000000DD
:0426FA0000000000DC
:0426FB0000000000DB
:0426FC0000000000DA
:0426FD0000000000D9
:0426FE0000000000D8
:0426FF0000000000D7
:0427000000000000D5
:0427010000000000D4
:0427020000000000D3
:0427030000000000D2
:0427040000000000D1
:0427050000000000D0
:0427060000000000CF
:0427070000000000CE
:0427080000000000CD
:0427090000000000CC
:04270A0000000000CB
:04270B0000000000CA
:04270C0000000000C9
:04270D0000000000C8
:04270E0000000000C7
:04270F0000000000C6
:0427100000000000C5
:0427110000000000C4
:0427120000000000C3
:0427130000000000C2
:0427140000000000C1
:0427150000000000C0
:0427160000000000BF
:0427170000000000BE
:0427180000000000BD
:0427190000000000BC
:04271A0000000000BB
:04271B0000000000BA
:04271C0000000000B9
:04271D0000000000B8
:04271E0000000000B7
:04271F0000000000B6
:0427200000000000B5
:0427210000000000B4
:0427220000000000B3
:0427230000000000B2
:0427240000000000B1
:0427250000000000B0
:0427260000000000AF
:0427270000000000AE
:0427280000000000AD
:0427290000000000AC
:04272A0000000000AB
:04272B0000000000AA
:04272C0000000000A9
:04272D0000000000A8
:04272E0000000000A7
:04272F0000000000A6
:0427300000000000A5
:0427310000000000A4
:0427320000000000A3
:0427330000000000A2
:0427340000000000A1
:0427350000000000A0
:04273600000000009F
:04273700000000009E
:04273800000000009D
:04273900000000009C
:04273A00000000009B
:04273B00000000009A
:04273C000000000099
:04273D000000000098
:04273E000000000097
:04273F000000000096
:042740000000000095
:042741000000000094
:042742000000000093
:042743000000000092
:042744000000000091
:042745000000000090
:04274600000000008F
:04274700000000008E
:04274800000000008D
:04274900000000008C
:04274A00000000008B
:04274B00000000008A
:04274C000000000089
:04274D000000000088
:04274E000000000087
:04274F000000000086
:042750000000000085
:042751000000000084
:042752000000000083
:042753000000000082
:042754000000000081
:042755000000000080
:04275600000000007F
:04275700000000007E
:04275800000000007D
:04275900000000007C
:04275A00000000007B
:04275B00000000007A
:04275C000000000079
:04275D000000000078
:04275E000000000077
:04275F000000000076
:042760000000000075
:042761000000000074
:042762000000000073
:042763000000000072
:042764000000000071
:042765000000000070
:04276600000000006F
:04276700000000006E
:04276800000000006D
:04276900000000006C
:04276A00000000006B
:04276B00000000006A
:04276C000000000069
:04276D000000000068
:04276E000000000067
:04276F000000000066
:042770000000000065
:042771000000000064
:042772000000000063
:042773000000000062
:042774000000000061
:042775000000000060
:04277600000000005F
:04277700000000005E
:04277800000000005D
:04277900000000005C
:04277A00000000005B
:04277B00000000005A
:04277C000000000059
:04277D000000000058
:04277E000000000057
:04277F000000000056
:042780000000000055
:042781000000000054
:042782000000000053
:042783000000000052
:042784000000000051
:042785000000000050
:04278600000000004F
:04278700000000004E
:04278800000000004D
:04278900000000004C
:04278A00000000004B
:04278B00000000004A
:04278C000000000049
:04278D000000000048
:04278E000000000047
:04278F000000000046
:042790000000000045
:042791000000000044
:042792000000000043
:042793000000000042
:042794000000000041
:042795000000000040
:04279600000000003F
:04279700000000003E
:04279800000000003D
:04279900000000003C
:04279A00000000003B
:04279B00000000003A
:04279C000000000039
:04279D000000000038
:04279E000000000037
:04279F000000000036
:0427A0000000000035
:0427A1000000000034
:0427A2000000000033
:0427A3000000000032
:0427A4000000000031
:0427A5000000000030
:0427A600000000002F
:0427A700000000002E
:0427A800000000002D
:0427A900000000002C
:0427AA00000000002B
:0427AB00000000002A
:0427AC000000000029
:0427AD000000000028
:0427AE000000000027
:0427AF000000000026
:0427B0000000000025
:0427B1000000000024
:0427B2000000000023
:0427B3000000000022
:0427B4000000000021
:0427B5000000000020
:0427B600000000001F
:0427B700000000001E
:0427B800000000001D
:0427B900000000001C
:0427BA00000000001B
:0427BB00000000001A
:0427BC000000000019
:0427BD000000000018
:0427BE000000000017
:0427BF000000000016
:0427C0000000000015
:0427C1000000000014
:0427C2000000000013
:0427C3000000000012
:0427C4000000000011
:0427C5000000000010
:0427C600000000000F
:0427C700000000000E
:0427C800000000000D
:0427C900000000000C
:0427CA00000000000B
:0427CB00000000000A
:0427CC000000000009
:0427CD000000000008
:0427CE000000000007
:0427CF000000000006
:0427D0000000000005
:0427D1000000000004
:0427D2000000000003
:0427D3000000000002
:0427D4000000000001
:0427D5000000000000
:0427D60000000000FF
:0427D70000000000FE
:0427D80000000000FD
:0427D90000000000FC
:0427DA0000000000FB
:0427DB0000000000FA
:0427DC0000000000F9
:0427DD0000000000F8
:0427DE0000000000F7
:0427DF0000000000F6
:0427E00000000000F5
:0427E10000000000F4
:0427E20000000000F3
:0427E30000000000F2
:0427E40000000000F1
:0427E50000000000F0
:0427E60000000000EF
:0427E70000000000EE
:0427E80000000000ED
:0427E90000000000EC
:0427EA0000000000EB
:0427EB0000000000EA
:0427EC0000000000E9
:0427ED0000000000E8
:0427EE0000000000E7
:0427EF0000000000E6
:0427F00000000000E5
:0427F10000000000E4
:0427F20000000000E3
:0427F30000000000E2
:0427F40000000000E1
:0427F50000000000E0
:0427F60000000000DF
:0427F70000000000DE
:0427F80000000000DD
:0427F90000000000DC
:0427FA0000000000DB
:0427FB0000000000DA
:0427FC0000000000D9
:0427FD0000000000D8
:0427FE0000000000D7
:0427FF0000000000D6
:0428000000000000D4
:0428010000000000D3
:0428020000000000D2
:0428030000000000D1
:0428040000000000D0
:0428050000000000CF
:0428060000000000CE
:0428070000000000CD
:0428080000000000CC
:0428090000000000CB
:04280A0000000000CA
:04280B0000000000C9
:04280C0000000000C8
:04280D0000000000C7
:04280E0000000000C6
:04280F0000000000C5
:0428100000000000C4
:0428110000000000C3
:0428120000000000C2
:0428130000000000C1
:0428140000000000C0
:0428150000000000BF
:0428160000000000BE
:0428170000000000BD
:0428180000000000BC
:0428190000000000BB
:04281A0000000000BA
:04281B0000000000B9
:04281C0000000000B8
:04281D0000000000B7
:04281E0000000000B6
:04281F0000000000B5
:0428200000000000B4
:0428210000000000B3
:0428220000000000B2
:0428230000000000B1
:0428240000000000B0
:0428250000000000AF
:0428260000000000AE
:0428270000000000AD
:0428280000000000AC
:0428290000000000AB
:04282A0000000000AA
:04282B0000000000A9
:04282C0000000000A8
:04282D0000000000A7
:04282E0000000000A6
:04282F0000000000A5
:0428300000000000A4
:0428310000000000A3
:0428320000000000A2
:0428330000000000A1
:0428340000000000A0
:04283500000000009F
:04283600000000009E
:04283700000000009D
:04283800000000009C
:04283900000000009B
:04283A00000000009A
:04283B000000000099
:04283C000000000098
:04283D000000000097
:04283E000000000096
:04283F000000000095
:042840000000000094
:042841000000000093
:042842000000000092
:042843000000000091
:042844000000000090
:04284500000000008F
:04284600000000008E
:04284700000000008D
:04284800000000008C
:04284900000000008B
:04284A00000000008A
:04284B000000000089
:04284C000000000088
:04284D000000000087
:04284E000000000086
:04284F000000000085
:042850000000000084
:042851000000000083
:042852000000000082
:042853000000000081
:042854000000000080
:04285500000000007F
:04285600000000007E
:04285700000000007D
:04285800000000007C
:04285900000000007B
:04285A00000000007A
:04285B000000000079
:04285C000000000078
:04285D000000000077
:04285E000000000076
:04285F000000000075
:042860000000000074
:042861000000000073
:042862000000000072
:042863000000000071
:042864000000000070
:04286500000000006F
:04286600000000006E
:04286700000000006D
:04286800000000006C
:04286900000000006B
:04286A00000000006A
:04286B000000000069
:04286C000000000068
:04286D000000000067
:04286E000000000066
:04286F000000000065
:042870000000000064
:042871000000000063
:042872000000000062
:042873000000000061
:042874000000000060
:04287500000000005F
:04287600000000005E
:04287700000000005D
:04287800000000005C
:04287900000000005B
:04287A00000000005A
:04287B000000000059
:04287C000000000058
:04287D000000000057
:04287E000000000056
:04287F000000000055
:042880000000000054
:042881000000000053
:042882000000000052
:042883000000000051
:042884000000000050
:04288500000000004F
:04288600000000004E
:04288700000000004D
:04288800000000004C
:04288900000000004B
:04288A00000000004A
:04288B000000000049
:04288C000000000048
:04288D000000000047
:04288E000000000046
:04288F000000000045
:042890000000000044
:042891000000000043
:042892000000000042
:042893000000000041
:042894000000000040
:04289500000000003F
:04289600000000003E
:04289700000000003D
:04289800000000003C
:04289900000000003B
:04289A00000000003A
:04289B000000000039
:04289C000000000038
:04289D000000000037
:04289E000000000036
:04289F000000000035
:0428A0000000000034
:0428A1000000000033
:0428A2000000000032
:0428A3000000000031
:0428A4000000000030
:0428A500000000002F
:0428A600000000002E
:0428A700000000002D
:0428A800000000002C
:0428A900000000002B
:0428AA00000000002A
:0428AB000000000029
:0428AC000000000028
:0428AD000000000027
:0428AE000000000026
:0428AF000000000025
:0428B0000000000024
:0428B1000000000023
:0428B2000000000022
:0428B3000000000021
:0428B4000000000020
:0428B500000000001F
:0428B600000000001E
:0428B700000000001D
:0428B800000000001C
:0428B900000000001B
:0428BA00000000001A
:0428BB000000000019
:0428BC000000000018
:0428BD000000000017
:0428BE000000000016
:0428BF000000000015
:0428C0000000000014
:0428C1000000000013
:0428C2000000000012
:0428C3000000000011
:0428C4000000000010
:0428C500000000000F
:0428C600000000000E
:0428C700000000000D
:0428C800000000000C
:0428C900000000000B
:0428CA00000000000A
:0428CB000000000009
:0428CC000000000008
:0428CD000000000007
:0428CE000000000006
:0428CF000000000005
:0428D0000000000004
:0428D1000000000003
:0428D2000000000002
:0428D3000000000001
:0428D4000000000000
:0428D50000000000FF
:0428D60000000000FE
:0428D70000000000FD
:0428D80000000000FC
:0428D90000000000FB
:0428DA0000000000FA
:0428DB0000000000F9
:0428DC0000000000F8
:0428DD0000000000F7
:0428DE0000000000F6
:0428DF0000000000F5
:0428E00000000000F4
:0428E10000000000F3
:0428E20000000000F2
:0428E30000000000F1
:0428E40000000000F0
:0428E50000000000EF
:0428E60000000000EE
:0428E70000000000ED
:0428E80000000000EC
:0428E90000000000EB
:0428EA0000000000EA
:0428EB0000000000E9
:0428EC0000000000E8
:0428ED0000000000E7
:0428EE0000000000E6
:0428EF0000000000E5
:0428F00000000000E4
:0428F10000000000E3
:0428F20000000000E2
:0428F30000000000E1
:0428F40000000000E0
:0428F50000000000DF
:0428F60000000000DE
:0428F70000000000DD
:0428F80000000000DC
:0428F90000000000DB
:0428FA0000000000DA
:0428FB0000000000D9
:0428FC0000000000D8
:0428FD0000000000D7
:0428FE0000000000D6
:0428FF0000000000D5
:0429000000000000D3
:0429010000000000D2
:0429020000000000D1
:0429030000000000D0
:0429040000000000CF
:0429050000000000CE
:0429060000000000CD
:0429070000000000CC
:0429080000000000CB
:0429090000000000CA
:04290A0000000000C9
:04290B0000000000C8
:04290C0000000000C7
:04290D0000000000C6
:04290E0000000000C5
:04290F0000000000C4
:0429100000000000C3
:0429110000000000C2
:0429120000000000C1
:0429130000000000C0
:0429140000000000BF
:0429150000000000BE
:0429160000000000BD
:0429170000000000BC
:0429180000000000BB
:0429190000000000BA
:04291A0000000000B9
:04291B0000000000B8
:04291C0000000000B7
:04291D0000000000B6
:04291E0000000000B5
:04291F0000000000B4
:0429200000000000B3
:0429210000000000B2
:0429220000000000B1
:0429230000000000B0
:0429240000000000AF
:0429250000000000AE
:0429260000000000AD
:0429270000000000AC
:0429280000000000AB
:0429290000000000AA
:04292A0000000000A9
:04292B0000000000A8
:04292C0000000000A7
:04292D0000000000A6
:04292E0000000000A5
:04292F0000000000A4
:0429300000000000A3
:0429310000000000A2
:0429320000000000A1
:0429330000000000A0
:04293400000000009F
:04293500000000009E
:04293600000000009D
:04293700000000009C
:04293800000000009B
:04293900000000009A
:04293A000000000099
:04293B000000000098
:04293C000000000097
:04293D000000000096
:04293E000000000095
:04293F000000000094
:042940000000000093
:042941000000000092
:042942000000000091
:042943000000000090
:04294400000000008F
:04294500000000008E
:04294600000000008D
:04294700000000008C
:04294800000000008B
:04294900000000008A
:04294A000000000089
:04294B000000000088
:04294C000000000087
:04294D000000000086
:04294E000000000085
:04294F000000000084
:042950000000000083
:042951000000000082
:042952000000000081
:042953000000000080
:04295400000000007F
:04295500000000007E
:04295600000000007D
:04295700000000007C
:04295800000000007B
:04295900000000007A
:04295A000000000079
:04295B000000000078
:04295C000000000077
:04295D000000000076
:04295E000000000075
:04295F000000000074
:042960000000000073
:042961000000000072
:042962000000000071
:042963000000000070
:04296400000000006F
:04296500000000006E
:04296600000000006D
:04296700000000006C
:04296800000000006B
:04296900000000006A
:04296A000000000069
:04296B000000000068
:04296C000000000067
:04296D000000000066
:04296E000000000065
:04296F000000000064
:042970000000000063
:042971000000000062
:042972000000000061
:042973000000000060
:04297400000000005F
:04297500000000005E
:04297600000000005D
:04297700000000005C
:04297800000000005B
:04297900000000005A
:04297A000000000059
:04297B000000000058
:04297C000000000057
:04297D000000000056
:04297E000000000055
:04297F000000000054
:042980000000000053
:042981000000000052
:042982000000000051
:042983000000000050
:04298400000000004F
:04298500000000004E
:04298600000000004D
:04298700000000004C
:04298800000000004B
:04298900000000004A
:04298A000000000049
:04298B000000000048
:04298C000000000047
:04298D000000000046
:04298E000000000045
:04298F000000000044
:042990000000000043
:042991000000000042
:042992000000000041
:042993000000000040
:04299400000000003F
:04299500000000003E
:04299600000000003D
:04299700000000003C
:04299800000000003B
:04299900000000003A
:04299A000000000039
:04299B000000000038
:04299C000000000037
:04299D000000000036
:04299E000000000035
:04299F000000000034
:0429A0000000000033
:0429A1000000000032
:0429A2000000000031
:0429A3000000000030
:0429A400000000002F
:0429A500000000002E
:0429A600000000002D
:0429A700000000002C
:0429A800000000002B
:0429A900000000002A
:0429AA000000000029
:0429AB000000000028
:0429AC000000000027
:0429AD000000000026
:0429AE000000000025
:0429AF000000000024
:0429B0000000000023
:0429B1000000000022
:0429B2000000000021
:0429B3000000000020
:0429B400000000001F
:0429B500000000001E
:0429B600000000001D
:0429B700000000001C
:0429B800000000001B
:0429B900000000001A
:0429BA000000000019
:0429BB000000000018
:0429BC000000000017
:0429BD000000000016
:0429BE000000000015
:0429BF000000000014
:0429C0000000000013
:0429C1000000000012
:0429C2000000000011
:0429C3000000000010
:0429C400000000000F
:0429C500000000000E
:0429C600000000000D
:0429C700000000000C
:0429C800000000000B
:0429C900000000000A
:0429CA000000000009
:0429CB000000000008
:0429CC000000000007
:0429CD000000000006
:0429CE000000000005
:0429CF000000000004
:0429D0000000000003
:0429D1000000000002
:0429D2000000000001
:0429D3000000000000
:0429D40000000000FF
:0429D50000000000FE
:0429D60000000000FD
:0429D70000000000FC
:0429D80000000000FB
:0429D90000000000FA
:0429DA0000000000F9
:0429DB0000000000F8
:0429DC0000000000F7
:0429DD0000000000F6
:0429DE0000000000F5
:0429DF0000000000F4
:0429E00000000000F3
:0429E10000000000F2
:0429E20000000000F1
:0429E30000000000F0
:0429E40000000000EF
:0429E50000000000EE
:0429E60000000000ED
:0429E70000000000EC
:0429E80000000000EB
:0429E90000000000EA
:0429EA0000000000E9
:0429EB0000000000E8
:0429EC0000000000E7
:0429ED0000000000E6
:0429EE0000000000E5
:0429EF0000000000E4
:0429F00000000000E3
:0429F10000000000E2
:0429F20000000000E1
:0429F30000000000E0
:0429F40000000000DF
:0429F50000000000DE
:0429F60000000000DD
:0429F70000000000DC
:0429F80000000000DB
:0429F90000000000DA
:0429FA0000000000D9
:0429FB0000000000D8
:0429FC0000000000D7
:0429FD0000000000D6
:0429FE0000000000D5
:0429FF0000000000D4
:042A000000000000D2
:042A010000000000D1
:042A020000000000D0
:042A030000000000CF
:042A040000000000CE
:042A050000000000CD
:042A060000000000CC
:042A070000000000CB
:042A080000000000CA
:042A090000000000C9
:042A0A0000000000C8
:042A0B0000000000C7
:042A0C0000000000C6
:042A0D0000000000C5
:042A0E0000000000C4
:042A0F0000000000C3
:042A100000000000C2
:042A110000000000C1
:042A120000000000C0
:042A130000000000BF
:042A140000000000BE
:042A150000000000BD
:042A160000000000BC
:042A170000000000BB
:042A180000000000BA
:042A190000000000B9
:042A1A0000000000B8
:042A1B0000000000B7
:042A1C0000000000B6
:042A1D0000000000B5
:042A1E0000000000B4
:042A1F0000000000B3
:042A200000000000B2
:042A210000000000B1
:042A220000000000B0
:042A230000000000AF
:042A240000000000AE
:042A250000000000AD
:042A260000000000AC
:042A270000000000AB
:042A280000000000AA
:042A290000000000A9
:042A2A0000000000A8
:042A2B0000000000A7
:042A2C0000000000A6
:042A2D0000000000A5
:042A2E0000000000A4
:042A2F0000000000A3
:042A300000000000A2
:042A310000000000A1
:042A320000000000A0
:042A3300000000009F
:042A3400000000009E
:042A3500000000009D
:042A3600000000009C
:042A3700000000009B
:042A3800000000009A
:042A39000000000099
:042A3A000000000098
:042A3B000000000097
:042A3C000000000096
:042A3D000000000095
:042A3E000000000094
:042A3F000000000093
:042A40000000000092
:042A41000000000091
:042A42000000000090
:042A4300000000008F
:042A4400000000008E
:042A4500000000008D
:042A4600000000008C
:042A4700000000008B
:042A4800000000008A
:042A49000000000089
:042A4A000000000088
:042A4B000000000087
:042A4C000000000086
:042A4D000000000085
:042A4E000000000084
:042A4F000000000083
:042A50000000000082
:042A51000000000081
:042A52000000000080
:042A5300000000007F
:042A5400000000007E
:042A5500000000007D
:042A5600000000007C
:042A5700000000007B
:042A5800000000007A
:042A59000000000079
:042A5A000000000078
:042A5B000000000077
:042A5C000000000076
:042A5D000000000075
:042A5E000000000074
:042A5F000000000073
:042A60000000000072
:042A61000000000071
:042A62000000000070
:042A6300000000006F
:042A6400000000006E
:042A6500000000006D
:042A6600000000006C
:042A6700000000006B
:042A6800000000006A
:042A69000000000069
:042A6A000000000068
:042A6B000000000067
:042A6C000000000066
:042A6D000000000065
:042A6E000000000064
:042A6F000000000063
:042A70000000000062
:042A71000000000061
:042A72000000000060
:042A7300000000005F
:042A7400000000005E
:042A7500000000005D
:042A7600000000005C
:042A7700000000005B
:042A7800000000005A
:042A79000000000059
:042A7A000000000058
:042A7B000000000057
:042A7C000000000056
:042A7D000000000055
:042A7E000000000054
:042A7F000000000053
:042A80000000000052
:042A81000000000051
:042A82000000000050
:042A8300000000004F
:042A8400000000004E
:042A8500000000004D
:042A8600000000004C
:042A8700000000004B
:042A8800000000004A
:042A89000000000049
:042A8A000000000048
:042A8B000000000047
:042A8C000000000046
:042A8D000000000045
:042A8E000000000044
:042A8F000000000043
:042A90000000000042
:042A91000000000041
:042A92000000000040
:042A9300000000003F
:042A9400000000003E
:042A9500000000003D
:042A9600000000003C
:042A9700000000003B
:042A9800000000003A
:042A99000000000039
:042A9A000000000038
:042A9B000000000037
:042A9C000000000036
:042A9D000000000035
:042A9E000000000034
:042A9F000000000033
:042AA0000000000032
:042AA1000000000031
:042AA2000000000030
:042AA300000000002F
:042AA400000000002E
:042AA500000000002D
:042AA600000000002C
:042AA700000000002B
:042AA800000000002A
:042AA9000000000029
:042AAA000000000028
:042AAB000000000027
:042AAC000000000026
:042AAD000000000025
:042AAE000000000024
:042AAF000000000023
:042AB0000000000022
:042AB1000000000021
:042AB2000000000020
:042AB300000000001F
:042AB400000000001E
:042AB500000000001D
:042AB600000000001C
:042AB700000000001B
:042AB800000000001A
:042AB9000000000019
:042ABA000000000018
:042ABB000000000017
:042ABC000000000016
:042ABD000000000015
:042ABE000000000014
:042ABF000000000013
:042AC0000000000012
:042AC1000000000011
:042AC2000000000010
:042AC300000000000F
:042AC400000000000E
:042AC500000000000D
:042AC600000000000C
:042AC700000000000B
:042AC800000000000A
:042AC9000000000009
:042ACA000000000008
:042ACB000000000007
:042ACC000000000006
:042ACD000000000005
:042ACE000000000004
:042ACF000000000003
:042AD0000000000002
:042AD1000000000001
:042AD2000000000000
:042AD30000000000FF
:042AD40000000000FE
:042AD50000000000FD
:042AD60000000000FC
:042AD70000000000FB
:042AD80000000000FA
:042AD90000000000F9
:042ADA0000000000F8
:042ADB0000000000F7
:042ADC0000000000F6
:042ADD0000000000F5
:042ADE0000000000F4
:042ADF0000000000F3
:042AE00000000000F2
:042AE10000000000F1
:042AE20000000000F0
:042AE30000000000EF
:042AE40000000000EE
:042AE50000000000ED
:042AE60000000000EC
:042AE70000000000EB
:042AE80000000000EA
:042AE90000000000E9
:042AEA0000000000E8
:042AEB0000000000E7
:042AEC0000000000E6
:042AED0000000000E5
:042AEE0000000000E4
:042AEF0000000000E3
:042AF00000000000E2
:042AF10000000000E1
:042AF20000000000E0
:042AF30000000000DF
:042AF40000000000DE
:042AF50000000000DD
:042AF60000000000DC
:042AF70000000000DB
:042AF80000000000DA
:042AF90000000000D9
:042AFA0000000000D8
:042AFB0000000000D7
:042AFC0000000000D6
:042AFD0000000000D5
:042AFE0000000000D4
:042AFF0000000000D3
:042B000000000000D1
:042B010000000000D0
:042B020000000000CF
:042B030000000000CE
:042B040000000000CD
:042B050000000000CC
:042B060000000000CB
:042B070000000000CA
:042B080000000000C9
:042B090000000000C8
:042B0A0000000000C7
:042B0B0000000000C6
:042B0C0000000000C5
:042B0D0000000000C4
:042B0E0000000000C3
:042B0F0000000000C2
:042B100000000000C1
:042B110000000000C0
:042B120000000000BF
:042B130000000000BE
:042B140000000000BD
:042B150000000000BC
:042B160000000000BB
:042B170000000000BA
:042B180000000000B9
:042B190000000000B8
:042B1A0000000000B7
:042B1B0000000000B6
:042B1C0000000000B5
:042B1D0000000000B4
:042B1E0000000000B3
:042B1F0000000000B2
:042B200000000000B1
:042B210000000000B0
:042B220000000000AF
:042B230000000000AE
:042B240000000000AD
:042B250000000000AC
:042B260000000000AB
:042B270000000000AA
:042B280000000000A9
:042B290000000000A8
:042B2A0000000000A7
:042B2B0000000000A6
:042B2C0000000000A5
:042B2D0000000000A4
:042B2E0000000000A3
:042B2F0000000000A2
:042B300000000000A1
:042B310000000000A0
:042B3200000000009F
:042B3300000000009E
:042B3400000000009D
:042B3500000000009C
:042B3600000000009B
:042B3700000000009A
:042B38000000000099
:042B39000000000098
:042B3A000000000097
:042B3B000000000096
:042B3C000000000095
:042B3D000000000094
:042B3E000000000093
:042B3F000000000092
:042B40000000000091
:042B41000000000090
:042B4200000000008F
:042B4300000000008E
:042B4400000000008D
:042B4500000000008C
:042B4600000000008B
:042B4700000000008A
:042B48000000000089
:042B49000000000088
:042B4A000000000087
:042B4B000000000086
:042B4C000000000085
:042B4D000000000084
:042B4E000000000083
:042B4F000000000082
:042B50000000000081
:042B51000000000080
:042B5200000000007F
:042B5300000000007E
:042B5400000000007D
:042B5500000000007C
:042B5600000000007B
:042B5700000000007A
:042B58000000000079
:042B59000000000078
:042B5A000000000077
:042B5B000000000076
:042B5C000000000075
:042B5D000000000074
:042B5E000000000073
:042B5F000000000072
:042B60000000000071
:042B61000000000070
:042B6200000000006F
:042B6300000000006E
:042B6400000000006D
:042B6500000000006C
:042B6600000000006B
:042B6700000000006A
:042B68000000000069
:042B69000000000068
:042B6A000000000067
:042B6B000000000066
:042B6C000000000065
:042B6D000000000064
:042B6E000000000063
:042B6F000000000062
:042B70000000000061
:042B71000000000060
:042B7200000000005F
:042B7300000000005E
:042B7400000000005D
:042B7500000000005C
:042B7600000000005B
:042B7700000000005A
:042B78000000000059
:042B79000000000058
:042B7A000000000057
:042B7B000000000056
:042B7C000000000055
:042B7D000000000054
:042B7E000000000053
:042B7F000000000052
:042B80000000000051
:042B81000000000050
:042B8200000000004F
:042B8300000000004E
:042B8400000000004D
:042B8500000000004C
:042B8600000000004B
:042B8700000000004A
:042B88000000000049
:042B89000000000048
:042B8A000000000047
:042B8B000000000046
:042B8C000000000045
:042B8D000000000044
:042B8E000000000043
:042B8F000000000042
:042B90000000000041
:042B91000000000040
:042B9200000000003F
:042B9300000000003E
:042B9400000000003D
:042B9500000000003C
:042B9600000000003B
:042B9700000000003A
:042B98000000000039
:042B99000000000038
:042B9A000000000037
:042B9B000000000036
:042B9C000000000035
:042B9D000000000034
:042B9E000000000033
:042B9F000000000032
:042BA0000000000031
:042BA1000000000030
:042BA200000000002F
:042BA300000000002E
:042BA400000000002D
:042BA500000000002C
:042BA600000000002B
:042BA700000000002A
:042BA8000000000029
:042BA9000000000028
:042BAA000000000027
:042BAB000000000026
:042BAC000000000025
:042BAD000000000024
:042BAE000000000023
:042BAF000000000022
:042BB0000000000021
:042BB1000000000020
:042BB200000000001F
:042BB300000000001E
:042BB400000000001D
:042BB500000000001C
:042BB600000000001B
:042BB700000000001A
:042BB8000000000019
:042BB9000000000018
:042BBA000000000017
:042BBB000000000016
:042BBC000000000015
:042BBD000000000014
:042BBE000000000013
:042BBF000000000012
:042BC0000000000011
:042BC1000000000010
:042BC200000000000F
:042BC300000000000E
:042BC400000000000D
:042BC500000000000C
:042BC600000000000B
:042BC700000000000A
:042BC8000000000009
:042BC9000000000008
:042BCA000000000007
:042BCB000000000006
:042BCC000000000005
:042BCD000000000004
:042BCE000000000003
:042BCF000000000002
:042BD0000000000001
:042BD1000000000000
:042BD20000000000FF
:042BD30000000000FE
:042BD40000000000FD
:042BD50000000000FC
:042BD60000000000FB
:042BD70000000000FA
:042BD80000000000F9
:042BD90000000000F8
:042BDA0000000000F7
:042BDB0000000000F6
:042BDC0000000000F5
:042BDD0000000000F4
:042BDE0000000000F3
:042BDF0000000000F2
:042BE00000000000F1
:042BE10000000000F0
:042BE20000000000EF
:042BE30000000000EE
:042BE40000000000ED
:042BE50000000000EC
:042BE60000000000EB
:042BE70000000000EA
:042BE80000000000E9
:042BE90000000000E8
:042BEA0000000000E7
:042BEB0000000000E6
:042BEC0000000000E5
:042BED0000000000E4
:042BEE0000000000E3
:042BEF0000000000E2
:042BF00000000000E1
:042BF10000000000E0
:042BF20000000000DF
:042BF30000000000DE
:042BF40000000000DD
:042BF50000000000DC
:042BF60000000000DB
:042BF70000000000DA
:042BF80000000000D9
:042BF90000000000D8
:042BFA0000000000D7
:042BFB0000000000D6
:042BFC0000000000D5
:042BFD0000000000D4
:042BFE0000000000D3
:042BFF0000000000D2
:042C000000000000D0
:042C010000000000CF
:042C020000000000CE
:042C030000000000CD
:042C040000000000CC
:042C050000000000CB
:042C060000000000CA
:042C070000000000C9
:042C080000000000C8
:042C090000000000C7
:042C0A0000000000C6
:042C0B0000000000C5
:042C0C0000000000C4
:042C0D0000000000C3
:042C0E0000000000C2
:042C0F0000000000C1
:042C100000000000C0
:042C110000000000BF
:042C120000000000BE
:042C130000000000BD
:042C140000000000BC
:042C150000000000BB
:042C160000000000BA
:042C170000000000B9
:042C180000000000B8
:042C190000000000B7
:042C1A0000000000B6
:042C1B0000000000B5
:042C1C0000000000B4
:042C1D0000000000B3
:042C1E0000000000B2
:042C1F0000000000B1
:042C200000000000B0
:042C210000000000AF
:042C220000000000AE
:042C230000000000AD
:042C240000000000AC
:042C250000000000AB
:042C260000000000AA
:042C270000000000A9
:042C280000000000A8
:042C290000000000A7
:042C2A0000000000A6
:042C2B0000000000A5
:042C2C0000000000A4
:042C2D0000000000A3
:042C2E0000000000A2
:042C2F0000000000A1
:042C300000000000A0
:042C3100000000009F
:042C3200000000009E
:042C3300000000009D
:042C3400000000009C
:042C3500000000009B
:042C3600000000009A
:042C37000000000099
:042C38000000000098
:042C39000000000097
:042C3A000000000096
:042C3B000000000095
:042C3C000000000094
:042C3D000000000093
:042C3E000000000092
:042C3F000000000091
:042C40000000000090
:042C4100000000008F
:042C4200000000008E
:042C4300000000008D
:042C4400000000008C
:042C4500000000008B
:042C4600000000008A
:042C47000000000089
:042C48000000000088
:042C49000000000087
:042C4A000000000086
:042C4B000000000085
:042C4C000000000084
:042C4D000000000083
:042C4E000000000082
:042C4F000000000081
:042C50000000000080
:042C5100000000007F
:042C5200000000007E
:042C5300000000007D
:042C5400000000007C
:042C5500000000007B
:042C5600000000007A
:042C57000000000079
:042C58000000000078
:042C59000000000077
:042C5A000000000076
:042C5B000000000075
:042C5C000000000074
:042C5D000000000073
:042C5E000000000072
:042C5F000000000071
:042C60000000000070
:042C6100000000006F
:042C6200000000006E
:042C6300000000006D
:042C6400000000006C
:042C6500000000006B
:042C6600000000006A
:042C67000000000069
:042C68000000000068
:042C69000000000067
:042C6A000000000066
:042C6B000000000065
:042C6C000000000064
:042C6D000000000063
:042C6E000000000062
:042C6F000000000061
:042C70000000000060
:042C7100000000005F
:042C7200000000005E
:042C7300000000005D
:042C7400000000005C
:042C7500000000005B
:042C7600000000005A
:042C77000000000059
:042C78000000000058
:042C79000000000057
:042C7A000000000056
:042C7B000000000055
:042C7C000000000054
:042C7D000000000053
:042C7E000000000052
:042C7F000000000051
:042C80000000000050
:042C8100000000004F
:042C8200000000004E
:042C8300000000004D
:042C8400000000004C
:042C8500000000004B
:042C8600000000004A
:042C87000000000049
:042C88000000000048
:042C89000000000047
:042C8A000000000046
:042C8B000000000045
:042C8C000000000044
:042C8D000000000043
:042C8E000000000042
:042C8F000000000041
:042C90000000000040
:042C9100000000003F
:042C9200000000003E
:042C9300000000003D
:042C9400000000003C
:042C9500000000003B
:042C9600000000003A
:042C97000000000039
:042C98000000000038
:042C99000000000037
:042C9A000000000036
:042C9B000000000035
:042C9C000000000034
:042C9D000000000033
:042C9E000000000032
:042C9F000000000031
:042CA0000000000030
:042CA100000000002F
:042CA200000000002E
:042CA300000000002D
:042CA400000000002C
:042CA500000000002B
:042CA600000000002A
:042CA7000000000029
:042CA8000000000028
:042CA9000000000027
:042CAA000000000026
:042CAB000000000025
:042CAC000000000024
:042CAD000000000023
:042CAE000000000022
:042CAF000000000021
:042CB0000000000020
:042CB100000000001F
:042CB200000000001E
:042CB300000000001D
:042CB400000000001C
:042CB500000000001B
:042CB600000000001A
:042CB7000000000019
:042CB8000000000018
:042CB9000000000017
:042CBA000000000016
:042CBB000000000015
:042CBC000000000014
:042CBD000000000013
:042CBE000000000012
:042CBF000000000011
:042CC0000000000010
:042CC100000000000F
:042CC200000000000E
:042CC300000000000D
:042CC400000000000C
:042CC500000000000B
:042CC600000000000A
:042CC7000000000009
:042CC8000000000008
:042CC9000000000007
:042CCA000000000006
:042CCB000000000005
:042CCC000000000004
:042CCD000000000003
:042CCE000000000002
:042CCF000000000001
:042CD0000000000000
:042CD10000000000FF
:042CD20000000000FE
:042CD30000000000FD
:042CD40000000000FC
:042CD50000000000FB
:042CD60000000000FA
:042CD70000000000F9
:042CD80000000000F8
:042CD90000000000F7
:042CDA0000000000F6
:042CDB0000000000F5
:042CDC0000000000F4
:042CDD0000000000F3
:042CDE0000000000F2
:042CDF0000000000F1
:042CE00000000000F0
:042CE10000000000EF
:042CE20000000000EE
:042CE30000000000ED
:042CE40000000000EC
:042CE50000000000EB
:042CE60000000000EA
:042CE70000000000E9
:042CE80000000000E8
:042CE90000000000E7
:042CEA0000000000E6
:042CEB0000000000E5
:042CEC0000000000E4
:042CED0000000000E3
:042CEE0000000000E2
:042CEF0000000000E1
:042CF00000000000E0
:042CF10000000000DF
:042CF20000000000DE
:042CF30000000000DD
:042CF40000000000DC
:042CF50000000000DB
:042CF60000000000DA
:042CF70000000000D9
:042CF80000000000D8
:042CF90000000000D7
:042CFA0000000000D6
:042CFB0000000000D5
:042CFC0000000000D4
:042CFD0000000000D3
:042CFE0000000000D2
:042CFF0000000000D1
:042D000000000000CF
:042D010000000000CE
:042D020000000000CD
:042D030000000000CC
:042D040000000000CB
:042D050000000000CA
:042D060000000000C9
:042D070000000000C8
:042D080000000000C7
:042D090000000000C6
:042D0A0000000000C5
:042D0B0000000000C4
:042D0C0000000000C3
:042D0D0000000000C2
:042D0E0000000000C1
:042D0F0000000000C0
:042D100000000000BF
:042D110000000000BE
:042D120000000000BD
:042D130000000000BC
:042D140000000000BB
:042D150000000000BA
:042D160000000000B9
:042D170000000000B8
:042D180000000000B7
:042D190000000000B6
:042D1A0000000000B5
:042D1B0000000000B4
:042D1C0000000000B3
:042D1D0000000000B2
:042D1E0000000000B1
:042D1F0000000000B0
:042D200000000000AF
:042D210000000000AE
:042D220000000000AD
:042D230000000000AC
:042D240000000000AB
:042D250000000000AA
:042D260000000000A9
:042D270000000000A8
:042D280000000000A7
:042D290000000000A6
:042D2A0000000000A5
:042D2B0000000000A4
:042D2C0000000000A3
:042D2D0000000000A2
:042D2E0000000000A1
:042D2F0000000000A0
:042D3000000000009F
:042D3100000000009E
:042D3200000000009D
:042D3300000000009C
:042D3400000000009B
:042D3500000000009A
:042D36000000000099
:042D37000000000098
:042D38000000000097
:042D39000000000096
:042D3A000000000095
:042D3B000000000094
:042D3C000000000093
:042D3D000000000092
:042D3E000000000091
:042D3F000000000090
:042D4000000000008F
:042D4100000000008E
:042D4200000000008D
:042D4300000000008C
:042D4400000000008B
:042D4500000000008A
:042D46000000000089
:042D47000000000088
:042D48000000000087
:042D49000000000086
:042D4A000000000085
:042D4B000000000084
:042D4C000000000083
:042D4D000000000082
:042D4E000000000081
:042D4F000000000080
:042D5000000000007F
:042D5100000000007E
:042D5200000000007D
:042D5300000000007C
:042D5400000000007B
:042D5500000000007A
:042D56000000000079
:042D57000000000078
:042D58000000000077
:042D59000000000076
:042D5A000000000075
:042D5B000000000074
:042D5C000000000073
:042D5D000000000072
:042D5E000000000071
:042D5F000000000070
:042D6000000000006F
:042D6100000000006E
:042D6200000000006D
:042D6300000000006C
:042D6400000000006B
:042D6500000000006A
:042D66000000000069
:042D67000000000068
:042D68000000000067
:042D69000000000066
:042D6A000000000065
:042D6B000000000064
:042D6C000000000063
:042D6D000000000062
:042D6E000000000061
:042D6F000000000060
:042D7000000000005F
:042D7100000000005E
:042D7200000000005D
:042D7300000000005C
:042D7400000000005B
:042D7500000000005A
:042D76000000000059
:042D77000000000058
:042D78000000000057
:042D79000000000056
:042D7A000000000055
:042D7B000000000054
:042D7C000000000053
:042D7D000000000052
:042D7E000000000051
:042D7F000000000050
:042D8000000000004F
:042D8100000000004E
:042D8200000000004D
:042D8300000000004C
:042D8400000000004B
:042D8500000000004A
:042D86000000000049
:042D87000000000048
:042D88000000000047
:042D89000000000046
:042D8A000000000045
:042D8B000000000044
:042D8C000000000043
:042D8D000000000042
:042D8E000000000041
:042D8F000000000040
:042D9000000000003F
:042D9100000000003E
:042D9200000000003D
:042D9300000000003C
:042D9400000000003B
:042D9500000000003A
:042D96000000000039
:042D97000000000038
:042D98000000000037
:042D99000000000036
:042D9A000000000035
:042D9B000000000034
:042D9C000000000033
:042D9D000000000032
:042D9E000000000031
:042D9F000000000030
:042DA000000000002F
:042DA100000000002E
:042DA200000000002D
:042DA300000000002C
:042DA400000000002B
:042DA500000000002A
:042DA6000000000029
:042DA7000000000028
:042DA8000000000027
:042DA9000000000026
:042DAA000000000025
:042DAB000000000024
:042DAC000000000023
:042DAD000000000022
:042DAE000000000021
:042DAF000000000020
:042DB000000000001F
:042DB100000000001E
:042DB200000000001D
:042DB300000000001C
:042DB400000000001B
:042DB500000000001A
:042DB6000000000019
:042DB7000000000018
:042DB8000000000017
:042DB9000000000016
:042DBA000000000015
:042DBB000000000014
:042DBC000000000013
:042DBD000000000012
:042DBE000000000011
:042DBF000000000010
:042DC000000000000F
:042DC100000000000E
:042DC200000000000D
:042DC300000000000C
:042DC400000000000B
:042DC500000000000A
:042DC6000000000009
:042DC7000000000008
:042DC8000000000007
:042DC9000000000006
:042DCA000000000005
:042DCB000000000004
:042DCC000000000003
:042DCD000000000002
:042DCE000000000001
:042DCF000000000000
:042DD00000000000FF
:042DD10000000000FE
:042DD20000000000FD
:042DD30000000000FC
:042DD40000000000FB
:042DD50000000000FA
:042DD60000000000F9
:042DD70000000000F8
:042DD80000000000F7
:042DD90000000000F6
:042DDA0000000000F5
:042DDB0000000000F4
:042DDC0000000000F3
:042DDD0000000000F2
:042DDE0000000000F1
:042DDF0000000000F0
:042DE00000000000EF
:042DE10000000000EE
:042DE20000000000ED
:042DE30000000000EC
:042DE40000000000EB
:042DE50000000000EA
:042DE60000000000E9
:042DE70000000000E8
:042DE80000000000E7
:042DE90000000000E6
:042DEA0000000000E5
:042DEB0000000000E4
:042DEC0000000000E3
:042DED0000000000E2
:042DEE0000000000E1
:042DEF0000000000E0
:042DF00000000000DF
:042DF10000000000DE
:042DF20000000000DD
:042DF30000000000DC
:042DF40000000000DB
:042DF50000000000DA
:042DF60000000000D9
:042DF70000000000D8
:042DF80000000000D7
:042DF90000000000D6
:042DFA0000000000D5
:042DFB0000000000D4
:042DFC0000000000D3
:042DFD0000000000D2
:042DFE0000000000D1
:042DFF0000000000D0
:042E000000000000CE
:042E010000000000CD
:042E020000000000CC
:042E030000000000CB
:042E040000000000CA
:042E050000000000C9
:042E060000000000C8
:042E070000000000C7
:042E080000000000C6
:042E090000000000C5
:042E0A0000000000C4
:042E0B0000000000C3
:042E0C0000000000C2
:042E0D0000000000C1
:042E0E0000000000C0
:042E0F0000000000BF
:042E100000000000BE
:042E110000000000BD
:042E120000000000BC
:042E130000000000BB
:042E140000000000BA
:042E150000000000B9
:042E160000000000B8
:042E170000000000B7
:042E180000000000B6
:042E190000000000B5
:042E1A0000000000B4
:042E1B0000000000B3
:042E1C0000000000B2
:042E1D0000000000B1
:042E1E0000000000B0
:042E1F0000000000AF
:042E200000000000AE
:042E210000000000AD
:042E220000000000AC
:042E230000000000AB
:042E240000000000AA
:042E250000000000A9
:042E260000000000A8
:042E270000000000A7
:042E280000000000A6
:042E290000000000A5
:042E2A0000000000A4
:042E2B0000000000A3
:042E2C0000000000A2
:042E2D0000000000A1
:042E2E0000000000A0
:042E2F00000000009F
:042E3000000000009E
:042E3100000000009D
:042E3200000000009C
:042E3300000000009B
:042E3400000000009A
:042E35000000000099
:042E36000000000098
:042E37000000000097
:042E38000000000096
:042E39000000000095
:042E3A000000000094
:042E3B000000000093
:042E3C000000000092
:042E3D000000000091
:042E3E000000000090
:042E3F00000000008F
:042E4000000000008E
:042E4100000000008D
:042E4200000000008C
:042E4300000000008B
:042E4400000000008A
:042E45000000000089
:042E46000000000088
:042E47000000000087
:042E48000000000086
:042E49000000000085
:042E4A000000000084
:042E4B000000000083
:042E4C000000000082
:042E4D000000000081
:042E4E000000000080
:042E4F00000000007F
:042E5000000000007E
:042E5100000000007D
:042E5200000000007C
:042E5300000000007B
:042E5400000000007A
:042E55000000000079
:042E56000000000078
:042E57000000000077
:042E58000000000076
:042E59000000000075
:042E5A000000000074
:042E5B000000000073
:042E5C000000000072
:042E5D000000000071
:042E5E000000000070
:042E5F00000000006F
:042E6000000000006E
:042E6100000000006D
:042E6200000000006C
:042E6300000000006B
:042E6400000000006A
:042E65000000000069
:042E66000000000068
:042E67000000000067
:042E68000000000066
:042E69000000000065
:042E6A000000000064
:042E6B000000000063
:042E6C000000000062
:042E6D000000000061
:042E6E000000000060
:042E6F00000000005F
:042E7000000000005E
:042E7100000000005D
:042E7200000000005C
:042E7300000000005B
:042E7400000000005A
:042E75000000000059
:042E76000000000058
:042E77000000000057
:042E78000000000056
:042E79000000000055
:042E7A000000000054
:042E7B000000000053
:042E7C000000000052
:042E7D000000000051
:042E7E000000000050
:042E7F00000000004F
:042E8000000000004E
:042E8100000000004D
:042E8200000000004C
:042E8300000000004B
:042E8400000000004A
:042E85000000000049
:042E86000000000048
:042E87000000000047
:042E88000000000046
:042E89000000000045
:042E8A000000000044
:042E8B000000000043
:042E8C000000000042
:042E8D000000000041
:042E8E000000000040
:042E8F00000000003F
:042E9000000000003E
:042E9100000000003D
:042E9200000000003C
:042E9300000000003B
:042E9400000000003A
:042E95000000000039
:042E96000000000038
:042E97000000000037
:042E98000000000036
:042E99000000000035
:042E9A000000000034
:042E9B000000000033
:042E9C000000000032
:042E9D000000000031
:042E9E000000000030
:042E9F00000000002F
:042EA000000000002E
:042EA100000000002D
:042EA200000000002C
:042EA300000000002B
:042EA400000000002A
:042EA5000000000029
:042EA6000000000028
:042EA7000000000027
:042EA8000000000026
:042EA9000000000025
:042EAA000000000024
:042EAB000000000023
:042EAC000000000022
:042EAD000000000021
:042EAE000000000020
:042EAF00000000001F
:042EB000000000001E
:042EB100000000001D
:042EB200000000001C
:042EB300000000001B
:042EB400000000001A
:042EB5000000000019
:042EB6000000000018
:042EB7000000000017
:042EB8000000000016
:042EB9000000000015
:042EBA000000000014
:042EBB000000000013
:042EBC000000000012
:042EBD000000000011
:042EBE000000000010
:042EBF00000000000F
:042EC000000000000E
:042EC100000000000D
:042EC200000000000C
:042EC300000000000B
:042EC400000000000A
:042EC5000000000009
:042EC6000000000008
:042EC7000000000007
:042EC8000000000006
:042EC9000000000005
:042ECA000000000004
:042ECB000000000003
:042ECC000000000002
:042ECD000000000001
:042ECE000000000000
:042ECF0000000000FF
:042ED00000000000FE
:042ED10000000000FD
:042ED20000000000FC
:042ED30000000000FB
:042ED40000000000FA
:042ED50000000000F9
:042ED60000000000F8
:042ED70000000000F7
:042ED80000000000F6
:042ED90000000000F5
:042EDA0000000000F4
:042EDB0000000000F3
:042EDC0000000000F2
:042EDD0000000000F1
:042EDE0000000000F0
:042EDF0000000000EF
:042EE00000000000EE
:042EE10000000000ED
:042EE20000000000EC
:042EE30000000000EB
:042EE40000000000EA
:042EE50000000000E9
:042EE60000000000E8
:042EE70000000000E7
:042EE80000000000E6
:042EE90000000000E5
:042EEA0000000000E4
:042EEB0000000000E3
:042EEC0000000000E2
:042EED0000000000E1
:042EEE0000000000E0
:042EEF0000000000DF
:042EF00000000000DE
:042EF10000000000DD
:042EF20000000000DC
:042EF30000000000DB
:042EF40000000000DA
:042EF50000000000D9
:042EF60000000000D8
:042EF70000000000D7
:042EF80000000000D6
:042EF90000000000D5
:042EFA0000000000D4
:042EFB0000000000D3
:042EFC0000000000D2
:042EFD0000000000D1
:042EFE0000000000D0
:042EFF0000000000CF
:042F000000000000CD
:042F010000000000CC
:042F020000000000CB
:042F030000000000CA
:042F040000000000C9
:042F050000000000C8
:042F060000000000C7
:042F070000000000C6
:042F080000000000C5
:042F090000000000C4
:042F0A0000000000C3
:042F0B0000000000C2
:042F0C0000000000C1
:042F0D0000000000C0
:042F0E0000000000BF
:042F0F0000000000BE
:042F100000000000BD
:042F110000000000BC
:042F120000000000BB
:042F130000000000BA
:042F140000000000B9
:042F150000000000B8
:042F160000000000B7
:042F170000000000B6
:042F180000000000B5
:042F190000000000B4
:042F1A0000000000B3
:042F1B0000000000B2
:042F1C0000000000B1
:042F1D0000000000B0
:042F1E0000000000AF
:042F1F0000000000AE
:042F200000000000AD
:042F210000000000AC
:042F220000000000AB
:042F230000000000AA
:042F240000000000A9
:042F250000000000A8
:042F260000000000A7
:042F270000000000A6
:042F280000000000A5
:042F290000000000A4
:042F2A0000000000A3
:042F2B0000000000A2
:042F2C0000000000A1
:042F2D0000000000A0
:042F2E00000000009F
:042F2F00000000009E
:042F3000000000009D
:042F3100000000009C
:042F3200000000009B
:042F3300000000009A
:042F34000000000099
:042F35000000000098
:042F36000000000097
:042F37000000000096
:042F38000000000095
:042F39000000000094
:042F3A000000000093
:042F3B000000000092
:042F3C000000000091
:042F3D000000000090
:042F3E00000000008F
:042F3F00000000008E
:042F4000000000008D
:042F4100000000008C
:042F4200000000008B
:042F4300000000008A
:042F44000000000089
:042F45000000000088
:042F46000000000087
:042F47000000000086
:042F48000000000085
:042F49000000000084
:042F4A000000000083
:042F4B000000000082
:042F4C000000000081
:042F4D000000000080
:042F4E00000000007F
:042F4F00000000007E
:042F5000000000007D
:042F5100000000007C
:042F5200000000007B
:042F5300000000007A
:042F54000000000079
:042F55000000000078
:042F56000000000077
:042F57000000000076
:042F58000000000075
:042F59000000000074
:042F5A000000000073
:042F5B000000000072
:042F5C000000000071
:042F5D000000000070
:042F5E00000000006F
:042F5F00000000006E
:042F6000000000006D
:042F6100000000006C
:042F6200000000006B
:042F6300000000006A
:042F64000000000069
:042F65000000000068
:042F66000000000067
:042F67000000000066
:042F68000000000065
:042F69000000000064
:042F6A000000000063
:042F6B000000000062
:042F6C000000000061
:042F6D000000000060
:042F6E00000000005F
:042F6F00000000005E
:042F7000000000005D
:042F7100000000005C
:042F7200000000005B
:042F7300000000005A
:042F74000000000059
:042F75000000000058
:042F76000000000057
:042F77000000000056
:042F78000000000055
:042F79000000000054
:042F7A000000000053
:042F7B000000000052
:042F7C000000000051
:042F7D000000000050
:042F7E00000000004F
:042F7F00000000004E
:042F8000000000004D
:042F8100000000004C
:042F8200000000004B
:042F8300000000004A
:042F84000000000049
:042F85000000000048
:042F86000000000047
:042F87000000000046
:042F88000000000045
:042F89000000000044
:042F8A000000000043
:042F8B000000000042
:042F8C000000000041
:042F8D000000000040
:042F8E00000000003F
:042F8F00000000003E
:042F9000000000003D
:042F9100000000003C
:042F9200000000003B
:042F9300000000003A
:042F94000000000039
:042F95000000000038
:042F96000000000037
:042F97000000000036
:042F98000000000035
:042F99000000000034
:042F9A000000000033
:042F9B000000000032
:042F9C000000000031
:042F9D000000000030
:042F9E00000000002F
:042F9F00000000002E
:042FA000000000002D
:042FA100000000002C
:042FA200000000002B
:042FA300000000002A
:042FA4000000000029
:042FA5000000000028
:042FA6000000000027
:042FA7000000000026
:042FA8000000000025
:042FA9000000000024
:042FAA000000000023
:042FAB000000000022
:042FAC000000000021
:042FAD000000000020
:042FAE00000000001F
:042FAF00000000001E
:042FB000000000001D
:042FB100000000001C
:042FB200000000001B
:042FB300000000001A
:042FB4000000000019
:042FB5000000000018
:042FB6000000000017
:042FB7000000000016
:042FB8000000000015
:042FB9000000000014
:042FBA000000000013
:042FBB000000000012
:042FBC000000000011
:042FBD000000000010
:042FBE00000000000F
:042FBF00000000000E
:042FC000000000000D
:042FC100000000000C
:042FC200000000000B
:042FC300000000000A
:042FC4000000000009
:042FC5000000000008
:042FC6000000000007
:042FC7000000000006
:042FC8000000000005
:042FC9000000000004
:042FCA000000000003
:042FCB000000000002
:042FCC000000000001
:042FCD000000000000
:042FCE0000000000FF
:042FCF0000000000FE
:042FD00000000000FD
:042FD10000000000FC
:042FD20000000000FB
:042FD30000000000FA
:042FD40000000000F9
:042FD50000000000F8
:042FD60000000000F7
:042FD70000000000F6
:042FD80000000000F5
:042FD90000000000F4
:042FDA0000000000F3
:042FDB0000000000F2
:042FDC0000000000F1
:042FDD0000000000F0
:042FDE0000000000EF
:042FDF0000000000EE
:042FE00000000000ED
:042FE10000000000EC
:042FE20000000000EB
:042FE30000000000EA
:042FE40000000000E9
:042FE50000000000E8
:042FE60000000000E7
:042FE70000000000E6
:042FE80000000000E5
:042FE90000000000E4
:042FEA0000000000E3
:042FEB0000000000E2
:042FEC0000000000E1
:042FED0000000000E0
:042FEE0000000000DF
:042FEF0000000000DE
:042FF00000000000DD
:042FF10000000000DC
:042FF20000000000DB
:042FF30000000000DA
:042FF40000000000D9
:042FF50000000000D8
:042FF60000000000D7
:042FF70000000000D6
:042FF80000000000D5
:042FF90000000000D4
:042FFA0000000000D3
:042FFB0000000000D2
:042FFC0000000000D1
:042FFD0000000000D0
:042FFE0000000000CF
:042FFF0000000000CE
:0430000000000000CC
:0430010000000000CB
:0430020000000000CA
:0430030000000000C9
:0430040000000000C8
:0430050000000000C7
:0430060000000000C6
:0430070000000000C5
:0430080000000000C4
:0430090000000000C3
:04300A0000000000C2
:04300B0000000000C1
:04300C0000000000C0
:04300D0000000000BF
:04300E0000000000BE
:04300F0000000000BD
:0430100000000000BC
:0430110000000000BB
:0430120000000000BA
:0430130000000000B9
:0430140000000000B8
:0430150000000000B7
:0430160000000000B6
:0430170000000000B5
:0430180000000000B4
:0430190000000000B3
:04301A0000000000B2
:04301B0000000000B1
:04301C0000000000B0
:04301D0000000000AF
:04301E0000000000AE
:04301F0000000000AD
:0430200000000000AC
:0430210000000000AB
:0430220000000000AA
:0430230000000000A9
:0430240000000000A8
:0430250000000000A7
:0430260000000000A6
:0430270000000000A5
:0430280000000000A4
:0430290000000000A3
:04302A0000000000A2
:04302B0000000000A1
:04302C0000000000A0
:04302D00000000009F
:04302E00000000009E
:04302F00000000009D
:04303000000000009C
:04303100000000009B
:04303200000000009A
:043033000000000099
:043034000000000098
:043035000000000097
:043036000000000096
:043037000000000095
:043038000000000094
:043039000000000093
:04303A000000000092
:04303B000000000091
:04303C000000000090
:04303D00000000008F
:04303E00000000008E
:04303F00000000008D
:04304000000000008C
:04304100000000008B
:04304200000000008A
:043043000000000089
:043044000000000088
:043045000000000087
:043046000000000086
:043047000000000085
:043048000000000084
:043049000000000083
:04304A000000000082
:04304B000000000081
:04304C000000000080
:04304D00000000007F
:04304E00000000007E
:04304F00000000007D
:04305000000000007C
:04305100000000007B
:04305200000000007A
:043053000000000079
:043054000000000078
:043055000000000077
:043056000000000076
:043057000000000075
:043058000000000074
:043059000000000073
:04305A000000000072
:04305B000000000071
:04305C000000000070
:04305D00000000006F
:04305E00000000006E
:04305F00000000006D
:04306000000000006C
:04306100000000006B
:04306200000000006A
:043063000000000069
:043064000000000068
:043065000000000067
:043066000000000066
:043067000000000065
:043068000000000064
:043069000000000063
:04306A000000000062
:04306B000000000061
:04306C000000000060
:04306D00000000005F
:04306E00000000005E
:04306F00000000005D
:04307000000000005C
:04307100000000005B
:04307200000000005A
:043073000000000059
:043074000000000058
:043075000000000057
:043076000000000056
:043077000000000055
:043078000000000054
:043079000000000053
:04307A000000000052
:04307B000000000051
:04307C000000000050
:04307D00000000004F
:04307E00000000004E
:04307F00000000004D
:04308000000000004C
:04308100000000004B
:04308200000000004A
:043083000000000049
:043084000000000048
:043085000000000047
:043086000000000046
:043087000000000045
:043088000000000044
:043089000000000043
:04308A000000000042
:04308B000000000041
:04308C000000000040
:04308D00000000003F
:04308E00000000003E
:04308F00000000003D
:04309000000000003C
:04309100000000003B
:04309200000000003A
:043093000000000039
:043094000000000038
:043095000000000037
:043096000000000036
:043097000000000035
:043098000000000034
:043099000000000033
:04309A000000000032
:04309B000000000031
:04309C000000000030
:04309D00000000002F
:04309E00000000002E
:04309F00000000002D
:0430A000000000002C
:0430A100000000002B
:0430A200000000002A
:0430A3000000000029
:0430A4000000000028
:0430A5000000000027
:0430A6000000000026
:0430A7000000000025
:0430A8000000000024
:0430A9000000000023
:0430AA000000000022
:0430AB000000000021
:0430AC000000000020
:0430AD00000000001F
:0430AE00000000001E
:0430AF00000000001D
:0430B000000000001C
:0430B100000000001B
:0430B200000000001A
:0430B3000000000019
:0430B4000000000018
:0430B5000000000017
:0430B6000000000016
:0430B7000000000015
:0430B8000000000014
:0430B9000000000013
:0430BA000000000012
:0430BB000000000011
:0430BC000000000010
:0430BD00000000000F
:0430BE00000000000E
:0430BF00000000000D
:0430C000000000000C
:0430C100000000000B
:0430C200000000000A
:0430C3000000000009
:0430C4000000000008
:0430C5000000000007
:0430C6000000000006
:0430C7000000000005
:0430C8000000000004
:0430C9000000000003
:0430CA000000000002
:0430CB000000000001
:0430CC000000000000
:0430CD0000000000FF
:0430CE0000000000FE
:0430CF0000000000FD
:0430D00000000000FC
:0430D10000000000FB
:0430D20000000000FA
:0430D30000000000F9
:0430D40000000000F8
:0430D50000000000F7
:0430D60000000000F6
:0430D70000000000F5
:0430D80000000000F4
:0430D90000000000F3
:0430DA0000000000F2
:0430DB0000000000F1
:0430DC0000000000F0
:0430DD0000000000EF
:0430DE0000000000EE
:0430DF0000000000ED
:0430E00000000000EC
:0430E10000000000EB
:0430E20000000000EA
:0430E30000000000E9
:0430E40000000000E8
:0430E50000000000E7
:0430E60000000000E6
:0430E70000000000E5
:0430E80000000000E4
:0430E90000000000E3
:0430EA0000000000E2
:0430EB0000000000E1
:0430EC0000000000E0
:0430ED0000000000DF
:0430EE0000000000DE
:0430EF0000000000DD
:0430F00000000000DC
:0430F10000000000DB
:0430F20000000000DA
:0430F30000000000D9
:0430F40000000000D8
:0430F50000000000D7
:0430F60000000000D6
:0430F70000000000D5
:0430F80000000000D4
:0430F90000000000D3
:0430FA0000000000D2
:0430FB0000000000D1
:0430FC0000000000D0
:0430FD0000000000CF
:0430FE0000000000CE
:0430FF0000000000CD
:0431000000000000CB
:0431010000000000CA
:0431020000000000C9
:0431030000000000C8
:0431040000000000C7
:0431050000000000C6
:0431060000000000C5
:0431070000000000C4
:0431080000000000C3
:0431090000000000C2
:04310A0000000000C1
:04310B0000000000C0
:04310C0000000000BF
:04310D0000000000BE
:04310E0000000000BD
:04310F0000000000BC
:0431100000000000BB
:0431110000000000BA
:0431120000000000B9
:0431130000000000B8
:0431140000000000B7
:0431150000000000B6
:0431160000000000B5
:0431170000000000B4
:0431180000000000B3
:0431190000000000B2
:04311A0000000000B1
:04311B0000000000B0
:04311C0000000000AF
:04311D0000000000AE
:04311E0000000000AD
:04311F0000000000AC
:0431200000000000AB
:0431210000000000AA
:0431220000000000A9
:0431230000000000A8
:0431240000000000A7
:0431250000000000A6
:0431260000000000A5
:0431270000000000A4
:0431280000000000A3
:0431290000000000A2
:04312A0000000000A1
:04312B0000000000A0
:04312C00000000009F
:04312D00000000009E
:04312E00000000009D
:04312F00000000009C
:04313000000000009B
:04313100000000009A
:043132000000000099
:043133000000000098
:043134000000000097
:043135000000000096
:043136000000000095
:043137000000000094
:043138000000000093
:043139000000000092
:04313A000000000091
:04313B000000000090
:04313C00000000008F
:04313D00000000008E
:04313E00000000008D
:04313F00000000008C
:04314000000000008B
:04314100000000008A
:043142000000000089
:043143000000000088
:043144000000000087
:043145000000000086
:043146000000000085
:043147000000000084
:043148000000000083
:043149000000000082
:04314A000000000081
:04314B000000000080
:04314C00000000007F
:04314D00000000007E
:04314E00000000007D
:04314F00000000007C
:04315000000000007B
:04315100000000007A
:043152000000000079
:043153000000000078
:043154000000000077
:043155000000000076
:043156000000000075
:043157000000000074
:043158000000000073
:043159000000000072
:04315A000000000071
:04315B000000000070
:04315C00000000006F
:04315D00000000006E
:04315E00000000006D
:04315F00000000006C
:04316000000000006B
:04316100000000006A
:043162000000000069
:043163000000000068
:043164000000000067
:043165000000000066
:043166000000000065
:043167000000000064
:043168000000000063
:043169000000000062
:04316A000000000061
:04316B000000000060
:04316C00000000005F
:04316D00000000005E
:04316E00000000005D
:04316F00000000005C
:04317000000000005B
:04317100000000005A
:043172000000000059
:043173000000000058
:043174000000000057
:043175000000000056
:043176000000000055
:043177000000000054
:043178000000000053
:043179000000000052
:04317A000000000051
:04317B000000000050
:04317C00000000004F
:04317D00000000004E
:04317E00000000004D
:04317F00000000004C
:04318000000000004B
:04318100000000004A
:043182000000000049
:043183000000000048
:043184000000000047
:043185000000000046
:043186000000000045
:043187000000000044
:043188000000000043
:043189000000000042
:04318A000000000041
:04318B000000000040
:04318C00000000003F
:04318D00000000003E
:04318E00000000003D
:04318F00000000003C
:04319000000000003B
:04319100000000003A
:043192000000000039
:043193000000000038
:043194000000000037
:043195000000000036
:043196000000000035
:043197000000000034
:043198000000000033
:043199000000000032
:04319A000000000031
:04319B000000000030
:04319C00000000002F
:04319D00000000002E
:04319E00000000002D
:04319F00000000002C
:0431A000000000002B
:0431A100000000002A
:0431A2000000000029
:0431A3000000000028
:0431A4000000000027
:0431A5000000000026
:0431A6000000000025
:0431A7000000000024
:0431A8000000000023
:0431A9000000000022
:0431AA000000000021
:0431AB000000000020
:0431AC00000000001F
:0431AD00000000001E
:0431AE00000000001D
:0431AF00000000001C
:0431B000000000001B
:0431B100000000001A
:0431B2000000000019
:0431B3000000000018
:0431B4000000000017
:0431B5000000000016
:0431B6000000000015
:0431B7000000000014
:0431B8000000000013
:0431B9000000000012
:0431BA000000000011
:0431BB000000000010
:0431BC00000000000F
:0431BD00000000000E
:0431BE00000000000D
:0431BF00000000000C
:0431C000000000000B
:0431C100000000000A
:0431C2000000000009
:0431C3000000000008
:0431C4000000000007
:0431C5000000000006
:0431C6000000000005
:0431C7000000000004
:0431C8000000000003
:0431C9000000000002
:0431CA000000000001
:0431CB000000000000
:0431CC0000000000FF
:0431CD0000000000FE
:0431CE0000000000FD
:0431CF0000000000FC
:0431D00000000000FB
:0431D10000000000FA
:0431D20000000000F9
:0431D30000000000F8
:0431D40000000000F7
:0431D50000000000F6
:0431D60000000000F5
:0431D70000000000F4
:0431D80000000000F3
:0431D90000000000F2
:0431DA0000000000F1
:0431DB0000000000F0
:0431DC0000000000EF
:0431DD0000000000EE
:0431DE0000000000ED
:0431DF0000000000EC
:0431E00000000000EB
:0431E10000000000EA
:0431E20000000000E9
:0431E30000000000E8
:0431E40000000000E7
:0431E50000000000E6
:0431E60000000000E5
:0431E70000000000E4
:0431E80000000000E3
:0431E90000000000E2
:0431EA0000000000E1
:0431EB0000000000E0
:0431EC0000000000DF
:0431ED0000000000DE
:0431EE0000000000DD
:0431EF0000000000DC
:0431F00000000000DB
:0431F10000000000DA
:0431F20000000000D9
:0431F30000000000D8
:0431F40000000000D7
:0431F50000000000D6
:0431F60000000000D5
:0431F70000000000D4
:0431F80000000000D3
:0431F90000000000D2
:0431FA0000000000D1
:0431FB0000000000D0
:0431FC0000000000CF
:0431FD0000000000CE
:0431FE0000000000CD
:0431FF0000000000CC
:0432000000000000CA
:0432010000000000C9
:0432020000000000C8
:0432030000000000C7
:0432040000000000C6
:0432050000000000C5
:0432060000000000C4
:0432070000000000C3
:0432080000000000C2
:0432090000000000C1
:04320A0000000000C0
:04320B0000000000BF
:04320C0000000000BE
:04320D0000000000BD
:04320E0000000000BC
:04320F0000000000BB
:0432100000000000BA
:0432110000000000B9
:0432120000000000B8
:0432130000000000B7
:0432140000000000B6
:0432150000000000B5
:0432160000000000B4
:0432170000000000B3
:0432180000000000B2
:0432190000000000B1
:04321A0000000000B0
:04321B0000000000AF
:04321C0000000000AE
:04321D0000000000AD
:04321E0000000000AC
:04321F0000000000AB
:0432200000000000AA
:0432210000000000A9
:0432220000000000A8
:0432230000000000A7
:0432240000000000A6
:0432250000000000A5
:0432260000000000A4
:0432270000000000A3
:0432280000000000A2
:0432290000000000A1
:04322A0000000000A0
:04322B00000000009F
:04322C00000000009E
:04322D00000000009D
:04322E00000000009C
:04322F00000000009B
:04323000000000009A
:043231000000000099
:043232000000000098
:043233000000000097
:043234000000000096
:043235000000000095
:043236000000000094
:043237000000000093
:043238000000000092
:043239000000000091
:04323A000000000090
:04323B00000000008F
:04323C00000000008E
:04323D00000000008D
:04323E00000000008C
:04323F00000000008B
:04324000000000008A
:043241000000000089
:043242000000000088
:043243000000000087
:043244000000000086
:043245000000000085
:043246000000000084
:043247000000000083
:043248000000000082
:043249000000000081
:04324A000000000080
:04324B00000000007F
:04324C00000000007E
:04324D00000000007D
:04324E00000000007C
:04324F00000000007B
:04325000000000007A
:043251000000000079
:043252000000000078
:043253000000000077
:043254000000000076
:043255000000000075
:043256000000000074
:043257000000000073
:043258000000000072
:043259000000000071
:04325A000000000070
:04325B00000000006F
:04325C00000000006E
:04325D00000000006D
:04325E00000000006C
:04325F00000000006B
:04326000000000006A
:043261000000000069
:043262000000000068
:043263000000000067
:043264000000000066
:043265000000000065
:043266000000000064
:043267000000000063
:043268000000000062
:043269000000000061
:04326A000000000060
:04326B00000000005F
:04326C00000000005E
:04326D00000000005D
:04326E00000000005C
:04326F00000000005B
:04327000000000005A
:043271000000000059
:043272000000000058
:043273000000000057
:043274000000000056
:043275000000000055
:043276000000000054
:043277000000000053
:043278000000000052
:043279000000000051
:04327A000000000050
:04327B00000000004F
:04327C00000000004E
:04327D00000000004D
:04327E00000000004C
:04327F00000000004B
:04328000000000004A
:043281000000000049
:043282000000000048
:043283000000000047
:043284000000000046
:043285000000000045
:043286000000000044
:043287000000000043
:043288000000000042
:043289000000000041
:04328A000000000040
:04328B00000000003F
:04328C00000000003E
:04328D00000000003D
:04328E00000000003C
:04328F00000000003B
:04329000000000003A
:043291000000000039
:043292000000000038
:043293000000000037
:043294000000000036
:043295000000000035
:043296000000000034
:043297000000000033
:043298000000000032
:043299000000000031
:04329A000000000030
:04329B00000000002F
:04329C00000000002E
:04329D00000000002D
:04329E00000000002C
:04329F00000000002B
:0432A000000000002A
:0432A1000000000029
:0432A2000000000028
:0432A3000000000027
:0432A4000000000026
:0432A5000000000025
:0432A6000000000024
:0432A7000000000023
:0432A8000000000022
:0432A9000000000021
:0432AA000000000020
:0432AB00000000001F
:0432AC00000000001E
:0432AD00000000001D
:0432AE00000000001C
:0432AF00000000001B
:0432B000000000001A
:0432B1000000000019
:0432B2000000000018
:0432B3000000000017
:0432B4000000000016
:0432B5000000000015
:0432B6000000000014
:0432B7000000000013
:0432B8000000000012
:0432B9000000000011
:0432BA000000000010
:0432BB00000000000F
:0432BC00000000000E
:0432BD00000000000D
:0432BE00000000000C
:0432BF00000000000B
:0432C000000000000A
:0432C1000000000009
:0432C2000000000008
:0432C3000000000007
:0432C4000000000006
:0432C5000000000005
:0432C6000000000004
:0432C7000000000003
:0432C8000000000002
:0432C9000000000001
:0432CA000000000000
:0432CB0000000000FF
:0432CC0000000000FE
:0432CD0000000000FD
:0432CE0000000000FC
:0432CF0000000000FB
:0432D00000000000FA
:0432D10000000000F9
:0432D20000000000F8
:0432D30000000000F7
:0432D40000000000F6
:0432D50000000000F5
:0432D60000000000F4
:0432D70000000000F3
:0432D80000000000F2
:0432D90000000000F1
:0432DA0000000000F0
:0432DB0000000000EF
:0432DC0000000000EE
:0432DD0000000000ED
:0432DE0000000000EC
:0432DF0000000000EB
:0432E00000000000EA
:0432E10000000000E9
:0432E20000000000E8
:0432E30000000000E7
:0432E40000000000E6
:0432E50000000000E5
:0432E60000000000E4
:0432E70000000000E3
:0432E80000000000E2
:0432E90000000000E1
:0432EA0000000000E0
:0432EB0000000000DF
:0432EC0000000000DE
:0432ED0000000000DD
:0432EE0000000000DC
:0432EF0000000000DB
:0432F00000000000DA
:0432F10000000000D9
:0432F20000000000D8
:0432F30000000000D7
:0432F40000000000D6
:0432F50000000000D5
:0432F60000000000D4
:0432F70000000000D3
:0432F80000000000D2
:0432F90000000000D1
:0432FA0000000000D0
:0432FB0000000000CF
:0432FC0000000000CE
:0432FD0000000000CD
:0432FE0000000000CC
:0432FF0000000000CB
:0433000000000000C9
:0433010000000000C8
:0433020000000000C7
:0433030000000000C6
:0433040000000000C5
:0433050000000000C4
:0433060000000000C3
:0433070000000000C2
:0433080000000000C1
:0433090000000000C0
:04330A0000000000BF
:04330B0000000000BE
:04330C0000000000BD
:04330D0000000000BC
:04330E0000000000BB
:04330F0000000000BA
:0433100000000000B9
:0433110000000000B8
:0433120000000000B7
:0433130000000000B6
:0433140000000000B5
:0433150000000000B4
:0433160000000000B3
:0433170000000000B2
:0433180000000000B1
:0433190000000000B0
:04331A0000000000AF
:04331B0000000000AE
:04331C0000000000AD
:04331D0000000000AC
:04331E0000000000AB
:04331F0000000000AA
:0433200000000000A9
:0433210000000000A8
:0433220000000000A7
:0433230000000000A6
:0433240000000000A5
:0433250000000000A4
:0433260000000000A3
:0433270000000000A2
:0433280000000000A1
:0433290000000000A0
:04332A00000000009F
:04332B00000000009E
:04332C00000000009D
:04332D00000000009C
:04332E00000000009B
:04332F00000000009A
:043330000000000099
:043331000000000098
:043332000000000097
:043333000000000096
:043334000000000095
:043335000000000094
:043336000000000093
:043337000000000092
:043338000000000091
:043339000000000090
:04333A00000000008F
:04333B00000000008E
:04333C00000000008D
:04333D00000000008C
:04333E00000000008B
:04333F00000000008A
:043340000000000089
:043341000000000088
:043342000000000087
:043343000000000086
:043344000000000085
:043345000000000084
:043346000000000083
:043347000000000082
:043348000000000081
:043349000000000080
:04334A00000000007F
:04334B00000000007E
:04334C00000000007D
:04334D00000000007C
:04334E00000000007B
:04334F00000000007A
:043350000000000079
:043351000000000078
:043352000000000077
:043353000000000076
:043354000000000075
:043355000000000074
:043356000000000073
:043357000000000072
:043358000000000071
:043359000000000070
:04335A00000000006F
:04335B00000000006E
:04335C00000000006D
:04335D00000000006C
:04335E00000000006B
:04335F00000000006A
:043360000000000069
:043361000000000068
:043362000000000067
:043363000000000066
:043364000000000065
:043365000000000064
:043366000000000063
:043367000000000062
:043368000000000061
:043369000000000060
:04336A00000000005F
:04336B00000000005E
:04336C00000000005D
:04336D00000000005C
:04336E00000000005B
:04336F00000000005A
:043370000000000059
:043371000000000058
:043372000000000057
:043373000000000056
:043374000000000055
:043375000000000054
:043376000000000053
:043377000000000052
:043378000000000051
:043379000000000050
:04337A00000000004F
:04337B00000000004E
:04337C00000000004D
:04337D00000000004C
:04337E00000000004B
:04337F00000000004A
:043380000000000049
:043381000000000048
:043382000000000047
:043383000000000046
:043384000000000045
:043385000000000044
:043386000000000043
:043387000000000042
:043388000000000041
:043389000000000040
:04338A00000000003F
:04338B00000000003E
:04338C00000000003D
:04338D00000000003C
:04338E00000000003B
:04338F00000000003A
:043390000000000039
:043391000000000038
:043392000000000037
:043393000000000036
:043394000000000035
:043395000000000034
:043396000000000033
:043397000000000032
:043398000000000031
:043399000000000030
:04339A00000000002F
:04339B00000000002E
:04339C00000000002D
:04339D00000000002C
:04339E00000000002B
:04339F00000000002A
:0433A0000000000029
:0433A1000000000028
:0433A2000000000027
:0433A3000000000026
:0433A4000000000025
:0433A5000000000024
:0433A6000000000023
:0433A7000000000022
:0433A8000000000021
:0433A9000000000020
:0433AA00000000001F
:0433AB00000000001E
:0433AC00000000001D
:0433AD00000000001C
:0433AE00000000001B
:0433AF00000000001A
:0433B0000000000019
:0433B1000000000018
:0433B2000000000017
:0433B3000000000016
:0433B4000000000015
:0433B5000000000014
:0433B6000000000013
:0433B7000000000012
:0433B8000000000011
:0433B9000000000010
:0433BA00000000000F
:0433BB00000000000E
:0433BC00000000000D
:0433BD00000000000C
:0433BE00000000000B
:0433BF00000000000A
:0433C0000000000009
:0433C1000000000008
:0433C2000000000007
:0433C3000000000006
:0433C4000000000005
:0433C5000000000004
:0433C6000000000003
:0433C7000000000002
:0433C8000000000001
:0433C9000000000000
:0433CA0000000000FF
:0433CB0000000000FE
:0433CC0000000000FD
:0433CD0000000000FC
:0433CE0000000000FB
:0433CF0000000000FA
:0433D00000000000F9
:0433D10000000000F8
:0433D20000000000F7
:0433D30000000000F6
:0433D40000000000F5
:0433D50000000000F4
:0433D60000000000F3
:0433D70000000000F2
:0433D80000000000F1
:0433D90000000000F0
:0433DA0000000000EF
:0433DB0000000000EE
:0433DC0000000000ED
:0433DD0000000000EC
:0433DE0000000000EB
:0433DF0000000000EA
:0433E00000000000E9
:0433E10000000000E8
:0433E20000000000E7
:0433E30000000000E6
:0433E40000000000E5
:0433E50000000000E4
:0433E60000000000E3
:0433E70000000000E2
:0433E80000000000E1
:0433E90000000000E0
:0433EA0000000000DF
:0433EB0000000000DE
:0433EC0000000000DD
:0433ED0000000000DC
:0433EE0000000000DB
:0433EF0000000000DA
:0433F00000000000D9
:0433F10000000000D8
:0433F20000000000D7
:0433F30000000000D6
:0433F40000000000D5
:0433F50000000000D4
:0433F60000000000D3
:0433F70000000000D2
:0433F80000000000D1
:0433F90000000000D0
:0433FA0000000000CF
:0433FB0000000000CE
:0433FC0000000000CD
:0433FD0000000000CC
:0433FE0000000000CB
:0433FF0000000000CA
:0434000000000000C8
:0434010000000000C7
:0434020000000000C6
:0434030000000000C5
:0434040000000000C4
:0434050000000000C3
:0434060000000000C2
:0434070000000000C1
:0434080000000000C0
:0434090000000000BF
:04340A0000000000BE
:04340B0000000000BD
:04340C0000000000BC
:04340D0000000000BB
:04340E0000000000BA
:04340F0000000000B9
:0434100000000000B8
:0434110000000000B7
:0434120000000000B6
:0434130000000000B5
:0434140000000000B4
:0434150000000000B3
:0434160000000000B2
:0434170000000000B1
:0434180000000000B0
:0434190000000000AF
:04341A0000000000AE
:04341B0000000000AD
:04341C0000000000AC
:04341D0000000000AB
:04341E0000000000AA
:04341F0000000000A9
:0434200000000000A8
:0434210000000000A7
:0434220000000000A6
:0434230000000000A5
:0434240000000000A4
:0434250000000000A3
:0434260000000000A2
:0434270000000000A1
:0434280000000000A0
:04342900000000009F
:04342A00000000009E
:04342B00000000009D
:04342C00000000009C
:04342D00000000009B
:04342E00000000009A
:04342F000000000099
:043430000000000098
:043431000000000097
:043432000000000096
:043433000000000095
:043434000000000094
:043435000000000093
:043436000000000092
:043437000000000091
:043438000000000090
:04343900000000008F
:04343A00000000008E
:04343B00000000008D
:04343C00000000008C
:04343D00000000008B
:04343E00000000008A
:04343F000000000089
:043440000000000088
:043441000000000087
:043442000000000086
:043443000000000085
:043444000000000084
:043445000000000083
:043446000000000082
:043447000000000081
:043448000000000080
:04344900000000007F
:04344A00000000007E
:04344B00000000007D
:04344C00000000007C
:04344D00000000007B
:04344E00000000007A
:04344F000000000079
:043450000000000078
:043451000000000077
:043452000000000076
:043453000000000075
:043454000000000074
:043455000000000073
:043456000000000072
:043457000000000071
:043458000000000070
:04345900000000006F
:04345A00000000006E
:04345B00000000006D
:04345C00000000006C
:04345D00000000006B
:04345E00000000006A
:04345F000000000069
:043460000000000068
:043461000000000067
:043462000000000066
:043463000000000065
:043464000000000064
:043465000000000063
:043466000000000062
:043467000000000061
:043468000000000060
:04346900000000005F
:04346A00000000005E
:04346B00000000005D
:04346C00000000005C
:04346D00000000005B
:04346E00000000005A
:04346F000000000059
:043470000000000058
:043471000000000057
:043472000000000056
:043473000000000055
:043474000000000054
:043475000000000053
:043476000000000052
:043477000000000051
:043478000000000050
:04347900000000004F
:04347A00000000004E
:04347B00000000004D
:04347C00000000004C
:04347D00000000004B
:04347E00000000004A
:04347F000000000049
:043480000000000048
:043481000000000047
:043482000000000046
:043483000000000045
:043484000000000044
:043485000000000043
:043486000000000042
:043487000000000041
:043488000000000040
:04348900000000003F
:04348A00000000003E
:04348B00000000003D
:04348C00000000003C
:04348D00000000003B
:04348E00000000003A
:04348F000000000039
:043490000000000038
:043491000000000037
:043492000000000036
:043493000000000035
:043494000000000034
:043495000000000033
:043496000000000032
:043497000000000031
:043498000000000030
:04349900000000002F
:04349A00000000002E
:04349B00000000002D
:04349C00000000002C
:04349D00000000002B
:04349E00000000002A
:04349F000000000029
:0434A0000000000028
:0434A1000000000027
:0434A2000000000026
:0434A3000000000025
:0434A4000000000024
:0434A5000000000023
:0434A6000000000022
:0434A7000000000021
:0434A8000000000020
:0434A900000000001F
:0434AA00000000001E
:0434AB00000000001D
:0434AC00000000001C
:0434AD00000000001B
:0434AE00000000001A
:0434AF000000000019
:0434B0000000000018
:0434B1000000000017
:0434B2000000000016
:0434B3000000000015
:0434B4000000000014
:0434B5000000000013
:0434B6000000000012
:0434B7000000000011
:0434B8000000000010
:0434B900000000000F
:0434BA00000000000E
:0434BB00000000000D
:0434BC00000000000C
:0434BD00000000000B
:0434BE00000000000A
:0434BF000000000009
:0434C0000000000008
:0434C1000000000007
:0434C2000000000006
:0434C3000000000005
:0434C4000000000004
:0434C5000000000003
:0434C6000000000002
:0434C7000000000001
:0434C8000000000000
:0434C90000000000FF
:0434CA0000000000FE
:0434CB0000000000FD
:0434CC0000000000FC
:0434CD0000000000FB
:0434CE0000000000FA
:0434CF0000000000F9
:0434D00000000000F8
:0434D10000000000F7
:0434D20000000000F6
:0434D30000000000F5
:0434D40000000000F4
:0434D50000000000F3
:0434D60000000000F2
:0434D70000000000F1
:0434D80000000000F0
:0434D90000000000EF
:0434DA0000000000EE
:0434DB0000000000ED
:0434DC0000000000EC
:0434DD0000000000EB
:0434DE0000000000EA
:0434DF0000000000E9
:0434E00000000000E8
:0434E10000000000E7
:0434E20000000000E6
:0434E30000000000E5
:0434E40000000000E4
:0434E50000000000E3
:0434E60000000000E2
:0434E70000000000E1
:0434E80000000000E0
:0434E90000000000DF
:0434EA0000000000DE
:0434EB0000000000DD
:0434EC0000000000DC
:0434ED0000000000DB
:0434EE0000000000DA
:0434EF0000000000D9
:0434F00000000000D8
:0434F10000000000D7
:0434F20000000000D6
:0434F30000000000D5
:0434F40000000000D4
:0434F50000000000D3
:0434F60000000000D2
:0434F70000000000D1
:0434F80000000000D0
:0434F90000000000CF
:0434FA0000000000CE
:0434FB0000000000CD
:0434FC0000000000CC
:0434FD0000000000CB
:0434FE0000000000CA
:0434FF0000000000C9
:0435000000000000C7
:0435010000000000C6
:0435020000000000C5
:0435030000000000C4
:0435040000000000C3
:0435050000000000C2
:0435060000000000C1
:0435070000000000C0
:0435080000000000BF
:0435090000000000BE
:04350A0000000000BD
:04350B0000000000BC
:04350C0000000000BB
:04350D0000000000BA
:04350E0000000000B9
:04350F0000000000B8
:0435100000000000B7
:0435110000000000B6
:0435120000000000B5
:0435130000000000B4
:0435140000000000B3
:0435150000000000B2
:0435160000000000B1
:0435170000000000B0
:0435180000000000AF
:0435190000000000AE
:04351A0000000000AD
:04351B0000000000AC
:04351C0000000000AB
:04351D0000000000AA
:04351E0000000000A9
:04351F0000000000A8
:0435200000000000A7
:0435210000000000A6
:0435220000000000A5
:0435230000000000A4
:0435240000000000A3
:0435250000000000A2
:0435260000000000A1
:0435270000000000A0
:04352800000000009F
:04352900000000009E
:04352A00000000009D
:04352B00000000009C
:04352C00000000009B
:04352D00000000009A
:04352E000000000099
:04352F000000000098
:043530000000000097
:043531000000000096
:043532000000000095
:043533000000000094
:043534000000000093
:043535000000000092
:043536000000000091
:043537000000000090
:04353800000000008F
:04353900000000008E
:04353A00000000008D
:04353B00000000008C
:04353C00000000008B
:04353D00000000008A
:04353E000000000089
:04353F000000000088
:043540000000000087
:043541000000000086
:043542000000000085
:043543000000000084
:043544000000000083
:043545000000000082
:043546000000000081
:043547000000000080
:04354800000000007F
:04354900000000007E
:04354A00000000007D
:04354B00000000007C
:04354C00000000007B
:04354D00000000007A
:04354E000000000079
:04354F000000000078
:043550000000000077
:043551000000000076
:043552000000000075
:043553000000000074
:043554000000000073
:043555000000000072
:043556000000000071
:043557000000000070
:04355800000000006F
:04355900000000006E
:04355A00000000006D
:04355B00000000006C
:04355C00000000006B
:04355D00000000006A
:04355E000000000069
:04355F000000000068
:043560000000000067
:043561000000000066
:043562000000000065
:043563000000000064
:043564000000000063
:043565000000000062
:043566000000000061
:043567000000000060
:04356800000000005F
:04356900000000005E
:04356A00000000005D
:04356B00000000005C
:04356C00000000005B
:04356D00000000005A
:04356E000000000059
:04356F000000000058
:043570000000000057
:043571000000000056
:043572000000000055
:043573000000000054
:043574000000000053
:043575000000000052
:043576000000000051
:043577000000000050
:04357800000000004F
:04357900000000004E
:04357A00000000004D
:04357B00000000004C
:04357C00000000004B
:04357D00000000004A
:04357E000000000049
:04357F000000000048
:043580000000000047
:043581000000000046
:043582000000000045
:043583000000000044
:043584000000000043
:043585000000000042
:043586000000000041
:043587000000000040
:04358800000000003F
:04358900000000003E
:04358A00000000003D
:04358B00000000003C
:04358C00000000003B
:04358D00000000003A
:04358E000000000039
:04358F000000000038
:043590000000000037
:043591000000000036
:043592000000000035
:043593000000000034
:043594000000000033
:043595000000000032
:043596000000000031
:043597000000000030
:04359800000000002F
:04359900000000002E
:04359A00000000002D
:04359B00000000002C
:04359C00000000002B
:04359D00000000002A
:04359E000000000029
:04359F000000000028
:0435A0000000000027
:0435A1000000000026
:0435A2000000000025
:0435A3000000000024
:0435A4000000000023
:0435A5000000000022
:0435A6000000000021
:0435A7000000000020
:0435A800000000001F
:0435A900000000001E
:0435AA00000000001D
:0435AB00000000001C
:0435AC00000000001B
:0435AD00000000001A
:0435AE000000000019
:0435AF000000000018
:0435B0000000000017
:0435B1000000000016
:0435B2000000000015
:0435B3000000000014
:0435B4000000000013
:0435B5000000000012
:0435B6000000000011
:0435B7000000000010
:0435B800000000000F
:0435B900000000000E
:0435BA00000000000D
:0435BB00000000000C
:0435BC00000000000B
:0435BD00000000000A
:0435BE000000000009
:0435BF000000000008
:0435C0000000000007
:0435C1000000000006
:0435C2000000000005
:0435C3000000000004
:0435C4000000000003
:0435C5000000000002
:0435C6000000000001
:0435C7000000000000
:0435C80000000000FF
:0435C90000000000FE
:0435CA0000000000FD
:0435CB0000000000FC
:0435CC0000000000FB
:0435CD0000000000FA
:0435CE0000000000F9
:0435CF0000000000F8
:0435D00000000000F7
:0435D10000000000F6
:0435D20000000000F5
:0435D30000000000F4
:0435D40000000000F3
:0435D50000000000F2
:0435D60000000000F1
:0435D70000000000F0
:0435D80000000000EF
:0435D90000000000EE
:0435DA0000000000ED
:0435DB0000000000EC
:0435DC0000000000EB
:0435DD0000000000EA
:0435DE0000000000E9
:0435DF0000000000E8
:0435E00000000000E7
:0435E10000000000E6
:0435E20000000000E5
:0435E30000000000E4
:0435E40000000000E3
:0435E50000000000E2
:0435E60000000000E1
:0435E70000000000E0
:0435E80000000000DF
:0435E90000000000DE
:0435EA0000000000DD
:0435EB0000000000DC
:0435EC0000000000DB
:0435ED0000000000DA
:0435EE0000000000D9
:0435EF0000000000D8
:0435F00000000000D7
:0435F10000000000D6
:0435F20000000000D5
:0435F30000000000D4
:0435F40000000000D3
:0435F50000000000D2
:0435F60000000000D1
:0435F70000000000D0
:0435F80000000000CF
:0435F90000000000CE
:0435FA0000000000CD
:0435FB0000000000CC
:0435FC0000000000CB
:0435FD0000000000CA
:0435FE0000000000C9
:0435FF0000000000C8
:0436000000000000C6
:0436010000000000C5
:0436020000000000C4
:0436030000000000C3
:0436040000000000C2
:0436050000000000C1
:0436060000000000C0
:0436070000000000BF
:0436080000000000BE
:0436090000000000BD
:04360A0000000000BC
:04360B0000000000BB
:04360C0000000000BA
:04360D0000000000B9
:04360E0000000000B8
:04360F0000000000B7
:0436100000000000B6
:0436110000000000B5
:0436120000000000B4
:0436130000000000B3
:0436140000000000B2
:0436150000000000B1
:0436160000000000B0
:0436170000000000AF
:0436180000000000AE
:0436190000000000AD
:04361A0000000000AC
:04361B0000000000AB
:04361C0000000000AA
:04361D0000000000A9
:04361E0000000000A8
:04361F0000000000A7
:0436200000000000A6
:0436210000000000A5
:0436220000000000A4
:0436230000000000A3
:0436240000000000A2
:0436250000000000A1
:0436260000000000A0
:04362700000000009F
:04362800000000009E
:04362900000000009D
:04362A00000000009C
:04362B00000000009B
:04362C00000000009A
:04362D000000000099
:04362E000000000098
:04362F000000000097
:043630000000000096
:043631000000000095
:043632000000000094
:043633000000000093
:043634000000000092
:043635000000000091
:043636000000000090
:04363700000000008F
:04363800000000008E
:04363900000000008D
:04363A00000000008C
:04363B00000000008B
:04363C00000000008A
:04363D000000000089
:04363E000000000088
:04363F000000000087
:043640000000000086
:043641000000000085
:043642000000000084
:043643000000000083
:043644000000000082
:043645000000000081
:043646000000000080
:04364700000000007F
:04364800000000007E
:04364900000000007D
:04364A00000000007C
:04364B00000000007B
:04364C00000000007A
:04364D000000000079
:04364E000000000078
:04364F000000000077
:043650000000000076
:043651000000000075
:043652000000000074
:043653000000000073
:043654000000000072
:043655000000000071
:043656000000000070
:04365700000000006F
:04365800000000006E
:04365900000000006D
:04365A00000000006C
:04365B00000000006B
:04365C00000000006A
:04365D000000000069
:04365E000000000068
:04365F000000000067
:043660000000000066
:043661000000000065
:043662000000000064
:043663000000000063
:043664000000000062
:043665000000000061
:043666000000000060
:04366700000000005F
:04366800000000005E
:04366900000000005D
:04366A00000000005C
:04366B00000000005B
:04366C00000000005A
:04366D000000000059
:04366E000000000058
:04366F000000000057
:043670000000000056
:043671000000000055
:043672000000000054
:043673000000000053
:043674000000000052
:043675000000000051
:043676000000000050
:04367700000000004F
:04367800000000004E
:04367900000000004D
:04367A00000000004C
:04367B00000000004B
:04367C00000000004A
:04367D000000000049
:04367E000000000048
:04367F000000000047
:043680000000000046
:043681000000000045
:043682000000000044
:043683000000000043
:043684000000000042
:043685000000000041
:043686000000000040
:04368700000000003F
:04368800000000003E
:04368900000000003D
:04368A00000000003C
:04368B00000000003B
:04368C00000000003A
:04368D000000000039
:04368E000000000038
:04368F000000000037
:043690000000000036
:043691000000000035
:043692000000000034
:043693000000000033
:043694000000000032
:043695000000000031
:043696000000000030
:04369700000000002F
:04369800000000002E
:04369900000000002D
:04369A00000000002C
:04369B00000000002B
:04369C00000000002A
:04369D000000000029
:04369E000000000028
:04369F000000000027
:0436A0000000000026
:0436A1000000000025
:0436A2000000000024
:0436A3000000000023
:0436A4000000000022
:0436A5000000000021
:0436A6000000000020
:0436A700000000001F
:0436A800000000001E
:0436A900000000001D
:0436AA00000000001C
:0436AB00000000001B
:0436AC00000000001A
:0436AD000000000019
:0436AE000000000018
:0436AF000000000017
:0436B0000000000016
:0436B1000000000015
:0436B2000000000014
:0436B3000000000013
:0436B4000000000012
:0436B5000000000011
:0436B6000000000010
:0436B700000000000F
:0436B800000000000E
:0436B900000000000D
:0436BA00000000000C
:0436BB00000000000B
:0436BC00000000000A
:0436BD000000000009
:0436BE000000000008
:0436BF000000000007
:0436C0000000000006
:0436C1000000000005
:0436C2000000000004
:0436C3000000000003
:0436C4000000000002
:0436C5000000000001
:0436C6000000000000
:0436C70000000000FF
:0436C80000000000FE
:0436C90000000000FD
:0436CA0000000000FC
:0436CB0000000000FB
:0436CC0000000000FA
:0436CD0000000000F9
:0436CE0000000000F8
:0436CF0000000000F7
:0436D00000000000F6
:0436D10000000000F5
:0436D20000000000F4
:0436D30000000000F3
:0436D40000000000F2
:0436D50000000000F1
:0436D60000000000F0
:0436D70000000000EF
:0436D80000000000EE
:0436D90000000000ED
:0436DA0000000000EC
:0436DB0000000000EB
:0436DC0000000000EA
:0436DD0000000000E9
:0436DE0000000000E8
:0436DF0000000000E7
:0436E00000000000E6
:0436E10000000000E5
:0436E20000000000E4
:0436E30000000000E3
:0436E40000000000E2
:0436E50000000000E1
:0436E60000000000E0
:0436E70000000000DF
:0436E80000000000DE
:0436E90000000000DD
:0436EA0000000000DC
:0436EB0000000000DB
:0436EC0000000000DA
:0436ED0000000000D9
:0436EE0000000000D8
:0436EF0000000000D7
:0436F00000000000D6
:0436F10000000000D5
:0436F20000000000D4
:0436F30000000000D3
:0436F40000000000D2
:0436F50000000000D1
:0436F60000000000D0
:0436F70000000000CF
:0436F80000000000CE
:0436F90000000000CD
:0436FA0000000000CC
:0436FB0000000000CB
:0436FC0000000000CA
:0436FD0000000000C9
:0436FE0000000000C8
:0436FF0000000000C7
:0437000000000000C5
:0437010000000000C4
:0437020000000000C3
:0437030000000000C2
:0437040000000000C1
:0437050000000000C0
:0437060000000000BF
:0437070000000000BE
:0437080000000000BD
:0437090000000000BC
:04370A0000000000BB
:04370B0000000000BA
:04370C0000000000B9
:04370D0000000000B8
:04370E0000000000B7
:04370F0000000000B6
:0437100000000000B5
:0437110000000000B4
:0437120000000000B3
:0437130000000000B2
:0437140000000000B1
:0437150000000000B0
:0437160000000000AF
:0437170000000000AE
:0437180000000000AD
:0437190000000000AC
:04371A0000000000AB
:04371B0000000000AA
:04371C0000000000A9
:04371D0000000000A8
:04371E0000000000A7
:04371F0000000000A6
:0437200000000000A5
:0437210000000000A4
:0437220000000000A3
:0437230000000000A2
:0437240000000000A1
:0437250000000000A0
:04372600000000009F
:04372700000000009E
:04372800000000009D
:04372900000000009C
:04372A00000000009B
:04372B00000000009A
:04372C000000000099
:04372D000000000098
:04372E000000000097
:04372F000000000096
:043730000000000095
:043731000000000094
:043732000000000093
:043733000000000092
:043734000000000091
:043735000000000090
:04373600000000008F
:04373700000000008E
:04373800000000008D
:04373900000000008C
:04373A00000000008B
:04373B00000000008A
:04373C000000000089
:04373D000000000088
:04373E000000000087
:04373F000000000086
:043740000000000085
:043741000000000084
:043742000000000083
:043743000000000082
:043744000000000081
:043745000000000080
:04374600000000007F
:04374700000000007E
:04374800000000007D
:04374900000000007C
:04374A00000000007B
:04374B00000000007A
:04374C000000000079
:04374D000000000078
:04374E000000000077
:04374F000000000076
:043750000000000075
:043751000000000074
:043752000000000073
:043753000000000072
:043754000000000071
:043755000000000070
:04375600000000006F
:04375700000000006E
:04375800000000006D
:04375900000000006C
:04375A00000000006B
:04375B00000000006A
:04375C000000000069
:04375D000000000068
:04375E000000000067
:04375F000000000066
:043760000000000065
:043761000000000064
:043762000000000063
:043763000000000062
:043764000000000061
:043765000000000060
:04376600000000005F
:04376700000000005E
:04376800000000005D
:04376900000000005C
:04376A00000000005B
:04376B00000000005A
:04376C000000000059
:04376D000000000058
:04376E000000000057
:04376F000000000056
:043770000000000055
:043771000000000054
:043772000000000053
:043773000000000052
:043774000000000051
:043775000000000050
:04377600000000004F
:04377700000000004E
:04377800000000004D
:04377900000000004C
:04377A00000000004B
:04377B00000000004A
:04377C000000000049
:04377D000000000048
:04377E000000000047
:04377F000000000046
:043780000000000045
:043781000000000044
:043782000000000043
:043783000000000042
:043784000000000041
:043785000000000040
:04378600000000003F
:04378700000000003E
:04378800000000003D
:04378900000000003C
:04378A00000000003B
:04378B00000000003A
:04378C000000000039
:04378D000000000038
:04378E000000000037
:04378F000000000036
:043790000000000035
:043791000000000034
:043792000000000033
:043793000000000032
:043794000000000031
:043795000000000030
:04379600000000002F
:04379700000000002E
:04379800000000002D
:04379900000000002C
:04379A00000000002B
:04379B00000000002A
:04379C000000000029
:04379D000000000028
:04379E000000000027
:04379F000000000026
:0437A0000000000025
:0437A1000000000024
:0437A2000000000023
:0437A3000000000022
:0437A4000000000021
:0437A5000000000020
:0437A600000000001F
:0437A700000000001E
:0437A800000000001D
:0437A900000000001C
:0437AA00000000001B
:0437AB00000000001A
:0437AC000000000019
:0437AD000000000018
:0437AE000000000017
:0437AF000000000016
:0437B0000000000015
:0437B1000000000014
:0437B2000000000013
:0437B3000000000012
:0437B4000000000011
:0437B5000000000010
:0437B600000000000F
:0437B700000000000E
:0437B800000000000D
:0437B900000000000C
:0437BA00000000000B
:0437BB00000000000A
:0437BC000000000009
:0437BD000000000008
:0437BE000000000007
:0437BF000000000006
:0437C0000000000005
:0437C1000000000004
:0437C2000000000003
:0437C3000000000002
:0437C4000000000001
:0437C5000000000000
:0437C60000000000FF
:0437C70000000000FE
:0437C80000000000FD
:0437C90000000000FC
:0437CA0000000000FB
:0437CB0000000000FA
:0437CC0000000000F9
:0437CD0000000000F8
:0437CE0000000000F7
:0437CF0000000000F6
:0437D00000000000F5
:0437D10000000000F4
:0437D20000000000F3
:0437D30000000000F2
:0437D40000000000F1
:0437D50000000000F0
:0437D60000000000EF
:0437D70000000000EE
:0437D80000000000ED
:0437D90000000000EC
:0437DA0000000000EB
:0437DB0000000000EA
:0437DC0000000000E9
:0437DD0000000000E8
:0437DE0000000000E7
:0437DF0000000000E6
:0437E00000000000E5
:0437E10000000000E4
:0437E20000000000E3
:0437E30000000000E2
:0437E40000000000E1
:0437E50000000000E0
:0437E60000000000DF
:0437E70000000000DE
:0437E80000000000DD
:0437E90000000000DC
:0437EA0000000000DB
:0437EB0000000000DA
:0437EC0000000000D9
:0437ED0000000000D8
:0437EE0000000000D7
:0437EF0000000000D6
:0437F00000000000D5
:0437F10000000000D4
:0437F20000000000D3
:0437F30000000000D2
:0437F40000000000D1
:0437F50000000000D0
:0437F60000000000CF
:0437F70000000000CE
:0437F80000000000CD
:0437F90000000000CC
:0437FA0000000000CB
:0437FB0000000000CA
:0437FC0000000000C9
:0437FD0000000000C8
:0437FE0000000000C7
:0437FF0000000000C6
:0438000000000000C4
:0438010000000000C3
:0438020000000000C2
:0438030000000000C1
:0438040000000000C0
:0438050000000000BF
:0438060000000000BE
:0438070000000000BD
:0438080000000000BC
:0438090000000000BB
:04380A0000000000BA
:04380B0000000000B9
:04380C0000000000B8
:04380D0000000000B7
:04380E0000000000B6
:04380F0000000000B5
:0438100000000000B4
:0438110000000000B3
:0438120000000000B2
:0438130000000000B1
:0438140000000000B0
:0438150000000000AF
:0438160000000000AE
:0438170000000000AD
:0438180000000000AC
:0438190000000000AB
:04381A0000000000AA
:04381B0000000000A9
:04381C0000000000A8
:04381D0000000000A7
:04381E0000000000A6
:04381F0000000000A5
:0438200000000000A4
:0438210000000000A3
:0438220000000000A2
:0438230000000000A1
:0438240000000000A0
:04382500000000009F
:04382600000000009E
:04382700000000009D
:04382800000000009C
:04382900000000009B
:04382A00000000009A
:04382B000000000099
:04382C000000000098
:04382D000000000097
:04382E000000000096
:04382F000000000095
:043830000000000094
:043831000000000093
:043832000000000092
:043833000000000091
:043834000000000090
:04383500000000008F
:04383600000000008E
:04383700000000008D
:04383800000000008C
:04383900000000008B
:04383A00000000008A
:04383B000000000089
:04383C000000000088
:04383D000000000087
:04383E000000000086
:04383F000000000085
:043840000000000084
:043841000000000083
:043842000000000082
:043843000000000081
:043844000000000080
:04384500000000007F
:04384600000000007E
:04384700000000007D
:04384800000000007C
:04384900000000007B
:04384A00000000007A
:04384B000000000079
:04384C000000000078
:04384D000000000077
:04384E000000000076
:04384F000000000075
:043850000000000074
:043851000000000073
:043852000000000072
:043853000000000071
:043854000000000070
:04385500000000006F
:04385600000000006E
:04385700000000006D
:04385800000000006C
:04385900000000006B
:04385A00000000006A
:04385B000000000069
:04385C000000000068
:04385D000000000067
:04385E000000000066
:04385F000000000065
:043860000000000064
:043861000000000063
:043862000000000062
:043863000000000061
:043864000000000060
:04386500000000005F
:04386600000000005E
:04386700000000005D
:04386800000000005C
:04386900000000005B
:04386A00000000005A
:04386B000000000059
:04386C000000000058
:04386D000000000057
:04386E000000000056
:04386F000000000055
:043870000000000054
:043871000000000053
:043872000000000052
:043873000000000051
:043874000000000050
:04387500000000004F
:04387600000000004E
:04387700000000004D
:04387800000000004C
:04387900000000004B
:04387A00000000004A
:04387B000000000049
:04387C000000000048
:04387D000000000047
:04387E000000000046
:04387F000000000045
:043880000000000044
:043881000000000043
:043882000000000042
:043883000000000041
:043884000000000040
:04388500000000003F
:04388600000000003E
:04388700000000003D
:04388800000000003C
:04388900000000003B
:04388A00000000003A
:04388B000000000039
:04388C000000000038
:04388D000000000037
:04388E000000000036
:04388F000000000035
:043890000000000034
:043891000000000033
:043892000000000032
:043893000000000031
:043894000000000030
:04389500000000002F
:04389600000000002E
:04389700000000002D
:04389800000000002C
:04389900000000002B
:04389A00000000002A
:04389B000000000029
:04389C000000000028
:04389D000000000027
:04389E000000000026
:04389F000000000025
:0438A0000000000024
:0438A1000000000023
:0438A2000000000022
:0438A3000000000021
:0438A4000000000020
:0438A500000000001F
:0438A600000000001E
:0438A700000000001D
:0438A800000000001C
:0438A900000000001B
:0438AA00000000001A
:0438AB000000000019
:0438AC000000000018
:0438AD000000000017
:0438AE000000000016
:0438AF000000000015
:0438B0000000000014
:0438B1000000000013
:0438B2000000000012
:0438B3000000000011
:0438B4000000000010
:0438B500000000000F
:0438B600000000000E
:0438B700000000000D
:0438B800000000000C
:0438B900000000000B
:0438BA00000000000A
:0438BB000000000009
:0438BC000000000008
:0438BD000000000007
:0438BE000000000006
:0438BF000000000005
:0438C0000000000004
:0438C1000000000003
:0438C2000000000002
:0438C3000000000001
:0438C4000000000000
:0438C50000000000FF
:0438C60000000000FE
:0438C70000000000FD
:0438C80000000000FC
:0438C90000000000FB
:0438CA0000000000FA
:0438CB0000000000F9
:0438CC0000000000F8
:0438CD0000000000F7
:0438CE0000000000F6
:0438CF0000000000F5
:0438D00000000000F4
:0438D10000000000F3
:0438D20000000000F2
:0438D30000000000F1
:0438D40000000000F0
:0438D50000000000EF
:0438D60000000000EE
:0438D70000000000ED
:0438D80000000000EC
:0438D90000000000EB
:0438DA0000000000EA
:0438DB0000000000E9
:0438DC0000000000E8
:0438DD0000000000E7
:0438DE0000000000E6
:0438DF0000000000E5
:0438E00000000000E4
:0438E10000000000E3
:0438E20000000000E2
:0438E30000000000E1
:0438E40000000000E0
:0438E50000000000DF
:0438E60000000000DE
:0438E70000000000DD
:0438E80000000000DC
:0438E90000000000DB
:0438EA0000000000DA
:0438EB0000000000D9
:0438EC0000000000D8
:0438ED0000000000D7
:0438EE0000000000D6
:0438EF0000000000D5
:0438F00000000000D4
:0438F10000000000D3
:0438F20000000000D2
:0438F30000000000D1
:0438F40000000000D0
:0438F50000000000CF
:0438F60000000000CE
:0438F70000000000CD
:0438F80000000000CC
:0438F90000000000CB
:0438FA0000000000CA
:0438FB0000000000C9
:0438FC0000000000C8
:0438FD0000000000C7
:0438FE0000000000C6
:0438FF0000000000C5
:0439000000000000C3
:0439010000000000C2
:0439020000000000C1
:0439030000000000C0
:0439040000000000BF
:0439050000000000BE
:0439060000000000BD
:0439070000000000BC
:0439080000000000BB
:0439090000000000BA
:04390A0000000000B9
:04390B0000000000B8
:04390C0000000000B7
:04390D0000000000B6
:04390E0000000000B5
:04390F0000000000B4
:0439100000000000B3
:0439110000000000B2
:0439120000000000B1
:0439130000000000B0
:0439140000000000AF
:0439150000000000AE
:0439160000000000AD
:0439170000000000AC
:0439180000000000AB
:0439190000000000AA
:04391A0000000000A9
:04391B0000000000A8
:04391C0000000000A7
:04391D0000000000A6
:04391E0000000000A5
:04391F0000000000A4
:0439200000000000A3
:0439210000000000A2
:0439220000000000A1
:0439230000000000A0
:04392400000000009F
:04392500000000009E
:04392600000000009D
:04392700000000009C
:04392800000000009B
:04392900000000009A
:04392A000000000099
:04392B000000000098
:04392C000000000097
:04392D000000000096
:04392E000000000095
:04392F000000000094
:043930000000000093
:043931000000000092
:043932000000000091
:043933000000000090
:04393400000000008F
:04393500000000008E
:04393600000000008D
:04393700000000008C
:04393800000000008B
:04393900000000008A
:04393A000000000089
:04393B000000000088
:04393C000000000087
:04393D000000000086
:04393E000000000085
:04393F000000000084
:043940000000000083
:043941000000000082
:043942000000000081
:043943000000000080
:04394400000000007F
:04394500000000007E
:04394600000000007D
:04394700000000007C
:04394800000000007B
:04394900000000007A
:04394A000000000079
:04394B000000000078
:04394C000000000077
:04394D000000000076
:04394E000000000075
:04394F000000000074
:043950000000000073
:043951000000000072
:043952000000000071
:043953000000000070
:04395400000000006F
:04395500000000006E
:04395600000000006D
:04395700000000006C
:04395800000000006B
:04395900000000006A
:04395A000000000069
:04395B000000000068
:04395C000000000067
:04395D000000000066
:04395E000000000065
:04395F000000000064
:043960000000000063
:043961000000000062
:043962000000000061
:043963000000000060
:04396400000000005F
:04396500000000005E
:04396600000000005D
:04396700000000005C
:04396800000000005B
:04396900000000005A
:04396A000000000059
:04396B000000000058
:04396C000000000057
:04396D000000000056
:04396E000000000055
:04396F000000000054
:043970000000000053
:043971000000000052
:043972000000000051
:043973000000000050
:04397400000000004F
:04397500000000004E
:04397600000000004D
:04397700000000004C
:04397800000000004B
:04397900000000004A
:04397A000000000049
:04397B000000000048
:04397C000000000047
:04397D000000000046
:04397E000000000045
:04397F000000000044
:043980000000000043
:043981000000000042
:043982000000000041
:043983000000000040
:04398400000000003F
:04398500000000003E
:04398600000000003D
:04398700000000003C
:04398800000000003B
:04398900000000003A
:04398A000000000039
:04398B000000000038
:04398C000000000037
:04398D000000000036
:04398E000000000035
:04398F000000000034
:043990000000000033
:043991000000000032
:043992000000000031
:043993000000000030
:04399400000000002F
:04399500000000002E
:04399600000000002D
:04399700000000002C
:04399800000000002B
:04399900000000002A
:04399A000000000029
:04399B000000000028
:04399C000000000027
:04399D000000000026
:04399E000000000025
:04399F000000000024
:0439A0000000000023
:0439A1000000000022
:0439A2000000000021
:0439A3000000000020
:0439A400000000001F
:0439A500000000001E
:0439A600000000001D
:0439A700000000001C
:0439A800000000001B
:0439A900000000001A
:0439AA000000000019
:0439AB000000000018
:0439AC000000000017
:0439AD000000000016
:0439AE000000000015
:0439AF000000000014
:0439B0000000000013
:0439B1000000000012
:0439B2000000000011
:0439B3000000000010
:0439B400000000000F
:0439B500000000000E
:0439B600000000000D
:0439B700000000000C
:0439B800000000000B
:0439B900000000000A
:0439BA000000000009
:0439BB000000000008
:0439BC000000000007
:0439BD000000000006
:0439BE000000000005
:0439BF000000000004
:0439C0000000000003
:0439C1000000000002
:0439C2000000000001
:0439C3000000000000
:0439C40000000000FF
:0439C50000000000FE
:0439C60000000000FD
:0439C70000000000FC
:0439C80000000000FB
:0439C90000000000FA
:0439CA0000000000F9
:0439CB0000000000F8
:0439CC0000000000F7
:0439CD0000000000F6
:0439CE0000000000F5
:0439CF0000000000F4
:0439D00000000000F3
:0439D10000000000F2
:0439D20000000000F1
:0439D30000000000F0
:0439D40000000000EF
:0439D50000000000EE
:0439D60000000000ED
:0439D70000000000EC
:0439D80000000000EB
:0439D90000000000EA
:0439DA0000000000E9
:0439DB0000000000E8
:0439DC0000000000E7
:0439DD0000000000E6
:0439DE0000000000E5
:0439DF0000000000E4
:0439E00000000000E3
:0439E10000000000E2
:0439E20000000000E1
:0439E30000000000E0
:0439E40000000000DF
:0439E50000000000DE
:0439E60000000000DD
:0439E70000000000DC
:0439E80000000000DB
:0439E90000000000DA
:0439EA0000000000D9
:0439EB0000000000D8
:0439EC0000000000D7
:0439ED0000000000D6
:0439EE0000000000D5
:0439EF0000000000D4
:0439F00000000000D3
:0439F10000000000D2
:0439F20000000000D1
:0439F30000000000D0
:0439F40000000000CF
:0439F50000000000CE
:0439F60000000000CD
:0439F70000000000CC
:0439F80000000000CB
:0439F90000000000CA
:0439FA0000000000C9
:0439FB0000000000C8
:0439FC0000000000C7
:0439FD0000000000C6
:0439FE0000000000C5
:0439FF0000000000C4
:043A000000000000C2
:043A010000000000C1
:043A020000000000C0
:043A030000000000BF
:043A040000000000BE
:043A050000000000BD
:043A060000000000BC
:043A070000000000BB
:043A080000000000BA
:043A090000000000B9
:043A0A0000000000B8
:043A0B0000000000B7
:043A0C0000000000B6
:043A0D0000000000B5
:043A0E0000000000B4
:043A0F0000000000B3
:043A100000000000B2
:043A110000000000B1
:043A120000000000B0
:043A130000000000AF
:043A140000000000AE
:043A150000000000AD
:043A160000000000AC
:043A170000000000AB
:043A180000000000AA
:043A190000000000A9
:043A1A0000000000A8
:043A1B0000000000A7
:043A1C0000000000A6
:043A1D0000000000A5
:043A1E0000000000A4
:043A1F0000000000A3
:043A200000000000A2
:043A210000000000A1
:043A220000000000A0
:043A2300000000009F
:043A2400000000009E
:043A2500000000009D
:043A2600000000009C
:043A2700000000009B
:043A2800000000009A
:043A29000000000099
:043A2A000000000098
:043A2B000000000097
:043A2C000000000096
:043A2D000000000095
:043A2E000000000094
:043A2F000000000093
:043A30000000000092
:043A31000000000091
:043A32000000000090
:043A3300000000008F
:043A3400000000008E
:043A3500000000008D
:043A3600000000008C
:043A3700000000008B
:043A3800000000008A
:043A39000000000089
:043A3A000000000088
:043A3B000000000087
:043A3C000000000086
:043A3D000000000085
:043A3E000000000084
:043A3F000000000083
:043A40000000000082
:043A41000000000081
:043A42000000000080
:043A4300000000007F
:043A4400000000007E
:043A4500000000007D
:043A4600000000007C
:043A4700000000007B
:043A4800000000007A
:043A49000000000079
:043A4A000000000078
:043A4B000000000077
:043A4C000000000076
:043A4D000000000075
:043A4E000000000074
:043A4F000000000073
:043A50000000000072
:043A51000000000071
:043A52000000000070
:043A5300000000006F
:043A5400000000006E
:043A5500000000006D
:043A5600000000006C
:043A5700000000006B
:043A5800000000006A
:043A59000000000069
:043A5A000000000068
:043A5B000000000067
:043A5C000000000066
:043A5D000000000065
:043A5E000000000064
:043A5F000000000063
:043A60000000000062
:043A61000000000061
:043A62000000000060
:043A6300000000005F
:043A6400000000005E
:043A6500000000005D
:043A6600000000005C
:043A6700000000005B
:043A6800000000005A
:043A69000000000059
:043A6A000000000058
:043A6B000000000057
:043A6C000000000056
:043A6D000000000055
:043A6E000000000054
:043A6F000000000053
:043A70000000000052
:043A71000000000051
:043A72000000000050
:043A7300000000004F
:043A7400000000004E
:043A7500000000004D
:043A7600000000004C
:043A7700000000004B
:043A7800000000004A
:043A79000000000049
:043A7A000000000048
:043A7B000000000047
:043A7C000000000046
:043A7D000000000045
:043A7E000000000044
:043A7F000000000043
:043A80000000000042
:043A81000000000041
:043A82000000000040
:043A8300000000003F
:043A8400000000003E
:043A8500000000003D
:043A8600000000003C
:043A8700000000003B
:043A8800000000003A
:043A89000000000039
:043A8A000000000038
:043A8B000000000037
:043A8C000000000036
:043A8D000000000035
:043A8E000000000034
:043A8F000000000033
:043A90000000000032
:043A91000000000031
:043A92000000000030
:043A9300000000002F
:043A9400000000002E
:043A9500000000002D
:043A9600000000002C
:043A9700000000002B
:043A9800000000002A
:043A99000000000029
:043A9A000000000028
:043A9B000000000027
:043A9C000000000026
:043A9D000000000025
:043A9E000000000024
:043A9F000000000023
:043AA0000000000022
:043AA1000000000021
:043AA2000000000020
:043AA300000000001F
:043AA400000000001E
:043AA500000000001D
:043AA600000000001C
:043AA700000000001B
:043AA800000000001A
:043AA9000000000019
:043AAA000000000018
:043AAB000000000017
:043AAC000000000016
:043AAD000000000015
:043AAE000000000014
:043AAF000000000013
:043AB0000000000012
:043AB1000000000011
:043AB2000000000010
:043AB300000000000F
:043AB400000000000E
:043AB500000000000D
:043AB600000000000C
:043AB700000000000B
:043AB800000000000A
:043AB9000000000009
:043ABA000000000008
:043ABB000000000007
:043ABC000000000006
:043ABD000000000005
:043ABE000000000004
:043ABF000000000003
:043AC0000000000002
:043AC1000000000001
:043AC2000000000000
:043AC30000000000FF
:043AC40000000000FE
:043AC50000000000FD
:043AC60000000000FC
:043AC70000000000FB
:043AC80000000000FA
:043AC90000000000F9
:043ACA0000000000F8
:043ACB0000000000F7
:043ACC0000000000F6
:043ACD0000000000F5
:043ACE0000000000F4
:043ACF0000000000F3
:043AD00000000000F2
:043AD10000000000F1
:043AD20000000000F0
:043AD30000000000EF
:043AD40000000000EE
:043AD50000000000ED
:043AD60000000000EC
:043AD70000000000EB
:043AD80000000000EA
:043AD90000000000E9
:043ADA0000000000E8
:043ADB0000000000E7
:043ADC0000000000E6
:043ADD0000000000E5
:043ADE0000000000E4
:043ADF0000000000E3
:043AE00000000000E2
:043AE10000000000E1
:043AE20000000000E0
:043AE30000000000DF
:043AE40000000000DE
:043AE50000000000DD
:043AE60000000000DC
:043AE70000000000DB
:043AE80000000000DA
:043AE90000000000D9
:043AEA0000000000D8
:043AEB0000000000D7
:043AEC0000000000D6
:043AED0000000000D5
:043AEE0000000000D4
:043AEF0000000000D3
:043AF00000000000D2
:043AF10000000000D1
:043AF20000000000D0
:043AF30000000000CF
:043AF40000000000CE
:043AF50000000000CD
:043AF60000000000CC
:043AF70000000000CB
:043AF80000000000CA
:043AF90000000000C9
:043AFA0000000000C8
:043AFB0000000000C7
:043AFC0000000000C6
:043AFD0000000000C5
:043AFE0000000000C4
:043AFF0000000000C3
:043B000000000000C1
:043B010000000000C0
:043B020000000000BF
:043B030000000000BE
:043B040000000000BD
:043B050000000000BC
:043B060000000000BB
:043B070000000000BA
:043B080000000000B9
:043B090000000000B8
:043B0A0000000000B7
:043B0B0000000000B6
:043B0C0000000000B5
:043B0D0000000000B4
:043B0E0000000000B3
:043B0F0000000000B2
:043B100000000000B1
:043B110000000000B0
:043B120000000000AF
:043B130000000000AE
:043B140000000000AD
:043B150000000000AC
:043B160000000000AB
:043B170000000000AA
:043B180000000000A9
:043B190000000000A8
:043B1A0000000000A7
:043B1B0000000000A6
:043B1C0000000000A5
:043B1D0000000000A4
:043B1E0000000000A3
:043B1F0000000000A2
:043B200000000000A1
:043B210000000000A0
:043B2200000000009F
:043B2300000000009E
:043B2400000000009D
:043B2500000000009C
:043B2600000000009B
:043B2700000000009A
:043B28000000000099
:043B29000000000098
:043B2A000000000097
:043B2B000000000096
:043B2C000000000095
:043B2D000000000094
:043B2E000000000093
:043B2F000000000092
:043B30000000000091
:043B31000000000090
:043B3200000000008F
:043B3300000000008E
:043B3400000000008D
:043B3500000000008C
:043B3600000000008B
:043B3700000000008A
:043B38000000000089
:043B39000000000088
:043B3A000000000087
:043B3B000000000086
:043B3C000000000085
:043B3D000000000084
:043B3E000000000083
:043B3F000000000082
:043B40000000000081
:043B41000000000080
:043B4200000000007F
:043B4300000000007E
:043B4400000000007D
:043B4500000000007C
:043B4600000000007B
:043B4700000000007A
:043B48000000000079
:043B49000000000078
:043B4A000000000077
:043B4B000000000076
:043B4C000000000075
:043B4D000000000074
:043B4E000000000073
:043B4F000000000072
:043B50000000000071
:043B51000000000070
:043B5200000000006F
:043B5300000000006E
:043B5400000000006D
:043B5500000000006C
:043B5600000000006B
:043B5700000000006A
:043B58000000000069
:043B59000000000068
:043B5A000000000067
:043B5B000000000066
:043B5C000000000065
:043B5D000000000064
:043B5E000000000063
:043B5F000000000062
:043B60000000000061
:043B61000000000060
:043B6200000000005F
:043B6300000000005E
:043B6400000000005D
:043B6500000000005C
:043B6600000000005B
:043B6700000000005A
:043B68000000000059
:043B69000000000058
:043B6A000000000057
:043B6B000000000056
:043B6C000000000055
:043B6D000000000054
:043B6E000000000053
:043B6F000000000052
:043B70000000000051
:043B71000000000050
:043B7200000000004F
:043B7300000000004E
:043B7400000000004D
:043B7500000000004C
:043B7600000000004B
:043B7700000000004A
:043B78000000000049
:043B79000000000048
:043B7A000000000047
:043B7B000000000046
:043B7C000000000045
:043B7D000000000044
:043B7E000000000043
:043B7F000000000042
:043B80000000000041
:043B81000000000040
:043B8200000000003F
:043B8300000000003E
:043B8400000000003D
:043B8500000000003C
:043B8600000000003B
:043B8700000000003A
:043B88000000000039
:043B89000000000038
:043B8A000000000037
:043B8B000000000036
:043B8C000000000035
:043B8D000000000034
:043B8E000000000033
:043B8F000000000032
:043B90000000000031
:043B91000000000030
:043B9200000000002F
:043B9300000000002E
:043B9400000000002D
:043B9500000000002C
:043B9600000000002B
:043B9700000000002A
:043B98000000000029
:043B99000000000028
:043B9A000000000027
:043B9B000000000026
:043B9C000000000025
:043B9D000000000024
:043B9E000000000023
:043B9F000000000022
:043BA0000000000021
:043BA1000000000020
:043BA200000000001F
:043BA300000000001E
:043BA400000000001D
:043BA500000000001C
:043BA600000000001B
:043BA700000000001A
:043BA8000000000019
:043BA9000000000018
:043BAA000000000017
:043BAB000000000016
:043BAC000000000015
:043BAD000000000014
:043BAE000000000013
:043BAF000000000012
:043BB0000000000011
:043BB1000000000010
:043BB200000000000F
:043BB300000000000E
:043BB400000000000D
:043BB500000000000C
:043BB600000000000B
:043BB700000000000A
:043BB8000000000009
:043BB9000000000008
:043BBA000000000007
:043BBB000000000006
:043BBC000000000005
:043BBD000000000004
:043BBE000000000003
:043BBF000000000002
:043BC0000000000001
:043BC1000000000000
:043BC20000000000FF
:043BC30000000000FE
:043BC40000000000FD
:043BC50000000000FC
:043BC60000000000FB
:043BC70000000000FA
:043BC80000000000F9
:043BC90000000000F8
:043BCA0000000000F7
:043BCB0000000000F6
:043BCC0000000000F5
:043BCD0000000000F4
:043BCE0000000000F3
:043BCF0000000000F2
:043BD00000000000F1
:043BD10000000000F0
:043BD20000000000EF
:043BD30000000000EE
:043BD40000000000ED
:043BD50000000000EC
:043BD60000000000EB
:043BD70000000000EA
:043BD80000000000E9
:043BD90000000000E8
:043BDA0000000000E7
:043BDB0000000000E6
:043BDC0000000000E5
:043BDD0000000000E4
:043BDE0000000000E3
:043BDF0000000000E2
:043BE00000000000E1
:043BE10000000000E0
:043BE20000000000DF
:043BE30000000000DE
:043BE40000000000DD
:043BE50000000000DC
:043BE60000000000DB
:043BE70000000000DA
:043BE80000000000D9
:043BE90000000000D8
:043BEA0000000000D7
:043BEB0000000000D6
:043BEC0000000000D5
:043BED0000000000D4
:043BEE0000000000D3
:043BEF0000000000D2
:043BF00000000000D1
:043BF10000000000D0
:043BF20000000000CF
:043BF30000000000CE
:043BF40000000000CD
:043BF50000000000CC
:043BF60000000000CB
:043BF70000000000CA
:043BF80000000000C9
:043BF90000000000C8
:043BFA0000000000C7
:043BFB0000000000C6
:043BFC0000000000C5
:043BFD0000000000C4
:043BFE0000000000C3
:043BFF0000000000C2
:043C000000000000C0
:043C010000000000BF
:043C020000000000BE
:043C030000000000BD
:043C040000000000BC
:043C050000000000BB
:043C060000000000BA
:043C070000000000B9
:043C080000000000B8
:043C090000000000B7
:043C0A0000000000B6
:043C0B0000000000B5
:043C0C0000000000B4
:043C0D0000000000B3
:043C0E0000000000B2
:043C0F0000000000B1
:043C100000000000B0
:043C110000000000AF
:043C120000000000AE
:043C130000000000AD
:043C140000000000AC
:043C150000000000AB
:043C160000000000AA
:043C170000000000A9
:043C180000000000A8
:043C190000000000A7
:043C1A0000000000A6
:043C1B0000000000A5
:043C1C0000000000A4
:043C1D0000000000A3
:043C1E0000000000A2
:043C1F0000000000A1
:043C200000000000A0
:043C2100000000009F
:043C2200000000009E
:043C2300000000009D
:043C2400000000009C
:043C2500000000009B
:043C2600000000009A
:043C27000000000099
:043C28000000000098
:043C29000000000097
:043C2A000000000096
:043C2B000000000095
:043C2C000000000094
:043C2D000000000093
:043C2E000000000092
:043C2F000000000091
:043C30000000000090
:043C3100000000008F
:043C3200000000008E
:043C3300000000008D
:043C3400000000008C
:043C3500000000008B
:043C3600000000008A
:043C37000000000089
:043C38000000000088
:043C39000000000087
:043C3A000000000086
:043C3B000000000085
:043C3C000000000084
:043C3D000000000083
:043C3E000000000082
:043C3F000000000081
:043C40000000000080
:043C4100000000007F
:043C4200000000007E
:043C4300000000007D
:043C4400000000007C
:043C4500000000007B
:043C4600000000007A
:043C47000000000079
:043C48000000000078
:043C49000000000077
:043C4A000000000076
:043C4B000000000075
:043C4C000000000074
:043C4D000000000073
:043C4E000000000072
:043C4F000000000071
:043C50000000000070
:043C5100000000006F
:043C5200000000006E
:043C5300000000006D
:043C5400000000006C
:043C5500000000006B
:043C5600000000006A
:043C57000000000069
:043C58000000000068
:043C59000000000067
:043C5A000000000066
:043C5B000000000065
:043C5C000000000064
:043C5D000000000063
:043C5E000000000062
:043C5F000000000061
:043C60000000000060
:043C6100000000005F
:043C6200000000005E
:043C6300000000005D
:043C6400000000005C
:043C6500000000005B
:043C6600000000005A
:043C67000000000059
:043C68000000000058
:043C69000000000057
:043C6A000000000056
:043C6B000000000055
:043C6C000000000054
:043C6D000000000053
:043C6E000000000052
:043C6F000000000051
:043C70000000000050
:043C7100000000004F
:043C7200000000004E
:043C7300000000004D
:043C7400000000004C
:043C7500000000004B
:043C7600000000004A
:043C77000000000049
:043C78000000000048
:043C79000000000047
:043C7A000000000046
:043C7B000000000045
:043C7C000000000044
:043C7D000000000043
:043C7E000000000042
:043C7F000000000041
:043C80000000000040
:043C8100000000003F
:043C8200000000003E
:043C8300000000003D
:043C8400000000003C
:043C8500000000003B
:043C8600000000003A
:043C87000000000039
:043C88000000000038
:043C89000000000037
:043C8A000000000036
:043C8B000000000035
:043C8C000000000034
:043C8D000000000033
:043C8E000000000032
:043C8F000000000031
:043C90000000000030
:043C9100000000002F
:043C9200000000002E
:043C9300000000002D
:043C9400000000002C
:043C9500000000002B
:043C9600000000002A
:043C97000000000029
:043C98000000000028
:043C99000000000027
:043C9A000000000026
:043C9B000000000025
:043C9C000000000024
:043C9D000000000023
:043C9E000000000022
:043C9F000000000021
:043CA0000000000020
:043CA100000000001F
:043CA200000000001E
:043CA300000000001D
:043CA400000000001C
:043CA500000000001B
:043CA600000000001A
:043CA7000000000019
:043CA8000000000018
:043CA9000000000017
:043CAA000000000016
:043CAB000000000015
:043CAC000000000014
:043CAD000000000013
:043CAE000000000012
:043CAF000000000011
:043CB0000000000010
:043CB100000000000F
:043CB200000000000E
:043CB300000000000D
:043CB400000000000C
:043CB500000000000B
:043CB600000000000A
:043CB7000000000009
:043CB8000000000008
:043CB9000000000007
:043CBA000000000006
:043CBB000000000005
:043CBC000000000004
:043CBD000000000003
:043CBE000000000002
:043CBF000000000001
:043CC0000000000000
:043CC10000000000FF
:043CC20000000000FE
:043CC30000000000FD
:043CC40000000000FC
:043CC50000000000FB
:043CC60000000000FA
:043CC70000000000F9
:043CC80000000000F8
:043CC90000000000F7
:043CCA0000000000F6
:043CCB0000000000F5
:043CCC0000000000F4
:043CCD0000000000F3
:043CCE0000000000F2
:043CCF0000000000F1
:043CD00000000000F0
:043CD10000000000EF
:043CD20000000000EE
:043CD30000000000ED
:043CD40000000000EC
:043CD50000000000EB
:043CD60000000000EA
:043CD70000000000E9
:043CD80000000000E8
:043CD90000000000E7
:043CDA0000000000E6
:043CDB0000000000E5
:043CDC0000000000E4
:043CDD0000000000E3
:043CDE0000000000E2
:043CDF0000000000E1
:043CE00000000000E0
:043CE10000000000DF
:043CE20000000000DE
:043CE30000000000DD
:043CE40000000000DC
:043CE50000000000DB
:043CE60000000000DA
:043CE70000000000D9
:043CE80000000000D8
:043CE90000000000D7
:043CEA0000000000D6
:043CEB0000000000D5
:043CEC0000000000D4
:043CED0000000000D3
:043CEE0000000000D2
:043CEF0000000000D1
:043CF00000000000D0
:043CF10000000000CF
:043CF20000000000CE
:043CF30000000000CD
:043CF40000000000CC
:043CF50000000000CB
:043CF60000000000CA
:043CF70000000000C9
:043CF80000000000C8
:043CF90000000000C7
:043CFA0000000000C6
:043CFB0000000000C5
:043CFC0000000000C4
:043CFD0000000000C3
:043CFE0000000000C2
:043CFF0000000000C1
:043D000000000000BF
:043D010000000000BE
:043D020000000000BD
:043D030000000000BC
:043D040000000000BB
:043D050000000000BA
:043D060000000000B9
:043D070000000000B8
:043D080000000000B7
:043D090000000000B6
:043D0A0000000000B5
:043D0B0000000000B4
:043D0C0000000000B3
:043D0D0000000000B2
:043D0E0000000000B1
:043D0F0000000000B0
:043D100000000000AF
:043D110000000000AE
:043D120000000000AD
:043D130000000000AC
:043D140000000000AB
:043D150000000000AA
:043D160000000000A9
:043D170000000000A8
:043D180000000000A7
:043D190000000000A6
:043D1A0000000000A5
:043D1B0000000000A4
:043D1C0000000000A3
:043D1D0000000000A2
:043D1E0000000000A1
:043D1F0000000000A0
:043D2000000000009F
:043D2100000000009E
:043D2200000000009D
:043D2300000000009C
:043D2400000000009B
:043D2500000000009A
:043D26000000000099
:043D27000000000098
:043D28000000000097
:043D29000000000096
:043D2A000000000095
:043D2B000000000094
:043D2C000000000093
:043D2D000000000092
:043D2E000000000091
:043D2F000000000090
:043D3000000000008F
:043D3100000000008E
:043D3200000000008D
:043D3300000000008C
:043D3400000000008B
:043D3500000000008A
:043D36000000000089
:043D37000000000088
:043D38000000000087
:043D39000000000086
:043D3A000000000085
:043D3B000000000084
:043D3C000000000083
:043D3D000000000082
:043D3E000000000081
:043D3F000000000080
:043D4000000000007F
:043D4100000000007E
:043D4200000000007D
:043D4300000000007C
:043D4400000000007B
:043D4500000000007A
:043D46000000000079
:043D47000000000078
:043D48000000000077
:043D49000000000076
:043D4A000000000075
:043D4B000000000074
:043D4C000000000073
:043D4D000000000072
:043D4E000000000071
:043D4F000000000070
:043D5000000000006F
:043D5100000000006E
:043D5200000000006D
:043D5300000000006C
:043D5400000000006B
:043D5500000000006A
:043D56000000000069
:043D57000000000068
:043D58000000000067
:043D59000000000066
:043D5A000000000065
:043D5B000000000064
:043D5C000000000063
:043D5D000000000062
:043D5E000000000061
:043D5F000000000060
:043D6000000000005F
:043D6100000000005E
:043D6200000000005D
:043D6300000000005C
:043D6400000000005B
:043D6500000000005A
:043D66000000000059
:043D67000000000058
:043D68000000000057
:043D69000000000056
:043D6A000000000055
:043D6B000000000054
:043D6C000000000053
:043D6D000000000052
:043D6E000000000051
:043D6F000000000050
:043D7000000000004F
:043D7100000000004E
:043D7200000000004D
:043D7300000000004C
:043D7400000000004B
:043D7500000000004A
:043D76000000000049
:043D77000000000048
:043D78000000000047
:043D79000000000046
:043D7A000000000045
:043D7B000000000044
:043D7C000000000043
:043D7D000000000042
:043D7E000000000041
:043D7F000000000040
:043D8000000000003F
:043D8100000000003E
:043D8200000000003D
:043D8300000000003C
:043D8400000000003B
:043D8500000000003A
:043D86000000000039
:043D87000000000038
:043D88000000000037
:043D89000000000036
:043D8A000000000035
:043D8B000000000034
:043D8C000000000033
:043D8D000000000032
:043D8E000000000031
:043D8F000000000030
:043D9000000000002F
:043D9100000000002E
:043D9200000000002D
:043D9300000000002C
:043D9400000000002B
:043D9500000000002A
:043D96000000000029
:043D97000000000028
:043D98000000000027
:043D99000000000026
:043D9A000000000025
:043D9B000000000024
:043D9C000000000023
:043D9D000000000022
:043D9E000000000021
:043D9F000000000020
:043DA000000000001F
:043DA100000000001E
:043DA200000000001D
:043DA300000000001C
:043DA400000000001B
:043DA500000000001A
:043DA6000000000019
:043DA7000000000018
:043DA8000000000017
:043DA9000000000016
:043DAA000000000015
:043DAB000000000014
:043DAC000000000013
:043DAD000000000012
:043DAE000000000011
:043DAF000000000010
:043DB000000000000F
:043DB100000000000E
:043DB200000000000D
:043DB300000000000C
:043DB400000000000B
:043DB500000000000A
:043DB6000000000009
:043DB7000000000008
:043DB8000000000007
:043DB9000000000006
:043DBA000000000005
:043DBB000000000004
:043DBC000000000003
:043DBD000000000002
:043DBE000000000001
:043DBF000000000000
:043DC00000000000FF
:043DC10000000000FE
:043DC20000000000FD
:043DC30000000000FC
:043DC40000000000FB
:043DC50000000000FA
:043DC60000000000F9
:043DC70000000000F8
:043DC80000000000F7
:043DC90000000000F6
:043DCA0000000000F5
:043DCB0000000000F4
:043DCC0000000000F3
:043DCD0000000000F2
:043DCE0000000000F1
:043DCF0000000000F0
:043DD00000000000EF
:043DD10000000000EE
:043DD20000000000ED
:043DD30000000000EC
:043DD40000000000EB
:043DD50000000000EA
:043DD60000000000E9
:043DD70000000000E8
:043DD80000000000E7
:043DD90000000000E6
:043DDA0000000000E5
:043DDB0000000000E4
:043DDC0000000000E3
:043DDD0000000000E2
:043DDE0000000000E1
:043DDF0000000000E0
:043DE00000000000DF
:043DE10000000000DE
:043DE20000000000DD
:043DE30000000000DC
:043DE40000000000DB
:043DE50000000000DA
:043DE60000000000D9
:043DE70000000000D8
:043DE80000000000D7
:043DE90000000000D6
:043DEA0000000000D5
:043DEB0000000000D4
:043DEC0000000000D3
:043DED0000000000D2
:043DEE0000000000D1
:043DEF0000000000D0
:043DF00000000000CF
:043DF10000000000CE
:043DF20000000000CD
:043DF30000000000CC
:043DF40000000000CB
:043DF50000000000CA
:043DF60000000000C9
:043DF70000000000C8
:043DF80000000000C7
:043DF90000000000C6
:043DFA0000000000C5
:043DFB0000000000C4
:043DFC0000000000C3
:043DFD0000000000C2
:043DFE0000000000C1
:043DFF0000000000C0
:043E000000000000BE
:043E010000000000BD
:043E020000000000BC
:043E030000000000BB
:043E040000000000BA
:043E050000000000B9
:043E060000000000B8
:043E070000000000B7
:043E080000000000B6
:043E090000000000B5
:043E0A0000000000B4
:043E0B0000000000B3
:043E0C0000000000B2
:043E0D0000000000B1
:043E0E0000000000B0
:043E0F0000000000AF
:043E100000000000AE
:043E110000000000AD
:043E120000000000AC
:043E130000000000AB
:043E140000000000AA
:043E150000000000A9
:043E160000000000A8
:043E170000000000A7
:043E180000000000A6
:043E190000000000A5
:043E1A0000000000A4
:043E1B0000000000A3
:043E1C0000000000A2
:043E1D0000000000A1
:043E1E0000000000A0
:043E1F00000000009F
:043E2000000000009E
:043E2100000000009D
:043E2200000000009C
:043E2300000000009B
:043E2400000000009A
:043E25000000000099
:043E26000000000098
:043E27000000000097
:043E28000000000096
:043E29000000000095
:043E2A000000000094
:043E2B000000000093
:043E2C000000000092
:043E2D000000000091
:043E2E000000000090
:043E2F00000000008F
:043E3000000000008E
:043E3100000000008D
:043E3200000000008C
:043E3300000000008B
:043E3400000000008A
:043E35000000000089
:043E36000000000088
:043E37000000000087
:043E38000000000086
:043E39000000000085
:043E3A000000000084
:043E3B000000000083
:043E3C000000000082
:043E3D000000000081
:043E3E000000000080
:043E3F00000000007F
:043E4000000000007E
:043E4100000000007D
:043E4200000000007C
:043E4300000000007B
:043E4400000000007A
:043E45000000000079
:043E46000000000078
:043E47000000000077
:043E48000000000076
:043E49000000000075
:043E4A000000000074
:043E4B000000000073
:043E4C000000000072
:043E4D000000000071
:043E4E000000000070
:043E4F00000000006F
:043E5000000000006E
:043E5100000000006D
:043E5200000000006C
:043E5300000000006B
:043E5400000000006A
:043E55000000000069
:043E56000000000068
:043E57000000000067
:043E58000000000066
:043E59000000000065
:043E5A000000000064
:043E5B000000000063
:043E5C000000000062
:043E5D000000000061
:043E5E000000000060
:043E5F00000000005F
:043E6000000000005E
:043E6100000000005D
:043E6200000000005C
:043E6300000000005B
:043E6400000000005A
:043E65000000000059
:043E66000000000058
:043E67000000000057
:043E68000000000056
:043E69000000000055
:043E6A000000000054
:043E6B000000000053
:043E6C000000000052
:043E6D000000000051
:043E6E000000000050
:043E6F00000000004F
:043E7000000000004E
:043E7100000000004D
:043E7200000000004C
:043E7300000000004B
:043E7400000000004A
:043E75000000000049
:043E76000000000048
:043E77000000000047
:043E78000000000046
:043E79000000000045
:043E7A000000000044
:043E7B000000000043
:043E7C000000000042
:043E7D000000000041
:043E7E000000000040
:043E7F00000000003F
:043E8000000000003E
:043E8100000000003D
:043E8200000000003C
:043E8300000000003B
:043E8400000000003A
:043E85000000000039
:043E86000000000038
:043E87000000000037
:043E88000000000036
:043E89000000000035
:043E8A000000000034
:043E8B000000000033
:043E8C000000000032
:043E8D000000000031
:043E8E000000000030
:043E8F00000000002F
:043E9000000000002E
:043E9100000000002D
:043E9200000000002C
:043E9300000000002B
:043E9400000000002A
:043E95000000000029
:043E96000000000028
:043E97000000000027
:043E98000000000026
:043E99000000000025
:043E9A000000000024
:043E9B000000000023
:043E9C000000000022
:043E9D000000000021
:043E9E000000000020
:043E9F00000000001F
:043EA000000000001E
:043EA100000000001D
:043EA200000000001C
:043EA300000000001B
:043EA400000000001A
:043EA5000000000019
:043EA6000000000018
:043EA7000000000017
:043EA8000000000016
:043EA9000000000015
:043EAA000000000014
:043EAB000000000013
:043EAC000000000012
:043EAD000000000011
:043EAE000000000010
:043EAF00000000000F
:043EB000000000000E
:043EB100000000000D
:043EB200000000000C
:043EB300000000000B
:043EB400000000000A
:043EB5000000000009
:043EB6000000000008
:043EB7000000000007
:043EB8000000000006
:043EB9000000000005
:043EBA000000000004
:043EBB000000000003
:043EBC000000000002
:043EBD000000000001
:043EBE000000000000
:043EBF0000000000FF
:043EC00000000000FE
:043EC10000000000FD
:043EC20000000000FC
:043EC30000000000FB
:043EC40000000000FA
:043EC50000000000F9
:043EC60000000000F8
:043EC70000000000F7
:043EC80000000000F6
:043EC90000000000F5
:043ECA0000000000F4
:043ECB0000000000F3
:043ECC0000000000F2
:043ECD0000000000F1
:043ECE0000000000F0
:043ECF0000000000EF
:043ED00000000000EE
:043ED10000000000ED
:043ED20000000000EC
:043ED30000000000EB
:043ED40000000000EA
:043ED50000000000E9
:043ED60000000000E8
:043ED70000000000E7
:043ED80000000000E6
:043ED90000000000E5
:043EDA0000000000E4
:043EDB0000000000E3
:043EDC0000000000E2
:043EDD0000000000E1
:043EDE0000000000E0
:043EDF0000000000DF
:043EE00000000000DE
:043EE10000000000DD
:043EE20000000000DC
:043EE30000000000DB
:043EE40000000000DA
:043EE50000000000D9
:043EE60000000000D8
:043EE70000000000D7
:043EE80000000000D6
:043EE90000000000D5
:043EEA0000000000D4
:043EEB0000000000D3
:043EEC0000000000D2
:043EED0000000000D1
:043EEE0000000000D0
:043EEF0000000000CF
:043EF00000000000CE
:043EF10000000000CD
:043EF20000000000CC
:043EF30000000000CB
:043EF40000000000CA
:043EF50000000000C9
:043EF60000000000C8
:043EF70000000000C7
:043EF80000000000C6
:043EF90000000000C5
:043EFA0000000000C4
:043EFB0000000000C3
:043EFC0000000000C2
:043EFD0000000000C1
:043EFE0000000000C0
:043EFF0000000000BF
:043F000000000000BD
:043F010000000000BC
:043F020000000000BB
:043F030000000000BA
:043F040000000000B9
:043F050000000000B8
:043F060000000000B7
:043F070000000000B6
:043F080000000000B5
:043F090000000000B4
:043F0A0000000000B3
:043F0B0000000000B2
:043F0C0000000000B1
:043F0D0000000000B0
:043F0E0000000000AF
:043F0F0000000000AE
:043F100000000000AD
:043F110000000000AC
:043F120000000000AB
:043F130000000000AA
:043F140000000000A9
:043F150000000000A8
:043F160000000000A7
:043F170000000000A6
:043F180000000000A5
:043F190000000000A4
:043F1A0000000000A3
:043F1B0000000000A2
:043F1C0000000000A1
:043F1D0000000000A0
:043F1E00000000009F
:043F1F00000000009E
:043F2000000000009D
:043F2100000000009C
:043F2200000000009B
:043F2300000000009A
:043F24000000000099
:043F25000000000098
:043F26000000000097
:043F27000000000096
:043F28000000000095
:043F29000000000094
:043F2A000000000093
:043F2B000000000092
:043F2C000000000091
:043F2D000000000090
:043F2E00000000008F
:043F2F00000000008E
:043F3000000000008D
:043F3100000000008C
:043F3200000000008B
:043F3300000000008A
:043F34000000000089
:043F35000000000088
:043F36000000000087
:043F37000000000086
:043F38000000000085
:043F39000000000084
:043F3A000000000083
:043F3B000000000082
:043F3C000000000081
:043F3D000000000080
:043F3E00000000007F
:043F3F00000000007E
:043F4000000000007D
:043F4100000000007C
:043F4200000000007B
:043F4300000000007A
:043F44000000000079
:043F45000000000078
:043F46000000000077
:043F47000000000076
:043F48000000000075
:043F49000000000074
:043F4A000000000073
:043F4B000000000072
:043F4C000000000071
:043F4D000000000070
:043F4E00000000006F
:043F4F00000000006E
:043F5000000000006D
:043F5100000000006C
:043F5200000000006B
:043F5300000000006A
:043F54000000000069
:043F55000000000068
:043F56000000000067
:043F57000000000066
:043F58000000000065
:043F59000000000064
:043F5A000000000063
:043F5B000000000062
:043F5C000000000061
:043F5D000000000060
:043F5E00000000005F
:043F5F00000000005E
:043F6000000000005D
:043F6100000000005C
:043F6200000000005B
:043F6300000000005A
:043F64000000000059
:043F65000000000058
:043F66000000000057
:043F67000000000056
:043F68000000000055
:043F69000000000054
:043F6A000000000053
:043F6B000000000052
:043F6C000000000051
:043F6D000000000050
:043F6E00000000004F
:043F6F00000000004E
:043F7000000000004D
:043F7100000000004C
:043F7200000000004B
:043F7300000000004A
:043F74000000000049
:043F75000000000048
:043F76000000000047
:043F77000000000046
:043F78000000000045
:043F79000000000044
:043F7A000000000043
:043F7B000000000042
:043F7C000000000041
:043F7D000000000040
:043F7E00000000003F
:043F7F00000000003E
:043F8000000000003D
:043F8100000000003C
:043F8200000000003B
:043F8300000000003A
:043F84000000000039
:043F85000000000038
:043F86000000000037
:043F87000000000036
:043F88000000000035
:043F89000000000034
:043F8A000000000033
:043F8B000000000032
:043F8C000000000031
:043F8D000000000030
:043F8E00000000002F
:043F8F00000000002E
:043F9000000000002D
:043F9100000000002C
:043F9200000000002B
:043F9300000000002A
:043F94000000000029
:043F95000000000028
:043F96000000000027
:043F97000000000026
:043F98000000000025
:043F99000000000024
:043F9A000000000023
:043F9B000000000022
:043F9C000000000021
:043F9D000000000020
:043F9E00000000001F
:043F9F00000000001E
:043FA000000000001D
:043FA100000000001C
:043FA200000000001B
:043FA300000000001A
:043FA4000000000019
:043FA5000000000018
:043FA6000000000017
:043FA7000000000016
:043FA8000000000015
:043FA9000000000014
:043FAA000000000013
:043FAB000000000012
:043FAC000000000011
:043FAD000000000010
:043FAE00000000000F
:043FAF00000000000E
:043FB000000000000D
:043FB100000000000C
:043FB200000000000B
:043FB300000000000A
:043FB4000000000009
:043FB5000000000008
:043FB6000000000007
:043FB7000000000006
:043FB8000000000005
:043FB9000000000004
:043FBA000000000003
:043FBB000000000002
:043FBC000000000001
:043FBD000000000000
:043FBE0000000000FF
:043FBF0000000000FE
:043FC00000000000FD
:043FC10000000000FC
:043FC20000000000FB
:043FC30000000000FA
:043FC40000000000F9
:043FC50000000000F8
:043FC60000000000F7
:043FC70000000000F6
:043FC80000000000F5
:043FC90000000000F4
:043FCA0000000000F3
:043FCB0000000000F2
:043FCC0000000000F1
:043FCD0000000000F0
:043FCE0000000000EF
:043FCF0000000000EE
:043FD00000000000ED
:043FD10000000000EC
:043FD20000000000EB
:043FD30000000000EA
:043FD40000000000E9
:043FD50000000000E8
:043FD60000000000E7
:043FD70000000000E6
:043FD80000000000E5
:043FD90000000000E4
:043FDA0000000000E3
:043FDB0000000000E2
:043FDC0000000000E1
:043FDD0000000000E0
:043FDE0000000000DF
:043FDF0000000000DE
:043FE00000000000DD
:043FE10000000000DC
:043FE20000000000DB
:043FE30000000000DA
:043FE40000000000D9
:043FE50000000000D8
:043FE60000000000D7
:043FE70000000000D6
:043FE80000000000D5
:043FE90000000000D4
:043FEA0000000000D3
:043FEB0000000000D2
:043FEC0000000000D1
:043FED0000000000D0
:043FEE0000000000CF
:043FEF0000000000CE
:043FF00000000000CD
:043FF10000000000CC
:043FF20000000000CB
:043FF30000000000CA
:043FF40000000000C9
:043FF50000000000C8
:043FF60000000000C7
:043FF70000000000C6
:043FF80000000000C5
:043FF90000000000C4
:043FFA0000000000C3
:043FFB0000000000C2
:043FFC0000000000C1
:043FFD0000000000C0
:043FFE0000000000BF
:043FFF0000000000BE
:00000001FF
